attack_chain,uuid,process_name,timestamp,label
trace_3.2_fail, D241A047-3AF2-777E-C4DB-B19AE7F834C4, firefox, 2018-04-10 08:50:04, contaminated
trace_3.2_fail, D9CBEE33-DE11-0039-FCF5-3EA21B3B1461, firefox, 2018-04-10 09:41:19, contaminated
trace_3.2_fail, 5ACEC474-013F-0EB4-CC87-0FB433106239, firefox, 2018-04-10 09:41:23, contaminated
trace_3.2_fail, 34043886-1C50-13B6-765A-315CEDDA1D19, firefox, 2018-04-10 09:41:23, contaminated
trace_3.2_fail, B28F4ACB-10CA-6777-16BF-9C01438E11DF, firefox, 2018-04-10 09:41:23, contaminated
trace_3.2_fail, 105B51B9-3382-DA9C-CA8C-46760E196352, firefox, 2018-04-10 09:41:23, contaminated
trace_3.2_fail, 3C9F6062-FAF2-B7EC-1DC3-7963A120638B, firefox, 2018-04-10 09:41:23, contaminated
trace_3.2_fail, 329446CA-98EA-04FB-18CC-675AF1073995, firefox, 2018-04-10 09:41:23, contaminated
trace_3.2_fail, 34D9D813-7A18-1B03-5A79-1A09529A5F2F, firefox, 2018-04-10 09:41:23, contaminated
trace_3.2_fail, 92435D07-2D26-C4A8-CFA5-BAD0FD1BB331, firefox, 2018-04-10 09:41:23, contaminated
trace_3.2_fail, F836629E-CDC0-7C4C-3A53-00D2CC3E8C3A, firefox, 2018-04-10 09:41:23, contaminated
trace_3.2_fail, AB4E1830-C70A-7AA2-9EBF-C55C06E046B2, firefox, 2018-04-10 09:41:23, contaminated
trace_3.2_fail, 4283190C-E518-2CF6-18FF-C37C04FE4194, firefox, 2018-04-10 09:41:23, contaminated
trace_3.2_fail, C16C53C1-7D4B-1B3A-58F2-EEC8505DE6D0, firefox, 2018-04-10 09:41:23, contaminated
trace_3.2_fail, D288E3D2-9B7B-EFE6-A0F2-4D2834DF2A06, firefox, 2018-04-10 09:41:23, contaminated
trace_3.2_fail, E88EF6BA-9E7D-77B6-4C9C-192B14A8B197, firefox, 2018-04-10 09:41:23, contaminated
trace_3.2_fail, E955B269-3BBC-D4E7-BAAE-0076CCED644D, firefox, 2018-04-10 09:41:23, contaminated
trace_3.2_fail, 919CA5A0-D517-4C06-02E6-DDA4359B95EF, firefox, 2018-04-10 09:41:23, contaminated
trace_3.2_fail, 7DF613D0-C4E3-414A-6B81-CCF0C16EC966, firefox, 2018-04-10 09:41:23, contaminated
trace_3.2_fail, 83C4618A-4F72-AB61-E84D-51907DC3B362, firefox, 2018-04-10 09:41:23, contaminated
trace_3.2_fail, 1C5EBDF9-558B-1843-1332-5FB8E4E65EAC, firefox, 2018-04-10 09:41:23, contaminated
trace_3.2_fail, EC60E3A4-C814-9A42-1536-E5906EF3873C, firefox, 2018-04-10 09:41:23, contaminated
trace_3.2_fail, C7B82471-CCBD-D34E-088C-FBE3E80FFF18, firefox, 2018-04-10 09:41:23, contaminated
trace_3.2_fail, 330BD307-B040-7970-A7E8-EF66103CA663, firefox, 2018-04-10 09:41:23, contaminated
trace_3.2_fail, ADF0456A-F969-5B37-70C5-E6D4C61F6AB4, firefox, 2018-04-10 09:41:23, contaminated
trace_3.2_fail, 060F9893-EB92-FBFC-C5A7-D1B6FBEC0368, firefox, 2018-04-10 09:41:23, contaminated
trace_3.2_fail, 9F3B3EA9-C1DA-A915-5354-765E189FB683, firefox, 2018-04-10 09:41:23, contaminated
trace_3.2_fail, 06BD5DEA-AB2B-1BD6-7BDD-A15B9C0F0C3B, firefox, 2018-04-10 09:41:23, contaminated
trace_3.2_fail, 2838211D-0CC6-E45A-49B3-6771D9E7B93B, firefox, 2018-04-10 09:41:23, contaminated
trace_3.2_fail, 3A98D25C-9B02-D14E-993A-C634F129B179, firefox, 2018-04-10 09:41:23, contaminated
trace_3.2_fail, 1BD0D9B2-7D4A-A295-3BB3-D3B2748BA763, firefox, 2018-04-10 09:41:23, contaminated
trace_3.2_fail, DBFBFFCA-33BC-FBE4-7782-ECDBCA1C0590, firefox, 2018-04-10 09:41:23, contaminated
trace_3.2_fail, 366E63C7-621C-0225-0E7C-810A3E019AD0, firefox, 2018-04-10 09:41:23, contaminated
trace_3.2_fail, AA31DD0F-FD90-9901-5280-661AC5413C5F, firefox, 2018-04-10 09:41:23, contaminated
trace_3.2_fail, 02329B32-4FFF-CF95-4042-AD205EBC8BC8, firefox, 2018-04-10 09:41:23, contaminated
trace_3.2_fail, DF597F0D-F955-7526-1C85-C31ADBC5484F, firefox, 2018-04-10 09:41:23, contaminated
trace_3.2_fail, 49E24F2C-5978-2217-CAEB-73BF9C4CD8A9, firefox, 2018-04-10 09:41:23, contaminated
trace_3.2_fail, F73C00FE-61AD-8CDC-572A-47C02680957D, firefox, 2018-04-10 09:41:23, contaminated
trace_3.2_fail, 4102BD67-1607-1F5D-5AEE-22721F85BDDE, firefox, 2018-04-10 09:41:23, contaminated
trace_3.2_fail, EB17A87C-0C89-64C9-7044-42A9C6829965, firefox, 2018-04-10 09:41:23, contaminated
trace_3.2_fail, 57DCBEDB-098B-F7DA-B84D-E350FB31EC5F, firefox, 2018-04-10 09:41:23, contaminated
trace_3.2_fail, 23AF687D-FA7E-2D85-A6DB-CACCFE0E4306, firefox, 2018-04-10 09:41:23, contaminated
trace_3.2_fail, A9EB6D0B-1CE2-A7CD-DF05-861BEC33F6F4, firefox, 2018-04-10 09:41:23, contaminated
trace_3.2_fail, E68B80A8-4328-8331-292C-6D8E264AF759, firefox, 2018-04-10 09:41:23, contaminated
trace_3.2_fail, F8145CF8-7405-D37A-385B-B2DB7ABC2EF3, firefox, 2018-04-10 09:41:23, contaminated
trace_3.2_fail, 2202C066-BC6E-EA02-4B63-28ACF9244911, firefox, 2018-04-10 09:41:23, contaminated
trace_3.2_fail, 32484054-7A14-4F31-5C99-41009EBF370B, firefox, 2018-04-10 09:41:23, contaminated
trace_3.2_fail, B91C3919-FA62-B4C5-9915-3BF6AEA647E7, firefox, 2018-04-10 09:41:23, contaminated
trace_3.2_fail, 387DFCBB-F037-6865-B1C8-788F67CF6EE8, firefox, 2018-04-10 09:41:23, contaminated
trace_3.2_fail, 9DD4A161-D7EB-43C6-71DC-F3C0D847A688, firefox, 2018-04-10 09:41:23, contaminated
trace_3.2_fail, 14D4D9D3-F520-541E-811B-BB8B1F18C0C4, firefox, 2018-04-10 09:41:23, contaminated
trace_3.2_fail, E54EFF24-1DCD-896A-4128-3AB4BFD56BE1, firefox, 2018-04-10 09:41:23, contaminated
trace_3.2_fail, 4A06AD00-BFAA-9B75-723C-A84D9661632F, firefox, 2018-04-10 09:41:23, contaminated
trace_3.2_fail, EA69F313-7984-C0C1-8ADA-AAAB25F0E0C2, firefox, 2018-04-10 09:41:23, contaminated
trace_3.2_fail, 7E63A089-36B1-6750-0FF6-CE59B4E73212, firefox, 2018-04-10 09:41:23, contaminated
trace_3.2_fail, F9F5EF83-1B9B-B5EB-586F-27A398D6BCFA, firefox, 2018-04-10 09:41:23, contaminated
trace_3.2_fail, 30B2651D-3717-2C34-309E-8DCD4CDCF859, firefox, 2018-04-10 09:41:23, contaminated
trace_3.2_fail, FD2C6ACC-5331-4C6F-2000-BC7B3AE0B9CB, firefox, 2018-04-10 09:41:23, contaminated
trace_3.2_fail, C3DED783-5B72-1E4C-9911-001BDF97D56C, firefox, 2018-04-10 09:41:23, contaminated
trace_3.2_fail, 2C7CCADA-5E43-CD6F-177C-91E1CFC24220, firefox, 2018-04-10 09:41:23, contaminated
trace_3.2_fail, 79A137D3-12BE-3A52-F31C-F0BD20ADE70D, firefox, 2018-04-10 09:41:23, contaminated
trace_3.2_fail, CEE64D6B-D9BC-195D-1CC4-B276DE504860, firefox, 2018-04-10 09:41:23, contaminated
trace_3.2_fail, 8BC92790-3408-29F3-90B3-3CF9C339CC74, firefox, 2018-04-10 09:41:23, contaminated
trace_3.2_fail, 9477CDF8-8939-FE78-7196-C3ECCEFD81AA, firefox, 2018-04-10 09:41:23, contaminated
trace_3.2_fail, C7722289-E620-4B9B-E15B-1BA6232FA520, firefox, 2018-04-10 09:41:23, contaminated
trace_3.2_fail, 197F8AFA-9D29-127B-07CE-611E07F44C93, firefox, 2018-04-10 09:41:23, contaminated
trace_3.2_fail, C8E6991F-DCAF-1A62-9F88-2A21EAAA8DA7, firefox, 2018-04-10 09:41:23, contaminated
trace_3.2_fail, EF234BA6-E8C3-F236-C6CD-A848BCA42D90, firefox, 2018-04-10 09:41:23, contaminated
trace_3.2_fail, 4B7149AC-42D0-3C5F-82CE-A4D30EBB278B, firefox, 2018-04-10 09:41:23, contaminated
trace_3.2_fail, EB810455-B0F0-E61C-E46A-50244A7E529B, firefox, 2018-04-10 09:41:23, contaminated
trace_3.2_fail, BEC27E79-B629-F6EB-18D5-C3B5D9BE2128, firefox, 2018-04-10 09:41:23, contaminated
trace_3.2_fail, C178E80D-794B-B429-15C0-FF084DA0EB69, firefox, 2018-04-10 09:41:23, contaminated
trace_3.2_fail, 8D0596FD-E507-8B9C-2FE0-7D375FA11A01, firefox, 2018-04-10 09:41:23, contaminated
trace_3.2_fail, F6A1126C-6D16-17C1-B1EE-9DBB850094C6, firefox, 2018-04-10 09:41:23, contaminated
trace_3.2_fail, 4B039E44-C5B0-E60B-27DF-05E293FFD792, firefox, 2018-04-10 09:41:23, contaminated
trace_3.2_fail, 3597CB72-BF25-A034-C0B9-7B2FD4F0D38F, firefox, 2018-04-10 09:41:23, contaminated
trace_3.2_fail, EC6E87F8-1D8E-B0A2-BE89-71216B7B3732, firefox, 2018-04-10 09:41:23, contaminated
trace_3.2_fail, 3BA6C289-26FA-35FC-87B4-37C70ABA4682, firefox, 2018-04-10 09:41:23, contaminated
trace_3.2_fail, 4A9DABA0-3F92-7938-4794-E7199C58F071, firefox, 2018-04-10 09:41:23, contaminated
trace_3.2_fail, E42DA9FE-07DA-C461-E3D6-305EFCFDB354, firefox, 2018-04-10 09:41:23, contaminated
trace_3.2_fail, 41DFAB9E-65D2-36CD-D8A0-B4C6388293C2, firefox, 2018-04-10 09:41:23, contaminated
trace_3.2_fail, FE0288C2-8434-96CB-1430-5F201C7659C8, firefox, 2018-04-10 09:41:23, contaminated
trace_3.2_fail, E52AACB5-79D6-86F3-83B2-B6B8A257F2CE, firefox, 2018-04-10 09:41:23, contaminated
trace_3.2_fail, 3FB44E8D-38AD-9192-D96F-419B1618A792, firefox, 2018-04-10 09:41:23, contaminated
trace_3.2_fail, 21A40983-8FCE-F80F-86AC-EB3395AAE57A, firefox, 2018-04-10 09:41:23, contaminated
trace_3.2_fail, E9B2A161-A40E-B8DF-E305-150D7644C36D, firefox, 2018-04-10 09:41:23, contaminated
trace_3.2_fail, 120654E8-296F-F32A-856B-B53E6175B11B, firefox, 2018-04-10 09:41:23, contaminated
trace_3.2_fail, ECEFBED2-5AAE-586B-0319-1C2134D18A16, firefox, 2018-04-10 09:41:23, contaminated
trace_3.2_fail, E02A5F0B-0C93-197D-58DB-7244183DC7F7, firefox, 2018-04-10 09:41:23, contaminated
trace_3.2_fail, FF77DD20-FBFA-00C9-A77F-D1F2BA6EF4D1, firefox, 2018-04-10 09:41:23, contaminated
trace_3.2_fail, A13262B6-8570-C568-51DB-7F08CCA85483, firefox, 2018-04-10 09:41:23, contaminated
trace_3.2_fail, 29EC0C30-13BE-86FF-939E-55DF9D1A7E1A, firefox, 2018-04-10 09:41:23, contaminated
trace_3.2_fail, B871DABE-9357-375A-EB19-5071055FE3D3, firefox, 2018-04-10 09:41:23, contaminated
trace_3.2_fail, 504E7F07-5837-07D3-0159-F1119E9CC554, firefox, 2018-04-10 09:41:23, contaminated
trace_3.2_fail, 78C10F34-7875-751F-0598-C9A91BAC4052, firefox, 2018-04-10 09:41:23, contaminated
trace_3.2_fail, 3BAD7676-040A-AC97-E427-91DE861463D9, firefox, 2018-04-10 09:41:23, contaminated
trace_3.2_fail, 7A2ADF16-C108-3A1E-6EA6-A00AAD7D7378, firefox, 2018-04-10 09:41:23, contaminated
trace_3.2_fail, E027DFB4-6265-C7B0-B462-B657D1D5FAA5, firefox, 2018-04-10 09:41:23, contaminated
trace_3.2_fail, 869FAFFE-25A4-0F8F-EE93-158D598AF893, firefox, 2018-04-10 09:41:23, contaminated
trace_3.2_fail, 9FA72C1D-2AE0-A235-12AE-ED4D8E21D01D, firefox, 2018-04-10 09:41:23, contaminated
trace_3.2_fail, F4B5D6AA-98D1-5059-00D1-5A58EF7A13C1, firefox, 2018-04-10 09:41:23, contaminated
trace_3.2_fail, 9C2D25ED-079C-0446-F171-AF1415264C9F, firefox, 2018-04-10 09:41:23, contaminated
trace_3.2_fail, 00E3A79C-0C45-9178-AF7E-76F28553D418, firefox, 2018-04-10 09:41:23, contaminated
trace_3.2_fail, EB5488CB-A5AA-1F26-8FD0-3972F0A63F58, firefox, 2018-04-10 09:41:23, contaminated
trace_3.2_fail, 37921EA5-DF94-28AA-930B-338912BF52E4, firefox, 2018-04-10 09:41:23, contaminated
trace_3.2_fail, 15AE5731-B998-3079-0403-EFAFE441924B, firefox, 2018-04-10 09:41:23, contaminated
trace_3.2_fail, 6C970ED7-1D95-8BA0-AE7D-C1779416338C, firefox, 2018-04-10 09:41:23, contaminated
trace_3.2_fail, EF8305B4-23B0-AD74-5C4B-08AF7B741FF3, firefox, 2018-04-10 09:41:23, contaminated
trace_3.2_fail, 2ABE3F5B-4CC7-4F64-E15E-6A3BBEEFD947, firefox, 2018-04-10 09:41:23, contaminated
trace_3.2_fail, 4ABE4BD2-5DCD-263B-220B-E318184635E8, firefox, 2018-04-10 09:41:23, contaminated
trace_3.2_fail, 939382BB-1CAF-A0FC-3261-252038071000, firefox, 2018-04-10 09:41:23, contaminated
trace_3.2_fail, 42C2568C-3BB1-ED5F-DCA9-5EF7BC88656D, firefox, 2018-04-10 09:41:23, contaminated
trace_3.2_fail, 93B026AD-95CF-9305-BF16-E484C155F007, firefox, 2018-04-10 09:41:23, contaminated
trace_3.2_fail, 5204AE3A-682C-16BF-55B8-9E113F5E9E92, firefox, 2018-04-10 09:41:23, contaminated
trace_3.2_fail, 2A11B20B-53D3-13A5-07B9-05AABA2C9733, firefox, 2018-04-10 09:41:23, contaminated
trace_3.2_fail, C14F4201-637F-D38C-8D4F-9E55E8246ECD, firefox, 2018-04-10 09:41:23, contaminated
trace_3.2_fail, 9FE41CAD-0BFF-2D6D-216D-6C19CCD86202, firefox, 2018-04-10 09:41:23, contaminated
trace_3.2_fail, 87FC7A73-2029-00E1-B207-AE9B3C18DAE0, firefox, 2018-04-10 09:41:23, contaminated
trace_3.2_fail, 977A1DAF-C636-D05F-46D7-8A9679B3F528, firefox, 2018-04-10 09:41:23, contaminated
trace_3.2_fail, E961CA52-3830-4567-292B-CCEE711171C6, firefox, 2018-04-10 09:41:23, contaminated
trace_3.2_fail, 25B52AD8-96A5-31E9-7A20-3E3B8255038E, firefox, 2018-04-10 09:41:23, contaminated
trace_3.2_fail, 1C3AA6B8-3B33-EB2E-FAF7-9ED6CDFF6A3C, firefox, 2018-04-10 09:41:23, contaminated
trace_3.2_fail, F29119FF-620C-56A0-83A3-3DF0D07E37B7, firefox, 2018-04-10 09:41:23, contaminated
trace_3.2_fail, C5D31389-3E9C-A99A-B622-BAC40BF2B3C2, firefox, 2018-04-10 09:41:23, contaminated
trace_3.2_fail, 52132422-1EF0-FCA1-2056-BC9FB96A0565, firefox, 2018-04-10 09:41:23, contaminated
trace_3.2_fail, BA7D9086-C5BD-34D6-D78E-969D76BD21FB, firefox, 2018-04-10 09:41:23, contaminated
trace_3.2_fail, E3E856E2-3134-F0AE-A474-D8F58309C5FB, firefox, 2018-04-10 09:41:23, contaminated
trace_3.2_fail, DF9A4104-16CF-D994-833C-76652E1EE1DD, firefox, 2018-04-10 09:41:23, contaminated
trace_3.2_fail, FED68F66-C949-ADFA-FAD2-8E99E78D4283, firefox, 2018-04-10 09:41:23, contaminated
trace_3.2_fail, 21F84318-EBD8-021E-CEA4-38EDB7AE4C86, firefox, 2018-04-10 09:41:23, contaminated
trace_3.2_fail, 16DA2C05-F603-58B0-3AB8-077863CE447D, firefox, 2018-04-10 09:41:23, contaminated
trace_3.2_fail, C982FF52-A44C-77FD-E25A-646803401A24, firefox, 2018-04-10 09:41:23, contaminated
trace_3.2_fail, E85FB035-A839-B045-01FB-5B708080B233, firefox, 2018-04-10 09:41:23, contaminated
trace_3.2_fail, 9E3AD090-1603-4E1A-245A-5813611FD4F6, firefox, 2018-04-10 09:41:23, contaminated
trace_3.2_fail, 9CB42ECB-D6BE-0139-ED90-53BE2E8C8B71, firefox, 2018-04-10 09:41:23, contaminated
trace_3.2_fail, C842CBD3-7777-CDED-C8C1-DA065E5CABA1, firefox, 2018-04-10 09:41:23, contaminated
trace_3.2_fail, C4B4984E-3AF1-4A65-B1BD-CA52A4FE5C42, firefox, 2018-04-10 09:41:23, contaminated
trace_3.2_fail, 4B175E06-AEA9-8A74-42A2-C189802ED877, firefox, 2018-04-10 09:41:23, contaminated
trace_3.2_fail, 1C187B74-C0B9-2C03-3F74-A9727678789A, firefox, 2018-04-10 09:41:23, contaminated
trace_3.2_fail, 0436029E-4956-3823-1935-EAD982D24B97, firefox, 2018-04-10 09:41:23, contaminated
trace_3.2_fail, EF494DE0-2466-FB1F-C3D5-7731E64C193E, firefox, 2018-04-10 09:41:23, contaminated
trace_3.2_fail, 3247BA77-41A2-990F-320A-88497BE06232, firefox, 2018-04-10 09:41:23, contaminated
trace_3.2_fail, F361EE12-D898-CFA3-356C-6998D171C253, firefox, 2018-04-10 09:41:23, contaminated
trace_3.2_fail, EA0D8F94-F224-A04F-56A9-2D7FAF761BB0, firefox, 2018-04-10 09:41:23, contaminated
trace_3.2_fail, 4243627A-EFBF-1D60-E952-77518B11CCC6, firefox, 2018-04-10 09:41:23, contaminated
trace_3.2_fail, F2A9CF48-7BAE-AA91-BF87-7FBC6A0FA655, firefox, 2018-04-10 09:41:23, contaminated
trace_3.2_fail, D405751D-E932-EFCC-53C3-24B6CCA54396, firefox, 2018-04-10 09:41:23, contaminated
trace_3.2_fail, 1D3C4DA0-520C-7E50-E478-BC89AB4898AF, firefox, 2018-04-10 09:41:23, contaminated
trace_3.2_fail, F8D117B8-746C-C3D0-EDD4-4B718770B751, firefox, 2018-04-10 09:41:23, contaminated
trace_3.2_fail, C5C5D67C-92E2-8545-A8BC-F9E11AB82DA7, firefox, 2018-04-10 09:41:23, contaminated
trace_3.2_fail, 7A87A16A-CC54-50BE-727F-49F1E8544AFA, firefox, 2018-04-10 09:41:23, contaminated
trace_3.2_fail, 4EE09572-DB70-E32B-21AF-C5432DD4B5C5, firefox, 2018-04-10 09:41:23, contaminated
trace_3.2_fail, B4B3DA47-EA81-2EA9-EC28-AAF12AA2CE06, firefox, 2018-04-10 09:41:23, contaminated
trace_3.2_fail, 8E400629-2FBF-EEDD-2FF7-C778F5288F01, firefox, 2018-04-10 09:41:23, contaminated
trace_3.2_fail, BBECFAC9-B185-813D-06D3-717ABEE10A9E, firefox, 2018-04-10 09:41:23, contaminated
trace_3.2_fail, 8AAA02DF-C2E4-50B0-2B0A-448273600B8A, firefox, 2018-04-10 09:41:23, contaminated
trace_3.2_fail, B91E75F1-C464-261F-7006-D0A314570EEA, firefox, 2018-04-10 09:41:23, contaminated
trace_3.2_fail, A88019CD-5F62-4E6B-F58F-305D3DC1042E, firefox, 2018-04-10 09:41:23, contaminated
trace_3.2_fail, E35CB613-A509-15A7-F374-853A83732902, firefox, 2018-04-10 09:41:23, contaminated
trace_3.2_fail, EC9933EA-CD1E-6587-51B0-44ABDBF3BA24, firefox, 2018-04-10 09:41:23, contaminated
trace_3.2_fail, 310111D7-1CFE-8DA5-6F69-6ED7F4D16AEB, firefox, 2018-04-10 09:41:23, contaminated
trace_3.2_fail, 5F0BF176-FE1A-8C97-8B04-7535DD385AB1, firefox, 2018-04-10 09:41:23, contaminated
trace_3.2_fail, A19EB158-D9E2-0FCE-4733-7118F7FDDD95, firefox, 2018-04-10 09:41:23, contaminated
trace_3.2_fail, 775B6764-AC39-85B1-2D38-0E53677BD816, firefox, 2018-04-10 09:41:23, contaminated
trace_3.2_fail, F5651749-6E36-B498-44E8-66258224B6B5, firefox, 2018-04-10 09:41:23, contaminated
trace_3.2_fail, 146A5F64-4164-7166-0A1B-AA3AACD525A2, firefox, 2018-04-10 09:41:23, contaminated
trace_3.2_fail, FF296789-E77F-1B4D-8EDA-6BF9C1270F1A, firefox, 2018-04-10 09:41:23, contaminated
trace_3.2_fail, 0E31ECE7-0591-70DA-E885-F1F9F86D368A, firefox, 2018-04-10 09:41:23, contaminated
trace_3.2_fail, 21ACABB3-B874-E5D9-E2BC-464DC6804255, firefox, 2018-04-10 09:41:23, contaminated
trace_3.2_fail, E20F6146-AFC8-7568-F480-72DB0148D062, firefox, 2018-04-10 09:41:23, contaminated
trace_3.2_fail, 5F2965F8-FC49-CD56-4F8A-F04F037E1914, firefox, 2018-04-10 09:41:23, contaminated
trace_3.2_fail, 2BCFE3EF-5742-F6B0-510F-6161341E2265, firefox, 2018-04-10 09:41:23, contaminated
trace_3.2_fail, 9D5F86D1-320D-8086-D1D3-A1A3E93E9C70, firefox, 2018-04-10 09:41:23, contaminated
trace_3.2_fail, 57452367-7F2C-FFEC-DA99-210732C54073, firefox, 2018-04-10 09:41:23, contaminated
trace_3.2_fail, 7FE2FF7C-8DF7-466F-7B8D-59AD73F0879C, firefox, 2018-04-10 09:41:23, contaminated
trace_3.2_fail, E90431AD-D0D3-1845-489C-2FAD23C9C07E, firefox, 2018-04-10 09:41:23, contaminated
trace_3.2_fail, DEAE3875-0A4C-7AA9-5A06-FF4C950AD4CF, firefox, 2018-04-10 09:41:23, contaminated
trace_3.2_fail, AE8AD549-246B-B0C2-D282-2C86A0FC4AAB, firefox, 2018-04-10 09:41:23, contaminated
trace_3.2_fail, 76B9CEE8-AF4F-E9AE-3B82-C45634336A99, firefox, 2018-04-10 09:41:23, contaminated
trace_3.2_fail, 47F73697-A594-C8E8-E596-DD688BAA83FB, firefox, 2018-04-10 09:41:23, contaminated
trace_3.2_fail, D122112A-1145-DCED-C68D-1867B53EAAB7, firefox, 2018-04-10 09:41:23, contaminated
trace_3.2_fail, 9EDD87FD-D89D-191F-5B75-622FE038FE32, firefox, 2018-04-10 09:41:23, contaminated
trace_3.2_fail, FCDF685B-C9BF-EA7F-66CC-DFEAF390B80D, firefox, 2018-04-10 09:41:23, contaminated
trace_3.2_fail, 333ADFBD-2508-B1DC-A69E-96BE99591010, firefox, 2018-04-10 09:41:23, contaminated
trace_3.2_fail, 4772ABB6-E297-DAC5-7CE9-3F8EBC40AD61, firefox, 2018-04-10 09:41:23, contaminated
trace_3.2_fail, 98483591-4CFB-9E07-21F3-3A8BD5EB22D8, firefox, 2018-04-10 09:41:23, contaminated
trace_3.2_fail, 9D190DB9-D7ED-C34C-DD74-F5503441DD3D, firefox, 2018-04-10 09:41:23, contaminated
trace_3.2_fail, C58E3479-31EF-62A5-C635-ADCF50B69370, firefox, 2018-04-10 09:41:23, contaminated
trace_3.2_fail, 53090D4A-75F2-3DA4-DAA8-CB34FC01DB58, firefox, 2018-04-10 09:41:23, contaminated
trace_3.2_fail, A2043E82-0F44-A1AF-1F45-B222A2DAABAE, firefox, 2018-04-10 09:41:23, contaminated
trace_3.2_fail, 3745963D-44C8-2186-CEFB-C7F101F48DD6, firefox, 2018-04-10 09:41:23, contaminated
trace_3.2_fail, 30BDFBAA-A976-079E-88C8-69117A4E1C57, firefox, 2018-04-10 09:41:23, contaminated
trace_3.2_fail, 109D8553-F039-2A8C-B094-EE8B8BD73AB0, firefox, 2018-04-10 09:41:23, contaminated
trace_3.2_fail, 4A2A24FE-E18B-FB7A-D55A-1A811D7E849D, firefox, 2018-04-10 09:41:23, contaminated
trace_3.2_fail, 0136A576-004C-9D9B-9821-F37B54797E26, firefox, 2018-04-10 09:41:23, contaminated
trace_3.2_fail, 6CE0E11D-150F-4A21-4FC3-6D54CF034BCB, firefox, 2018-04-10 09:41:23, contaminated
trace_3.2_fail, E6CE3348-12DF-17B8-4F3C-50E63DB65FA3, firefox, 2018-04-10 09:41:23, contaminated
trace_3.2_fail, CE624E9A-013A-B200-A90F-1606413C23CF, firefox, 2018-04-10 09:41:23, contaminated
trace_3.2_fail, 49FE92D5-A12F-317C-9E6D-C903B164FF42, firefox, 2018-04-10 09:41:23, contaminated
trace_3.2_fail, 42514A18-05C0-550F-8E8C-E815BE1D4947, firefox, 2018-04-10 09:41:23, contaminated
trace_3.2_fail, 2B1529D3-8C66-B00E-D1CD-618AF29297A4, firefox, 2018-04-10 09:41:23, contaminated
trace_3.2_fail, DBC6EC66-BB2C-17DD-E6AE-072685B3179C, firefox, 2018-04-10 09:41:23, contaminated
trace_3.2_fail, E04BB603-27FF-E060-6DD5-69C67FA9ED59, firefox, 2018-04-10 09:41:23, contaminated
trace_3.2_fail, AFB06A2D-1BBB-2597-B8AC-A515059DA76D, firefox, 2018-04-10 09:41:23, contaminated
trace_3.2_fail, 532B060B-0CB9-3049-0356-DC30903CA358, firefox, 2018-04-10 09:41:23, contaminated
trace_3.2_fail, 53F80B79-637F-6C3A-AC76-8553F0A6D99D, firefox, 2018-04-10 09:41:23, contaminated
trace_3.2_fail, 82D57977-B4B3-B245-2958-B497317AFCB0, firefox, 2018-04-10 09:41:23, contaminated
trace_3.2_fail, EF3DEDEE-B069-9B1F-431E-D85B1573C56F, firefox, 2018-04-10 09:41:23, contaminated
trace_3.2_fail, 50487F5F-A47D-CD4B-B01D-77A1892BE732, firefox, 2018-04-10 09:41:23, contaminated
trace_3.2_fail, 332C487C-13CD-E76D-36BE-638CA35DA8A3, firefox, 2018-04-10 09:41:23, contaminated
trace_3.2_fail, E5420244-EF53-3884-36EC-B1BFAE5005DC, firefox, 2018-04-10 09:41:23, contaminated
trace_3.2_fail, B06ADA9D-84A8-9376-B619-CA68952E7C09, firefox, 2018-04-10 09:41:23, contaminated
trace_3.2_fail, 9F41D3E2-B31B-C07E-08ED-FC3EE84FEF2C, firefox, 2018-04-10 09:41:23, contaminated
trace_3.2_fail, 8F323AB6-6E74-FBD0-2FA9-2BE6FF9355B9, firefox, 2018-04-10 09:41:23, contaminated
trace_3.2_fail, 5118EB2C-1A1B-C466-693D-4D95BFA8E590, firefox, 2018-04-10 09:41:23, contaminated
trace_3.2_fail, 60403600-7B5F-6FDF-F863-5D89B140898A, firefox, 2018-04-10 09:41:23, contaminated
trace_3.2_fail, E841F630-7ED0-C577-1FB1-7D4C7B42B744, firefox, 2018-04-10 09:41:23, contaminated
trace_3.2_fail, 9E5916CD-646D-2F06-0839-9AF9BE8387C6, firefox, 2018-04-10 09:41:23, contaminated
trace_3.2_fail, 5795F50A-03E4-770D-900B-7D56598EA8A6, firefox, 2018-04-10 09:41:23, contaminated
trace_3.2_fail, 35E4F185-E355-6061-8146-3A234811F29C, firefox, 2018-04-10 09:41:23, contaminated
trace_3.2_fail, 4FB7E371-DE55-40FB-D580-99E18CC583B6, firefox, 2018-04-10 09:41:23, contaminated
trace_3.2_fail, 2E4DC75E-3E1E-A37F-958A-25F881C89CF9, firefox, 2018-04-10 09:41:23, contaminated
trace_3.2_fail, 03DB164B-34DF-A64E-29F1-9F073FBEBB9B, firefox, 2018-04-10 09:41:23, contaminated
trace_3.2_fail, 3410E17C-0336-3D00-01FD-A904C5A9E3F5, firefox, 2018-04-10 09:41:23, contaminated
trace_3.2_fail, D8CAB406-2DC9-79E2-2517-2F25A2C46F22, firefox, 2018-04-10 09:41:23, contaminated
trace_3.2_fail, E66557AF-A422-5C27-EE16-8F87C9D21C4E, firefox, 2018-04-10 09:41:23, contaminated
trace_3.2_fail, 1E2949D4-37E2-B603-AAF3-3283E26F8D60, firefox, 2018-04-10 09:41:23, contaminated
trace_3.2_fail, F6EB65BC-AF31-4100-A0B1-15FB50B78453, firefox, 2018-04-10 09:41:23, contaminated
trace_3.2_fail, 0080FC5F-03BA-8299-85FF-4D7112666720, firefox, 2018-04-10 09:41:23, contaminated
trace_3.2_fail, C2D3BEA1-89F8-30E4-F698-A342D2D75404, firefox, 2018-04-10 09:41:23, contaminated
trace_3.2_fail, A1029470-BD87-E22D-E6C1-6E78D5886340, firefox, 2018-04-10 09:41:23, contaminated
trace_3.2_fail, FCDCFBA4-21CD-A7FA-C3FD-EEDD822906CB, firefox, 2018-04-10 09:41:23, contaminated
trace_3.2_fail, 0C68AF39-9223-09DE-85E0-AA4D688DC850, firefox, 2018-04-10 09:41:23, contaminated
trace_3.2_fail, 9ACD9E0F-9938-E4F7-9EAB-413C377A6BAD, firefox, 2018-04-10 09:41:23, contaminated
trace_3.2_fail, 10AFDABE-F18E-4240-1271-6BCA236B95A4, firefox, 2018-04-10 09:41:23, contaminated
trace_3.2_fail, 7A393E89-8CF4-B665-9FF7-EB16BCFB5DF7, firefox, 2018-04-10 09:41:23, contaminated
trace_3.2_fail, CF0073E6-8775-7C00-2F20-6AA66D1C84B8, firefox, 2018-04-10 09:41:23, contaminated
trace_3.2_fail, CC80420D-8CF4-5D0A-BD2C-9F382C81205C, firefox, 2018-04-10 09:41:23, contaminated
trace_3.2_fail, 482864EA-2B53-7EB2-8C11-C2FC92EBA1E4, firefox, 2018-04-10 09:41:23, contaminated
trace_3.2_fail, 7BA18691-8224-EA52-DF59-0425F0BFF2CD, firefox, 2018-04-10 09:41:23, contaminated
trace_3.2_fail, 35AAC3AB-4955-C62C-2C69-61FE46419DD5, firefox, 2018-04-10 09:41:23, contaminated
trace_3.2_fail, EB3021CF-4BD7-37A4-729E-C6C24FC9988B, firefox, 2018-04-10 09:41:23, contaminated
trace_3.2_fail, FB0B2E64-D9D4-B606-AA29-8C1E90BE64B7, firefox, 2018-04-10 09:41:23, contaminated
trace_3.2_fail, 57FE086B-4156-66B7-86EF-16C79FFDB2C5, firefox, 2018-04-10 09:41:23, contaminated
trace_3.2_fail, F997AB33-C0C6-E351-8331-DC0C7FB143CD, firefox, 2018-04-10 09:41:23, contaminated
trace_3.2_fail, BAE490B1-35FA-F1EB-6019-E3E72C169803, firefox, 2018-04-10 09:41:23, contaminated
trace_3.2_fail, C086F845-B1E2-1C9E-BBB8-CA59C739BC28, firefox, 2018-04-10 09:41:23, contaminated
trace_3.2_fail, 4097930C-B218-6873-C469-B485DD99201A, firefox, 2018-04-10 09:41:23, contaminated
trace_3.2_fail, 922C5842-D4A8-702C-3410-0EC947C6D876, firefox, 2018-04-10 09:41:23, contaminated
trace_3.2_fail, 16A5EAD2-412E-1D22-43C4-D1210EDBB601, firefox, 2018-04-10 09:41:23, contaminated
trace_3.2_fail, 087B3ADE-808F-ED58-5EB6-23176036D5DD, firefox, 2018-04-10 09:41:23, contaminated
trace_3.2_fail, 1D7B49CD-AACF-8BD3-5980-6367AA547D9F, firefox, 2018-04-10 09:41:23, contaminated
trace_3.2_fail, 84AB9BF6-404E-3EFB-1BB5-F1C13022D651, firefox, 2018-04-10 09:41:23, contaminated
trace_3.2_fail, BB06CFEA-106E-3A92-A812-6B6618A3CA46, firefox, 2018-04-10 09:41:23, contaminated
trace_3.2_fail, 402CDCC5-9CCF-7644-0982-883CE7A2B74D, firefox, 2018-04-10 09:41:23, contaminated
trace_3.2_fail, A92C3FB4-7246-C905-EBBE-0738EEED31B4, firefox, 2018-04-10 09:41:23, contaminated
trace_3.2_fail, 1144ADFA-DBE5-308F-CA08-DE7996217B48, firefox, 2018-04-10 09:41:23, contaminated
trace_3.2_fail, 96A4FD01-EAEB-9C23-53AC-3B48B095DC45, firefox, 2018-04-10 09:41:23, contaminated
trace_3.2_fail, 0D0903CA-0CBA-A9E5-75B3-93E1C5CC37B3, firefox, 2018-04-10 09:41:23, contaminated
trace_3.2_fail, 32D6F3D8-2CA0-B58B-D268-B2079A8C8C63, firefox, 2018-04-10 09:41:23, contaminated
trace_3.2_fail, 887A6688-866E-1248-A5A2-E3BD5A6982CA, firefox, 2018-04-10 09:41:23, contaminated
trace_3.2_fail, 06942575-BFF3-8B8E-7BD2-F075DD5FCF27, firefox, 2018-04-10 09:41:23, contaminated
trace_3.2_fail, EF1F7E47-DDD3-C107-0174-B0D6DC1E377B, firefox, 2018-04-10 09:41:23, contaminated
trace_3.2_fail, 0DE11EF4-BB01-1837-F89D-A6986027E55B, firefox, 2018-04-10 09:41:23, contaminated
trace_3.2_fail, 5E6DC429-9267-2736-FBC0-44D8E56825B3, firefox, 2018-04-10 09:41:23, contaminated
trace_3.2_fail, 04538312-72CB-DBD7-BAA6-A9CE5E50C843, firefox, 2018-04-10 09:41:23, contaminated
trace_3.2_fail, 3C1AA693-5EC4-77E9-83E3-2FA21A7FFD5C, firefox, 2018-04-10 09:41:23, contaminated
trace_3.2_fail, 46700140-126E-E7D6-1F8A-32EA4FEB3931, firefox, 2018-04-10 09:41:23, contaminated
trace_3.2_fail, 14FBEF14-39A7-4E90-9D09-C39253257A51, firefox, 2018-04-10 09:41:23, contaminated
trace_3.2_fail, 7F19CC5B-B67A-9241-B0F2-DFD948760E95, firefox, 2018-04-10 09:41:23, contaminated
trace_3.2_fail, EB46677E-494B-4A86-64D8-2A13E2780374, firefox, 2018-04-10 09:41:23, contaminated
trace_3.2_fail, 6E8CD8DD-5F99-DBF8-C7AC-AA1EE74FF948, firefox, 2018-04-10 09:41:23, contaminated
trace_3.2_fail, DE76E2B7-2A9B-B454-7E57-AC7C112EB3EE, firefox, 2018-04-10 09:41:23, contaminated
trace_3.2_fail, 571DED88-A38E-1B16-F7DA-18AF157F713D, firefox, 2018-04-10 09:41:23, contaminated
trace_3.2_fail, 2C75E03A-ECDC-02F9-70F6-26BF4637B110, firefox, 2018-04-10 09:41:23, contaminated
trace_3.2_fail, EBE90B81-9F96-1433-B8B3-4F0B215171BB, firefox, 2018-04-10 09:41:23, contaminated
trace_3.2_fail, A4DF554D-621D-8D53-81C2-96C969CCCFE2, firefox, 2018-04-10 09:41:23, contaminated
trace_3.2_fail, FD7A5BF2-4A99-F2BD-1B45-339B063C0279, firefox, 2018-04-10 09:41:23, contaminated
trace_3.2_fail, 5E66EC9E-85EF-957F-1C07-443A20C60806, firefox, 2018-04-10 09:41:23, contaminated
trace_3.2_fail, 7BBBD2F3-5811-7829-F5AD-79449D72D671, firefox, 2018-04-10 09:41:23, contaminated
trace_3.2_fail, 45740181-C26E-0887-5766-F869ADE8C5E7, firefox, 2018-04-10 09:41:23, contaminated
trace_3.2_fail, 7303A317-8931-D921-6FD4-524E51CF6408, firefox, 2018-04-10 09:41:23, contaminated
trace_3.2_fail, ED48ECDD-9231-A1D1-7359-EAEEAC762323, firefox, 2018-04-10 09:41:23, contaminated
trace_3.2_fail, FA70D105-0517-397C-6319-8EFA2FB7B73C, firefox, 2018-04-10 09:41:23, contaminated
trace_3.2_fail, 6EDA3D21-DEB0-8AD2-1D36-C0813342A3BC, firefox, 2018-04-10 09:41:23, contaminated
trace_3.2_fail, 8CB3697E-4150-5F91-DE78-B7D430ED33C9, firefox, 2018-04-10 09:41:23, contaminated
trace_3.2_fail, F6140BB8-345B-FB29-844A-0EA6A037CCF2, firefox, 2018-04-10 09:41:23, contaminated
trace_3.2_fail, 5FE574DF-4E34-5F80-CF7F-DB85ED6C20E6, firefox, 2018-04-10 09:41:23, contaminated
trace_3.2_fail, F11E1B35-49B8-5088-B898-CD7254543EC0, firefox, 2018-04-10 09:41:23, contaminated
trace_3.2_fail, B62664ED-BD09-2F28-829C-118A9EC74705, firefox, 2018-04-10 09:41:23, contaminated
trace_3.2_fail, 208AADBD-3B7D-4238-E877-1025C7BC1430, firefox, 2018-04-10 09:41:23, contaminated
trace_3.2_fail, 639EAA55-FBE4-2AF1-66F0-BC3FD34449FE, firefox, 2018-04-10 09:41:23, contaminated
trace_3.2_fail, 6129FDE6-12BF-69D4-3D38-0460991D7A43, firefox, 2018-04-10 09:41:23, contaminated
trace_3.2_fail, B1BCDB87-D167-9477-6B9B-8E0AE1E4DD47, firefox, 2018-04-10 09:41:23, contaminated
trace_3.2_fail, E21B3893-5883-3206-A259-3530A747DC84, firefox, 2018-04-10 09:41:23, contaminated
trace_3.2_fail, B296F8BA-E7A4-1727-2AF4-56F7B5E66C88, firefox, 2018-04-10 09:41:23, contaminated
trace_3.2_fail, C34CE06D-26B9-1E49-F9A8-039CE143FA0F, firefox, 2018-04-10 09:41:23, contaminated
trace_3.2_fail, 63F34E77-6AA4-3546-24DD-27E9A42EED98, firefox, 2018-04-10 09:41:23, contaminated
trace_3.2_fail, 9FB5D8F4-A316-326A-D695-B70AD9C317A7, firefox, 2018-04-10 09:41:23, contaminated
trace_3.2_fail, FD659908-B3D1-276B-BD87-1CB164D722D5, firefox, 2018-04-10 09:41:23, contaminated
trace_3.2_fail, 4718A11E-8506-35DB-0991-A8D113D70154, firefox, 2018-04-10 09:41:23, contaminated
trace_3.2_fail, 82773333-89C3-018A-6E86-F56823C8FB43, firefox, 2018-04-10 09:41:23, contaminated
trace_3.2_fail, E71A3E71-9B14-0A44-D30E-8CFFFA38416D, firefox, 2018-04-10 09:41:23, contaminated
trace_3.2_fail, C1A18968-3045-47E0-F53F-83E1799684E5, firefox, 2018-04-10 09:41:23, contaminated
trace_3.2_fail, 4247899B-9474-0EBD-5F4A-3A55CB8B39F2, firefox, 2018-04-10 09:41:23, contaminated
trace_3.2_fail, 8E322C06-3206-79D1-3D90-FF5D003CE995, firefox, 2018-04-10 09:41:23, contaminated
trace_3.2_fail, FD0FFCD6-A51A-5CD8-6D85-99148D2F77F1, firefox, 2018-04-10 09:41:23, contaminated
trace_3.2_fail, AB701463-F4CA-0310-808E-CFBD1BCF6761, firefox, 2018-04-10 09:41:23, contaminated
trace_3.2_fail, 2137B523-3176-52D0-FF79-55CE137213EE, firefox, 2018-04-10 09:41:23, contaminated
trace_3.2_fail, 49C2B79D-182A-5FE6-2F4E-900AD11207F6, firefox, 2018-04-10 09:41:23, contaminated
trace_3.2_fail, 45A56653-C72C-3781-2FAB-5260B64506DE, firefox, 2018-04-10 09:41:23, contaminated
trace_3.2_fail, EC9A90B5-0BE3-F8B8-EDB7-BB74BE8CAA6D, firefox, 2018-04-10 09:41:23, contaminated
trace_3.2_fail, A49BFE35-CB96-AEE6-74BC-54D9B8034791, firefox, 2018-04-10 09:41:23, contaminated
trace_3.2_fail, 6E7560B2-33A5-EF42-3C9C-1C6DD9B5A5FE, firefox, 2018-04-10 09:41:23, contaminated
trace_3.2_fail, B7C3A501-503A-4DA4-6B83-DF5720F612FA, firefox, 2018-04-10 09:41:23, contaminated
trace_3.2_fail, DB375172-8757-ED25-DE9B-206AE5E547F6, firefox, 2018-04-10 09:41:23, contaminated
trace_3.2_fail, 12808F51-2A49-58F9-782E-AB46D1CA5579, firefox, 2018-04-10 09:41:23, contaminated
trace_3.2_fail, A6A39297-987B-8026-3CC1-F3AE27CF825F, firefox, 2018-04-10 09:41:23, contaminated
trace_3.2_fail, 89CB9013-665C-3AA8-8477-5AD37F00154F, firefox, 2018-04-10 09:41:23, contaminated
trace_3.2_fail, D76A5FEC-E35C-259F-8F4E-28EC0ACF6B4B, firefox, 2018-04-10 09:41:23, contaminated
trace_3.2_fail, C0BCDB0B-F22E-A5D5-78A2-1D9D01370E42, firefox, 2018-04-10 09:41:23, contaminated
trace_3.2_fail, 8943507B-F790-8DA2-E3B6-B793FBFC66DB, firefox, 2018-04-10 09:41:23, contaminated
trace_3.2_fail, F9E60594-F0C1-0535-1070-DB4B7D5501D1, firefox, 2018-04-10 09:41:23, contaminated
trace_3.2_fail, 7CEC16A2-C1D8-5181-B99F-B5A782B6D7F9, firefox, 2018-04-10 09:41:23, contaminated
trace_3.2_fail, FC66FA90-E8E8-CE97-DFBD-7532F49C7171, firefox, 2018-04-10 09:41:23, contaminated
trace_3.2_fail, 5CB85AF3-B410-F956-04EC-48F3FF0B0ADA, firefox, 2018-04-10 09:41:23, contaminated
trace_3.2_fail, F9743297-C48B-B329-2BD3-EC9F3D55F47E, firefox, 2018-04-10 09:41:23, contaminated
trace_3.2_fail, 6E12DE73-B5CB-247E-9EA1-A9D115283FD9, firefox, 2018-04-10 09:41:23, contaminated
trace_3.2_fail, 797379D6-0045-220F-9B33-FCC2576C4D14, firefox, 2018-04-10 09:41:23, contaminated
trace_3.2_fail, FECE968F-0E34-D2AB-3CB2-646EA64726FF, firefox, 2018-04-10 09:41:23, contaminated
trace_3.2_fail, 2B8D5BB9-E6F0-F6A3-61AD-A9AA6C1260EC, firefox, 2018-04-10 09:41:23, contaminated
trace_3.2_fail, 0B25D0B0-1F42-DA23-5F90-80CF47AD5CB8, firefox, 2018-04-10 09:41:23, contaminated
trace_3.2_fail, C7884C35-4411-E834-1A29-A98B49883773, firefox, 2018-04-10 09:41:23, contaminated
trace_3.2_fail, 11AFED07-47F6-27D8-DEEC-CD55C23D1AED, firefox, 2018-04-10 09:41:23, contaminated
trace_3.2_fail, 176B4075-898F-3C42-432D-2DC1E7CD4D60, firefox, 2018-04-10 09:41:23, contaminated
trace_3.2_fail, B09C8E91-4BCC-77E9-0621-95E4DD44D107, firefox, 2018-04-10 09:41:23, contaminated
trace_3.2_fail, B95E99CC-C452-FF0A-EA1A-AE32E459022F, firefox, 2018-04-10 09:41:23, contaminated
trace_3.2_fail, 5E8FDC7A-1962-2129-75FD-1A8E5A099073, firefox, 2018-04-10 09:41:23, contaminated
trace_3.2_fail, 3C38242A-838E-54A1-E89E-9574788D2632, firefox, 2018-04-10 09:41:23, contaminated
trace_3.2_fail, CB34E8E6-FC29-958B-36B3-32CCD0ED7DB2, firefox, 2018-04-10 09:41:23, contaminated
trace_3.2_fail, 8977FE79-EA54-47D9-E46E-810DDB1BDECC, firefox, 2018-04-10 09:41:23, contaminated
trace_3.2_fail, 60FACE41-379A-867E-7CA3-175BCDA99BEB, firefox, 2018-04-10 09:41:23, contaminated
trace_3.2_fail, 80EC7660-B789-3798-9E5E-AFBED4F51A0F, firefox, 2018-04-10 09:41:23, contaminated
trace_3.2_fail, 165A9102-1E7B-7AD7-6590-C1C41C7AB3DA, firefox, 2018-04-10 09:41:23, contaminated
trace_3.2_fail, C0EE80A0-C050-0AC8-A3FF-063D8D1D73E3, firefox, 2018-04-10 09:41:23, contaminated
trace_3.2_fail, 926C7626-2F15-6E33-6C87-6003D60B58D7, firefox, 2018-04-10 09:41:23, contaminated
trace_3.2_fail, 617D21FA-47A4-F463-8CB5-BC5666CA84A9, firefox, 2018-04-10 09:41:23, contaminated
trace_3.2_fail, E867F2AB-6A45-BA51-7D14-D3670972BA7C, firefox, 2018-04-10 09:41:23, contaminated
trace_3.2_fail, 7FC807A6-2049-81DA-A744-F58B340B2206, firefox, 2018-04-10 09:41:23, contaminated
trace_3.2_fail, C88C5DA2-9642-9F03-3825-96D090AB95EF, firefox, 2018-04-10 09:41:23, contaminated
trace_3.2_fail, E5ED9731-FFCB-2AF9-DCEA-8498749EAD1A, firefox, 2018-04-10 09:41:23, contaminated
trace_3.2_fail, 305B5A59-B2C7-43DF-A654-E5E083B4D5FA, firefox, 2018-04-10 09:41:23, contaminated
trace_3.2_fail, FD686AF6-6C62-3B66-50CF-12AE6787A528, firefox, 2018-04-10 09:41:23, contaminated
trace_3.2_fail, 6251AB70-0491-3926-FB0E-1C4BB991125F, firefox, 2018-04-10 09:41:23, contaminated
trace_3.2_fail, 9283A048-153A-257A-8857-8E05CB27BFE0, firefox, 2018-04-10 09:41:23, contaminated
trace_3.2_fail, 371087CA-745C-CEFD-EA11-40B395647C75, firefox, 2018-04-10 09:41:23, contaminated
trace_3.2_fail, 393054B3-85C7-B6AB-5C8B-2D839B7ED166, firefox, 2018-04-10 09:41:23, contaminated
trace_3.2_fail, 93ECE10C-24A5-6F7B-A62E-1FAF8C0BCAC6, firefox, 2018-04-10 09:41:23, contaminated
trace_3.2_fail, D949F971-A1A1-7B93-0313-4AD463A0AB2B, firefox, 2018-04-10 09:41:23, contaminated
trace_3.2_fail, 2D4E27DD-F555-E20D-7488-8A8D53CE2BBE, firefox, 2018-04-10 09:41:23, contaminated
trace_3.2_fail, 10ECA593-C445-C603-F3A6-4414C0BB0081, firefox, 2018-04-10 09:41:23, contaminated
trace_3.2_fail, 0AF998EE-B7F4-E043-9B8D-4F68FDF23315, firefox, 2018-04-10 09:41:23, contaminated
trace_3.2_fail, EC7AA129-ABEE-9657-A237-B291BD3F4B47, firefox, 2018-04-10 09:41:23, contaminated
trace_3.2_fail, 3AD27980-8756-8AA0-EC48-1E0C27493B65, firefox, 2018-04-10 09:41:23, contaminated
trace_3.2_fail, 937136EA-F93B-E38A-77E5-EB49240A2063, firefox, 2018-04-10 09:41:23, contaminated
trace_3.2_fail, 5BC708A5-68E4-C7A0-5CFE-A751AE6A4837, firefox, 2018-04-10 09:41:23, contaminated
trace_3.2_fail, 44A0E6DD-1C61-EDEF-8EFD-EA666579C0B2, firefox, 2018-04-10 09:41:23, contaminated
trace_3.2_fail, 3FC55885-323E-9169-68F4-E99F9C51B53F, firefox, 2018-04-10 09:41:23, contaminated
trace_3.2_fail, C7F9802E-7972-AAC5-A793-3C67F11A49C8, firefox, 2018-04-10 09:41:23, contaminated
trace_3.2_fail, B21291DE-6B92-99D0-FC44-A2206EE1A219, firefox, 2018-04-10 09:41:23, contaminated
trace_3.2_fail, B765FB4C-0736-3724-B969-C071CBECE682, firefox, 2018-04-10 09:41:23, contaminated
trace_3.2_fail, 8C7B5E2F-324F-7FA1-C18C-3FC28371E668, firefox, 2018-04-10 09:41:23, contaminated
trace_3.2_fail, 44270588-EF51-5BE0-B8C3-A0E1A74E7CB1, firefox, 2018-04-10 09:41:23, contaminated
trace_3.2_fail, 26B438C4-CD8E-F6A0-0C82-7EADA4D43A36, firefox, 2018-04-10 09:41:23, contaminated
trace_3.2_fail, 1F5B857D-F849-729A-E5FF-99C7CCB0EE08, firefox, 2018-04-10 09:41:23, contaminated
trace_3.2_fail, F56422B5-B512-6216-3374-8FB3C5472ED2, firefox, 2018-04-10 09:41:23, contaminated
trace_3.2_fail, 172B4198-3D5F-DE8C-7A8E-D68D3B58FA5F, firefox, 2018-04-10 09:41:23, contaminated
trace_3.2_fail, B73211FE-1F94-B8E1-F5F9-9505E9DC5F36, firefox, 2018-04-10 09:41:23, contaminated
trace_3.2_fail, 2A7A1727-0EC9-BE51-FAEC-730DEAE40A61, firefox, 2018-04-10 09:41:23, contaminated
trace_3.2_fail, D78A28C6-529A-8908-BE40-084DE8AC8C36, firefox, 2018-04-10 09:41:23, contaminated
trace_3.2_fail, CCBF7F95-5639-BD98-6B02-9C85EC94F7CD, firefox, 2018-04-10 09:41:23, contaminated
trace_3.2_fail, 5CB113E7-DCE9-1E85-0A7B-E6CA2FDE36A8, firefox, 2018-04-10 09:41:23, contaminated
trace_3.2_fail, 2A83CE8F-4E86-83F7-85F2-567109CF8A04, firefox, 2018-04-10 09:41:23, contaminated
trace_3.2_fail, E48A471A-666F-5C30-6A23-FD1198612F44, firefox, 2018-04-10 09:41:23, contaminated
trace_3.2_fail, 0724C354-D1E1-53D6-D62F-C5ECCE3959AE, firefox, 2018-04-10 09:41:23, contaminated
trace_3.2_fail, 97908C19-37F0-56B6-9E80-CCF1B033BB30, firefox, 2018-04-10 09:41:23, contaminated
trace_3.2_fail, 46AFC62A-2DD4-8BE6-8295-030A4663DF2A, firefox, 2018-04-10 09:41:23, contaminated
trace_3.2_fail, 19B81077-6C5B-44F0-1890-E73A2A78FF79, firefox, 2018-04-10 09:41:23, contaminated
trace_3.2_fail, 8431D3AE-561C-A3A9-7AE3-2986E58EE81B, firefox, 2018-04-10 09:41:23, contaminated
trace_3.2_fail, 7FD7A090-4111-7EB5-C76F-EE6A374C354A, firefox, 2018-04-10 09:41:23, contaminated
trace_3.2_fail, 6DF272E0-4A07-4755-12C7-55587F7AC5D0, firefox, 2018-04-10 09:41:23, contaminated
trace_3.2_fail, 43D587BA-5E25-28BA-6CE6-A26498D95B06, firefox, 2018-04-10 09:41:23, contaminated
trace_3.2_fail, 992CE781-A2FD-8A1F-C6BF-17DBC11DCEC7, firefox, 2018-04-10 09:41:23, contaminated
trace_3.2_fail, CCEC0D0E-CE61-653B-23BF-7F846C2AE599, firefox, 2018-04-10 09:41:23, contaminated
trace_3.2_fail, 9F01538C-A5F7-F36A-E0CD-A4127011766A, firefox, 2018-04-10 09:41:23, contaminated
trace_3.2_fail, 01EA0BD4-A1A5-74FB-4196-2989E12026F7, firefox, 2018-04-10 09:41:23, contaminated
trace_3.2_fail, 278FBE3B-4A7D-A9A2-FF20-2E6DE809A539, firefox, 2018-04-10 09:41:23, contaminated
trace_3.2_fail, 246FE815-CB42-EA4C-E5F7-9383D57CE70E, firefox, 2018-04-10 09:41:23, contaminated
trace_3.2_fail, 005BA41F-0780-D2A5-790B-037A7D3B0010, firefox, 2018-04-10 09:41:23, contaminated
trace_3.2_fail, C8AE48BF-28F0-3134-BE0E-EB4A842ED200, firefox, 2018-04-10 09:41:23, contaminated
trace_3.2_fail, 11EFF6E8-3350-718D-C09B-51E434E140D2, firefox, 2018-04-10 09:41:23, contaminated
trace_3.2_fail, EF8790A8-40F0-C871-747D-D9FC98F75B0E, firefox, 2018-04-10 09:41:23, contaminated
trace_3.2_fail, 7ABBDE70-AC80-E839-A4FD-032590DC15E1, firefox, 2018-04-10 09:41:23, contaminated
trace_3.2_fail, 13ED0713-2465-04C0-C573-45429758B292, firefox, 2018-04-10 09:41:23, contaminated
trace_3.2_fail, 4426C829-1A18-34DF-51CF-EFBBC9B59341, firefox, 2018-04-10 09:41:23, contaminated
trace_3.2_fail, 2DFF1DDE-ECBC-E952-36AF-5B8148409C5B, firefox, 2018-04-10 09:41:23, contaminated
trace_3.2_fail, 8C8262C7-9DE9-F3D5-91CB-C50E37677A16, firefox, 2018-04-10 09:41:23, contaminated
trace_3.2_fail, 109FF5DA-293B-BD8A-C627-FD91773566D7, firefox, 2018-04-10 09:41:23, contaminated
trace_3.2_fail, 29B184F5-7EA2-3864-B6F4-E071355CFA17, firefox, 2018-04-10 09:41:23, contaminated
trace_3.2_fail, 3202E7B5-0A28-F15E-08ED-F079B302976B, firefox, 2018-04-10 09:41:23, contaminated
trace_3.2_fail, 35FD7434-CFB3-6F4A-4B4C-357C56534D52, firefox, 2018-04-10 09:41:23, contaminated
trace_3.2_fail, 68A5A15A-DF36-6847-D2AC-90155A154A03, firefox, 2018-04-10 09:41:23, contaminated
trace_3.2_fail, 5FC53E50-0BB9-94BD-CE6B-A7E5F08B8A5B, firefox, 2018-04-10 09:41:23, contaminated
trace_3.2_fail, 7BD30044-2C31-607B-84C0-184C5E852D03, firefox, 2018-04-10 09:41:23, contaminated
trace_3.2_fail, FD1AC15B-97FD-ACC3-1647-ECE6BA3C2AC3, firefox, 2018-04-10 09:41:23, contaminated
trace_3.2_fail, BA804F3C-94FA-936F-1E9C-5C9266A9787E, firefox, 2018-04-10 09:41:23, contaminated
trace_3.2_fail, B40F92AF-87B3-DFE9-EEC5-D6DCDE10EFC5, firefox, 2018-04-10 09:41:23, contaminated
trace_3.2_fail, 615F230F-D771-5D8D-841A-DAAD7E5DE575, firefox, 2018-04-10 09:41:23, contaminated
trace_3.2_fail, 9BA4B14C-526D-B13C-0D61-7C5BC5F99FAA, firefox, 2018-04-10 09:41:23, contaminated
trace_3.2_fail, 9832A4E8-C736-A46A-88AE-1FB60AD89711, firefox, 2018-04-10 09:41:23, contaminated
trace_3.2_fail, F9FA04EA-61E1-ED53-5771-59A60D10C33F, firefox, 2018-04-10 09:41:23, contaminated
trace_3.2_fail, 550913D1-2B66-2FAB-6D55-62B5E641D9C4, firefox, 2018-04-10 09:41:23, contaminated
trace_3.2_fail, A78F3188-1A4C-0E4C-07A1-B1E91DCD8C96, firefox, 2018-04-10 09:41:23, contaminated
trace_3.2_fail, BA260680-B6AF-1CD7-7F80-BBEFDAA51A8C, firefox, 2018-04-10 09:41:23, contaminated
trace_3.2_fail, DD6C4AED-C291-1CD3-0B6B-D7469BD78698, firefox, 2018-04-10 09:41:23, contaminated
trace_3.2_fail, 7EFC3C6D-96ED-44D9-B2A4-DA0C4F84261D, firefox, 2018-04-10 09:41:23, contaminated
trace_3.2_fail, 729468FE-D5DC-BC48-BEE1-DE18EE1DC55F, firefox, 2018-04-10 09:41:23, contaminated
trace_3.2_fail, 11DDB24B-2B5E-8A10-AF05-3EB0F70172C8, firefox, 2018-04-10 09:41:23, contaminated
trace_3.2_fail, EE5421B7-5DF2-1BA9-21AE-E2A60253D251, firefox, 2018-04-10 09:41:23, contaminated
trace_3.2_fail, B03DC73E-AF96-2F95-5E4F-77177C065DF0, firefox, 2018-04-10 09:41:23, contaminated
trace_3.2_fail, 0BE6A292-034E-463E-7051-7F4BA10981AD, firefox, 2018-04-10 09:41:23, contaminated
trace_3.2_fail, FFA14933-15B0-1F6E-FDE1-984A93EA0D85, firefox, 2018-04-10 09:41:23, contaminated
trace_3.2_fail, 6FE38A8E-0117-C7B2-199B-836EDB44A9DA, firefox, 2018-04-10 09:41:23, contaminated
trace_3.2_fail, DE61C6D5-2A4A-38D8-A405-CBBD932B5D92, firefox, 2018-04-10 09:41:23, contaminated
trace_3.2_fail, 6A5DD189-06CE-A256-309D-ABC9A51EA577, firefox, 2018-04-10 09:41:23, contaminated
trace_3.2_fail, F5459CB1-B8F4-3216-1440-81236C19A55C, firefox, 2018-04-10 09:41:23, contaminated
trace_3.2_fail, 94EDF994-2760-E7AD-4566-C1B4E63E6A4E, firefox, 2018-04-10 09:41:23, contaminated
trace_3.2_fail, 53A9AC46-8E25-0A3B-B0DF-079AA638751C, firefox, 2018-04-10 09:41:23, contaminated
trace_3.2_fail, D57C8585-1B7D-7F0D-AB58-6B8D87CB22C7, firefox, 2018-04-10 09:41:23, contaminated
trace_3.2_fail, 3E1E8DD2-4FC3-CB1C-B197-ED6B6C3D4CD8, firefox, 2018-04-10 09:41:23, contaminated
trace_3.2_fail, 12EB5813-589B-6C08-4D17-59AE5984D61B, firefox, 2018-04-10 09:41:23, contaminated
trace_3.2_fail, 6FCF7CC0-5BF5-5E9E-1428-7FD7A1901713, firefox, 2018-04-10 09:41:23, contaminated
trace_3.2_fail, F6193025-F75F-7D97-CD65-24BB303C5055, firefox, 2018-04-10 09:41:23, contaminated
trace_3.2_fail, ABE766AE-9F89-3765-0E41-841B12C6D31F, firefox, 2018-04-10 09:41:23, contaminated
trace_3.2_fail, A2C3FE4A-9F03-D345-F5E1-BFBF31807A8D, firefox, 2018-04-10 09:41:23, contaminated
trace_3.2_fail, A5538048-BE56-7167-E142-9DB6A21C170E, firefox, 2018-04-10 09:41:23, contaminated
trace_3.2_fail, 2F490D0E-3FC3-0562-CCB1-C0BB7162703A, firefox, 2018-04-10 09:41:23, contaminated
trace_3.2_fail, 7D0BA253-56D8-E6B6-51EA-DBFA77E75089, firefox, 2018-04-10 09:41:23, contaminated
trace_3.2_fail, 402983E6-276D-FCA5-6F70-5D2410B1A59F, firefox, 2018-04-10 09:41:23, contaminated
trace_3.2_fail, B09C73D2-069B-4F24-56C7-69A9DBEF843C, firefox, 2018-04-10 09:41:23, contaminated
trace_3.2_fail, 04315009-0076-D63E-26E3-33813F064097, firefox, 2018-04-10 09:41:23, contaminated
trace_3.2_fail, 55B55FF9-2E35-036D-B9EF-3C7D03F8499F, firefox, 2018-04-10 09:41:23, contaminated
trace_3.2_fail, 13BFD814-F2C5-12F9-8A78-C1CD7961C59B, firefox, 2018-04-10 09:41:23, contaminated
trace_3.2_fail, 47B25813-3E0F-B9B7-C20C-4EC9CBE5A0C2, firefox, 2018-04-10 09:41:23, contaminated
trace_3.2_fail, 1D2B25D9-3161-C32A-1C8D-72E5A8499F91, firefox, 2018-04-10 09:41:23, contaminated
trace_3.2_fail, 6DD5F484-6112-8CB4-26F8-DF903B981C7B, firefox, 2018-04-10 09:41:23, contaminated
trace_3.2_fail, 4B337101-01F8-1BDB-C38A-1A35A91B0D85, firefox, 2018-04-10 09:41:23, contaminated
trace_3.2_fail, 96428C35-4B75-4AB5-7FE6-5F09A04B0B82, firefox, 2018-04-10 09:41:23, contaminated
trace_3.2_fail, 16A66A53-76F4-31C0-1DE4-A116374AECC4, firefox, 2018-04-10 09:41:23, contaminated
trace_3.2_fail, 97A528D6-5926-2D34-AF87-CD0D688B4556, firefox, 2018-04-10 09:41:23, contaminated
trace_3.2_fail, E49A7E1E-E285-7007-88E9-331673A38715, firefox, 2018-04-10 09:41:23, contaminated
trace_3.2_fail, 3E8B790B-E616-5182-FD8A-7E49D2BB08E4, firefox, 2018-04-10 09:41:23, contaminated
trace_3.2_fail, 8D4555D4-BF5B-C17B-6116-2831FCB836A8, firefox, 2018-04-10 09:41:23, contaminated
trace_3.2_fail, B300C9E6-532E-E37F-C344-7F8C5BB4832F, firefox, 2018-04-10 09:41:23, contaminated
trace_3.2_fail, DEBA63BF-1CAF-6F3A-D90F-1ACB5F0DBDA4, firefox, 2018-04-10 09:41:23, contaminated
trace_3.2_fail, C82F82BF-D586-8E4F-7DBF-C543852FB631, firefox, 2018-04-10 09:41:23, contaminated
trace_3.2_fail, 14E4117C-71F1-4D12-B566-D1C8CB695AE4, firefox, 2018-04-10 09:41:23, contaminated
trace_3.2_fail, E9CC4253-4BC0-7E31-7CF0-152FE4FEFEA1, firefox, 2018-04-10 09:41:23, contaminated
trace_3.2_fail, E8EF8E19-4B2B-09D5-79D5-B083696AE247, firefox, 2018-04-10 09:41:23, contaminated
trace_3.2_fail, 1CFDC7FF-A4DD-77E0-3697-CC68A01FE36C, firefox, 2018-04-10 09:41:23, contaminated
trace_3.2_fail, 29E8611B-FF0C-8CFE-81FB-FE36A54DA2CD, firefox, 2018-04-10 09:41:23, contaminated
trace_3.2_fail, 411598D3-9643-3C73-2A4B-7750779B08D4, firefox, 2018-04-10 09:41:23, contaminated
trace_3.2_fail, 4DD881FC-2A6C-BC54-D549-A61086AA4953, firefox, 2018-04-10 09:41:23, contaminated
trace_3.2_fail, FE0938B9-F252-94BF-E383-872E8112C0D4, firefox, 2018-04-10 09:41:23, contaminated
trace_3.2_fail, 9AC43854-3991-764D-441E-9B43440990B2, firefox, 2018-04-10 09:41:23, contaminated
trace_3.2_fail, BA0B74F3-D080-72E7-91B5-37DD105625FD, firefox, 2018-04-10 09:41:23, contaminated
trace_3.2_fail, 2A341D8D-973F-E783-F859-6EF14768793B, firefox, 2018-04-10 09:41:23, contaminated
trace_3.2_fail, B09C4520-0510-6E6C-4EF6-BE157BDABA7C, firefox, 2018-04-10 09:41:23, contaminated
trace_3.2_fail, A86190C5-8527-1530-A1CA-F83629981D77, firefox, 2018-04-10 09:41:23, contaminated
trace_3.2_fail, FF578846-6E53-760C-859C-A9FC788F2899, firefox, 2018-04-10 09:41:23, contaminated
trace_3.2_fail, 68350569-3780-D0CF-ADD7-E517685BA10D, firefox, 2018-04-10 09:41:23, contaminated
trace_3.2_fail, 81FC96DB-15C9-6DFE-C1BA-C7D0E73B1599, firefox, 2018-04-10 09:41:23, contaminated
trace_3.2_fail, A764353E-CCDF-AFED-6F32-863C502702F4, firefox, 2018-04-10 09:41:23, contaminated
trace_3.2_fail, 9F651D8C-7985-84CE-433D-AD959F82CF6A, firefox, 2018-04-10 09:41:23, contaminated
trace_3.2_fail, B64D04AC-94F9-791B-A7A6-C4A3BCD63528, firefox, 2018-04-10 09:41:23, contaminated
trace_3.2_fail, F6714829-EED0-267A-5F4F-FC653A384ADD, firefox, 2018-04-10 09:41:23, contaminated
trace_3.2_fail, 2541A16C-A1D0-491A-445A-4BD37F08CD7B, firefox, 2018-04-10 09:41:23, contaminated
trace_3.2_fail, E3F3415D-2691-D8F4-0E8B-3B5019364164, firefox, 2018-04-10 09:41:23, contaminated
trace_3.2_fail, A46B31BC-F1A9-CB4B-3DAC-38B9A21245B4, firefox, 2018-04-10 09:41:23, contaminated
trace_3.2_fail, 150FD2CC-D9B0-C551-D953-3203DFFFF63F, firefox, 2018-04-10 09:41:23, contaminated
trace_3.2_fail, FBB2926C-F465-6FD9-47F2-B7AC13DB9994, firefox, 2018-04-10 09:41:23, contaminated
trace_3.2_fail, 814216B3-4DEC-D4F6-C80C-27E72AFF6AE3, firefox, 2018-04-10 09:41:23, contaminated
trace_3.2_fail, C54E0DA9-B5A0-4CB6-708C-C319B382F24A, firefox, 2018-04-10 09:41:23, contaminated
trace_3.2_fail, D445F13A-C4DC-7C7D-8D52-06A79AD278EC, firefox, 2018-04-10 09:41:23, contaminated
trace_3.2_fail, 4D8C85A0-67F9-6A46-9233-2E6CC28A33FF, firefox, 2018-04-10 09:41:23, contaminated
trace_3.2_fail, EE5B1027-6DD1-8AA6-D2A6-9EB29C6DC7CE, firefox, 2018-04-10 09:41:23, contaminated
trace_3.2_fail, 819F6976-30B3-9217-5815-02ED7B4F6E5C, firefox, 2018-04-10 09:41:23, contaminated
trace_3.2_fail, 43C18D80-ABDA-60D2-1184-95DB54EB5C7B, firefox, 2018-04-10 09:41:23, contaminated
trace_3.2_fail, F26A78CD-8F72-777F-77FA-598E772A645F, firefox, 2018-04-10 09:41:23, contaminated
trace_3.2_fail, 7BD12174-EBCA-AAFC-C3A8-0DC2D232BE01, firefox, 2018-04-10 09:41:23, contaminated
trace_3.2_fail, 21A5CAEC-9240-3F24-70C7-427027EB156A, firefox, 2018-04-10 09:41:23, contaminated
trace_3.2_fail, D0063AC4-B777-8053-978C-5F3042F629C4, firefox, 2018-04-10 09:41:23, contaminated
trace_3.2_fail, 5B1E1496-2EB3-B804-ED00-2E5104DC57CB, firefox, 2018-04-10 09:41:23, contaminated
trace_3.2_fail, 772B5362-6CBB-F083-5E31-0498118201E5, firefox, 2018-04-10 09:41:23, contaminated
trace_3.2_fail, 696724F8-9729-B000-D5BF-6A74BAA8E2DD, firefox, 2018-04-10 09:41:23, contaminated
trace_3.2_fail, 8801CAD0-5F95-6232-A7AA-FBB4DDD72081, firefox, 2018-04-10 09:41:23, contaminated
trace_3.2_fail, 44498538-8E6C-E2BA-F62C-AC80345F064F, firefox, 2018-04-10 09:41:23, contaminated
trace_3.2_fail, 0721225D-C6F8-FC40-2ACF-C08B731C0602, firefox, 2018-04-10 09:41:23, contaminated
trace_3.2_fail, AD00B05D-377D-AB7E-C29E-C6A5C340DFC0, firefox, 2018-04-10 09:41:23, contaminated
trace_3.2_fail, 894FEC18-4EAC-1761-4A1C-11FDD69DA41D, firefox, 2018-04-10 09:41:23, contaminated
trace_3.2_fail, 2A96B391-A850-2B38-454F-AF49A6A54320, firefox, 2018-04-10 09:41:23, contaminated
trace_3.2_fail, 98CBE615-AD8E-B04A-AB11-BD22EF99BB34, firefox, 2018-04-10 09:41:23, contaminated
trace_3.2_fail, DEA1A96E-2141-13C1-0D09-B88EE61D578F, firefox, 2018-04-10 09:41:23, contaminated
trace_3.2_fail, A5C64E1F-48E8-D5F7-993A-266523FC2C2E, firefox, 2018-04-10 09:41:23, contaminated
trace_3.2_fail, D1586299-3AE5-7F19-2EEC-228C9402A8F5, firefox, 2018-04-10 09:41:23, contaminated
trace_3.2_fail, 4316B204-225E-5991-627E-CCE072DCD8B3, firefox, 2018-04-10 09:41:23, contaminated
trace_3.2_fail, F4AB57CF-8228-1C76-2289-3EA60EE8E85F, firefox, 2018-04-10 09:41:23, contaminated
trace_3.2_fail, 1D2D6500-F116-743A-A886-E5CB72A1D5D8, firefox, 2018-04-10 09:41:23, contaminated
trace_3.2_fail, 6AB71C68-B880-CF25-B955-40DF01A118B2, firefox, 2018-04-10 09:41:23, contaminated
trace_3.2_fail, BBADC201-A9D2-3B84-7FF9-3CFA8C287B48, firefox, 2018-04-10 09:41:23, contaminated
trace_3.2_fail, 47101456-8E67-B786-4294-F1C0D53B0767, firefox, 2018-04-10 09:41:23, contaminated
trace_3.2_fail, B8C9F6B4-3F3C-63CD-A330-E1B825D6428E, firefox, 2018-04-10 09:41:23, contaminated
trace_3.2_fail, 9F82B748-3F42-FC38-7154-66A7C836B6A4, firefox, 2018-04-10 09:41:23, contaminated
trace_3.2_fail, 37881E63-55BF-BF79-D820-44CE5CA053D7, firefox, 2018-04-10 09:41:23, contaminated
trace_3.2_fail, C9FA5CE8-18D3-6958-F9C3-1FA265142706, firefox, 2018-04-10 09:41:23, contaminated
trace_3.2_fail, 1C30B4E9-C50B-A802-6006-6DAF5D403FB7, firefox, 2018-04-10 09:41:23, contaminated
trace_3.2_fail, 2C4D3766-ACC6-7637-7CAD-69D0BADCD861, firefox, 2018-04-10 09:41:23, contaminated
trace_3.2_fail, A84DF0D0-991F-E0E7-AE77-BDED13043E5C, firefox, 2018-04-10 09:41:23, contaminated
trace_3.2_fail, E6BC0F61-06CD-94AD-0373-38884B542458, firefox, 2018-04-10 09:41:23, contaminated
trace_3.2_fail, 9D734EA6-A7D5-1135-917C-864E6F48BCB4, firefox, 2018-04-10 09:41:23, contaminated
trace_3.2_fail, 9BD1C4D5-4A8A-82EF-6CFF-1277BABFD989, firefox, 2018-04-10 09:41:23, contaminated
trace_3.2_fail, 109FB78E-6819-749F-3F3A-971EA92D9CFA, firefox, 2018-04-10 09:41:23, contaminated
trace_3.2_fail, 0003236A-DBE7-589E-F88A-3987A7E32E89, firefox, 2018-04-10 09:41:23, contaminated
trace_3.2_fail, 2FCD711E-3199-C403-08C1-2CDEEE56158D, firefox, 2018-04-10 09:41:23, contaminated
trace_3.2_fail, 81BE4A96-262B-17A2-D483-E6183F7C1A6E, firefox, 2018-04-10 09:41:23, contaminated
trace_3.2_fail, DBC4457B-6024-2C42-B2A4-4589CDCD0AB4, firefox, 2018-04-10 09:41:23, contaminated
trace_3.2_fail, 2CCAC9B6-E9B7-4BF9-35C6-0460D18A8607, firefox, 2018-04-10 09:41:23, contaminated
trace_3.2_fail, 7C448CC1-A47F-7D03-1BE9-C42559BFB9B4, firefox, 2018-04-10 09:41:23, contaminated
trace_3.2_fail, 5B6A6800-1BFC-E4A8-5985-A1F1B6897EED, firefox, 2018-04-10 09:41:23, contaminated
trace_3.2_fail, 35FE32D4-3AE7-B055-A045-E0203FA5629B, firefox, 2018-04-10 09:41:23, contaminated
trace_3.2_fail, 69AAD309-CF3A-4209-87A2-029B344117F6, firefox, 2018-04-10 09:41:23, contaminated
trace_3.2_fail, 04A24C95-FB74-CAC5-6392-80C383215F9B, firefox, 2018-04-10 09:41:23, contaminated
trace_3.2_fail, 05063CC3-972B-5113-7002-E637EAB16023, firefox, 2018-04-10 09:41:23, contaminated
trace_3.2_fail, 8E0437CE-09B7-2DB7-C395-340AE697DDA8, firefox, 2018-04-10 09:41:23, contaminated
trace_3.2_fail, B790E95B-3AB5-BE53-E52F-C17D127AD3B0, firefox, 2018-04-10 09:41:23, contaminated
trace_3.2_fail, 050BF184-61AA-3E0F-4098-22F64D17B58B, firefox, 2018-04-10 09:41:23, contaminated
trace_3.2_fail, 7CFC4B1A-CCFB-E1A0-167D-7B6A31460B93, firefox, 2018-04-10 09:41:23, contaminated
trace_3.2_fail, 46CC72BA-A2D8-07A8-3FEB-0E5CCD695CF3, firefox, 2018-04-10 09:41:23, contaminated
trace_3.2_fail, 6D08D8EE-2ED3-808C-3FB6-DCB8A78FC09C, firefox, 2018-04-10 09:41:23, contaminated
trace_3.2_fail, D43830F2-1358-4CB5-C4C5-0655F9AB50CA, firefox, 2018-04-10 09:41:23, contaminated
trace_3.2_fail, 569EB9F4-3794-5ECB-1B82-62DFF7C10A61, firefox, 2018-04-10 09:41:23, contaminated
trace_3.2_fail, 195F75B0-6507-723F-ABB8-A5442EB210AD, firefox, 2018-04-10 09:41:23, contaminated
trace_3.2_fail, 13DC488B-AF9B-90B9-0AA4-A0A404B2E0B0, firefox, 2018-04-10 09:41:23, contaminated
trace_3.2_fail, 1E5D9E96-FF3A-C541-B71B-97E0429A00F6, firefox, 2018-04-10 09:41:23, contaminated
trace_3.2_fail, 3B5A1EA8-BEBC-1EC9-6726-D559EF4064B6, firefox, 2018-04-10 09:41:23, contaminated
trace_3.2_fail, F171F199-3812-E2DD-BE57-120453102FF0, firefox, 2018-04-10 09:41:23, contaminated
trace_3.2_fail, F5AB8E82-2421-A22B-B877-059C3FB87B6C, firefox, 2018-04-10 09:41:23, contaminated
trace_3.2_fail, AF1A9403-7713-3FC1-3C73-9B4BDB60F39A, firefox, 2018-04-10 09:41:23, contaminated
trace_3.2_fail, ABBDA941-2EF3-6EDD-2B80-0650D9E0A581, firefox, 2018-04-10 09:41:23, contaminated
trace_3.2_fail, EDE15153-7A0A-A690-C64C-B7ACBF173C57, firefox, 2018-04-10 09:41:23, contaminated
trace_3.2_fail, 2FBE9E74-7F15-698A-049A-CBE305C02FF3, firefox, 2018-04-10 09:41:23, contaminated
trace_3.2_fail, 1532D0F5-CE06-4F4C-F125-2A18AF860C84, firefox, 2018-04-10 09:41:23, contaminated
trace_3.2_fail, 11779698-A3E2-EFEE-15FD-84CE419D0C27, firefox, 2018-04-10 09:41:23, contaminated
trace_3.2_fail, DD70DF81-028C-2186-EB1B-82CDEA4AF7AA, firefox, 2018-04-10 09:41:23, contaminated
trace_3.2_fail, F5068BA8-CF9A-77B4-E324-D38D5C715566, firefox, 2018-04-10 09:41:23, contaminated
trace_3.2_fail, E9B9F43A-6063-EDAB-EB93-78C783DA8A1A, firefox, 2018-04-10 09:41:23, contaminated
trace_3.2_fail, 704F2145-C9F2-2B45-F1DD-08D9F8262EA5, firefox, 2018-04-10 09:41:23, contaminated
trace_3.2_fail, 35343908-C017-EAC5-549B-1422FCB74452, firefox, 2018-04-10 09:41:23, contaminated
trace_3.2_fail, B0AE16BF-DC8B-5942-FB8F-51EBC01B849B, firefox, 2018-04-10 09:41:23, contaminated
trace_3.2_fail, 00E60E12-7588-4403-96E0-D17CD21C4E80, firefox, 2018-04-10 09:41:23, contaminated
trace_3.2_fail, 2A0CA8E1-B671-1785-09F5-BDBAAAE4CC51, firefox, 2018-04-10 09:41:23, contaminated
trace_3.2_fail, C87AC6E8-9EEA-52BC-7EA5-074C4727554E, firefox, 2018-04-10 09:41:23, contaminated
trace_3.2_fail, F69F30FE-D373-99FB-9C57-B3A051640023, firefox, 2018-04-10 09:41:23, contaminated
trace_3.2_fail, AE2AD18A-B042-A377-8CD7-96DECB808275, firefox, 2018-04-10 09:41:23, contaminated
trace_3.2_fail, 66B5A775-A762-ED96-0C57-04661A9C380F, firefox, 2018-04-10 09:41:23, contaminated
trace_3.2_fail, 7F2A3A17-2014-36F2-8496-1EB93EC7C8C5, firefox, 2018-04-10 09:41:24, contaminated
trace_3.2_fail, 41248684-C1EA-01AC-2F18-723580696821, firefox, 2018-04-10 09:41:24, contaminated
trace_3.2_fail, 0D0E0439-9B98-1DC0-334B-528FFE097DB3, firefox, 2018-04-10 09:41:24, contaminated
trace_3.2_fail, 4C2A5307-368C-37F9-EF1C-F268FFB59710, firefox, 2018-04-10 09:41:24, contaminated
trace_3.2_fail, 973FF515-2ABD-919C-8F26-223BB4B104CF, firefox, 2018-04-10 09:41:24, contaminated
trace_3.2_fail, 18674443-059A-9094-0544-A530A13DBB02, firefox, 2018-04-10 09:41:24, contaminated
trace_3.2_fail, F5263141-3875-6BCB-7456-23CBA711630B, firefox, 2018-04-10 09:41:24, contaminated
trace_3.2_fail, 50BC465D-B621-00FF-5559-F7ABA40F876E, firefox, 2018-04-10 09:41:25, contaminated
trace_3.2_fail, 1EC03AC7-CC99-F29F-7121-A01335B10472, firefox, 2018-04-10 09:41:25, contaminated
trace_3.2_fail, 87259411-50CA-2D21-843E-EF2F8252C1A3, firefox, 2018-04-10 09:41:25, contaminated
trace_3.2_fail, 48A659B9-4714-7F30-E1F6-B5D15BCEE5AD, firefox, 2018-04-10 09:41:25, contaminated
trace_3.2_fail, 9F83270C-B4CC-1C55-729F-A3FDAC02C534, firefox, 2018-04-10 09:41:25, contaminated
trace_3.2_fail, 396E7894-A9DE-449D-DA51-80C10690EEBE, firefox, 2018-04-10 09:41:25, contaminated
trace_3.2_fail, 11756582-5BF0-9AB9-1DC4-C42F541DB965, firefox, 2018-04-10 09:41:25, contaminated
trace_3.2_fail, 16F19ED8-E24D-A62F-0812-F0ED8BD103BD, firefox, 2018-04-10 09:41:25, contaminated
trace_3.2_fail, 09DF5AB2-CFD0-9A52-8B43-A882E4AC735F, firefox, 2018-04-10 09:41:25, contaminated
trace_3.2_fail, E7EA7FE2-77A7-3860-8395-7DECC4238847, firefox, 2018-04-10 09:41:25, contaminated
trace_3.2_fail, 56D9319D-E289-1CD7-314D-70CA17B3B7EA, firefox, 2018-04-10 09:41:25, contaminated
trace_3.2_fail, 003D7840-DE3D-068C-CA7C-6D90BF9B0E05, firefox, 2018-04-10 09:41:25, contaminated
trace_3.2_fail, 17865F7F-994C-5242-5638-71FE24DFFE68, firefox, 2018-04-10 09:41:25, contaminated
trace_3.2_fail, 0BC6FCCC-7BC5-DC35-3522-627166AB9B35, firefox, 2018-04-10 09:41:25, contaminated
trace_3.2_fail, 33A33241-5A41-3D09-6719-FDE89C29583D, firefox, 2018-04-10 09:41:25, contaminated
trace_3.2_fail, D106CE3F-957E-CE10-517D-98B1A7A1E7DB, firefox, 2018-04-10 09:41:26, contaminated
trace_3.2_fail, FE640C6F-A295-5DB5-7209-E9259CF372D0, firefox, 2018-04-10 09:41:26, contaminated
trace_3.2_fail, C5D2B26F-A45E-21F9-D64B-618361766F7F, firefox, 2018-04-10 09:41:26, contaminated
trace_3.2_fail, C774D0EC-CC49-F157-4D93-35CFEF7399AE, firefox, 2018-04-10 09:41:26, contaminated
trace_3.2_fail, 239ECCA1-DDD0-E9D9-C406-6509F7D14868, firefox, 2018-04-10 09:41:26, contaminated
trace_3.2_fail, 463CCD32-7F13-2678-7542-F24BBBA9496D, firefox, 2018-04-10 09:41:27, contaminated
trace_3.2_fail, C964100F-D448-B559-C9CC-7CF7D4AE3511, firefox, 2018-04-10 09:41:27, contaminated
trace_3.2_fail, F1EBB3D8-F943-55D9-36AF-DCBB6F377D8F, firefox, 2018-04-10 09:41:27, contaminated
trace_3.2_fail, 42B98C25-05D2-1C95-161E-B22452A3B6CC, firefox, 2018-04-10 09:41:27, contaminated
trace_3.2_fail, 6A8E93C3-167E-B52D-711D-14C86DCC2EC0, firefox, 2018-04-10 09:41:27, contaminated
trace_3.2_fail, E798EAD5-05F6-58FC-6366-B05D0A836666, firefox, 2018-04-10 09:41:27, contaminated
trace_3.2_fail, 4477DA74-2456-E5DF-A5E1-123362C3A31A, firefox, 2018-04-10 09:41:27, contaminated
trace_3.2_fail, 66C01AB9-2B63-81B4-5FF7-74CBCB1AB761, firefox, 2018-04-10 09:41:27, contaminated
trace_3.2_fail, C737713A-80B5-0DBD-F866-FFC968223598, firefox, 2018-04-10 09:41:27, contaminated
trace_3.2_fail, 32F6D660-264D-831B-53C0-AA1AFDD3FCBC, firefox, 2018-04-10 09:41:27, contaminated
trace_3.2_fail, 298ECF45-A045-72E3-FFC8-E7979CE1D6FA, firefox, 2018-04-10 09:41:27, contaminated
trace_3.2_fail, A722A42D-328D-B3BC-FCEC-F41741B3CA9F, firefox, 2018-04-10 09:41:27, contaminated
trace_3.2_fail, 010954FD-B08A-242A-6716-6DD03986006C, firefox, 2018-04-10 09:41:27, contaminated
trace_3.2_fail, F4D9BDCA-154D-2853-E912-0C9DF2C95E0C, firefox, 2018-04-10 09:41:27, contaminated
trace_3.2_fail, 3BCE1D23-4E3A-DB4C-B554-60F80F9B7D3E, firefox, 2018-04-10 09:41:27, contaminated
trace_3.2_fail, D416BF45-7206-8AA6-6D32-856EC59CF647, firefox, 2018-04-10 09:41:27, contaminated
trace_3.2_fail, 46C2D554-0D19-5794-5D73-7F35799936AB, firefox, 2018-04-10 09:41:27, contaminated
trace_3.2_fail, 51CF9E0B-BA1E-BE44-2893-35F705D342AB, firefox, 2018-04-10 09:41:27, contaminated
trace_3.2_fail, 989AE6CB-F045-9034-8D8F-4355980F11BD, firefox, 2018-04-10 09:41:27, contaminated
trace_3.2_fail, C7382FDB-2A81-7374-FFCA-6A8A5505AAF2, firefox, 2018-04-10 09:41:27, contaminated
trace_3.2_fail, 2C35229D-105E-3BF3-77F9-0869BA5A9129, firefox, 2018-04-10 09:41:27, contaminated
trace_3.2_fail, 596534E5-F382-4E69-37C7-37AFE7762E16, firefox, 2018-04-10 09:41:27, contaminated
trace_3.2_fail, B60652B8-FDD2-FEDC-D28A-07349BDDD85B, firefox, 2018-04-10 09:41:27, contaminated
trace_3.2_fail, E41B22C9-4964-71CF-48A2-2D9ADB5D2236, firefox, 2018-04-10 09:41:27, contaminated
trace_3.2_fail, 6D56A6F7-6321-FD6A-D40F-293E3FC15344, firefox, 2018-04-10 09:41:27, contaminated
trace_3.2_fail, 6BC907E4-696D-16CB-86F1-2B439AFBE124, firefox, 2018-04-10 09:41:27, contaminated
trace_3.2_fail, ECAA8A07-85CE-77DE-E0D9-DF90E7AECBC4, firefox, 2018-04-10 09:41:27, contaminated
trace_3.2_fail, 85B2B1F9-78B1-C739-E754-FF3C653CD1BD, firefox, 2018-04-10 09:41:27, contaminated
trace_3.2_fail, 6FA4A780-E1D5-275D-B0AB-8F69B8381E80, firefox, 2018-04-10 09:41:27, contaminated
trace_3.2_fail, 809CF480-EC42-6996-AE94-67A3BCC4FAC8, firefox, 2018-04-10 09:41:27, contaminated
trace_3.2_fail, 40AB3DCC-7CC9-2F8F-F819-52016C79CAF9, firefox, 2018-04-10 09:41:27, contaminated
trace_3.2_fail, D4F42F26-67F4-5627-3E0C-A14B8480D232, firefox, 2018-04-10 09:41:27, contaminated
trace_3.2_fail, 01EDEB52-F43E-CDA2-A0C1-430A6688B7FE, firefox, 2018-04-10 09:41:27, contaminated
trace_3.2_fail, DEE0AB37-1317-7041-0CDC-27AEC9E229B7, firefox, 2018-04-10 09:41:27, contaminated
trace_3.2_fail, 7ACB6745-7069-591F-7D8B-98614B125544, firefox, 2018-04-10 09:41:27, contaminated
trace_3.2_fail, E41C1A7A-A815-B2B3-657C-05CCF549AA8B, firefox, 2018-04-10 09:41:27, contaminated
trace_3.2_fail, 0843AE60-3001-6182-1D6D-2AA1616D9E71, firefox, 2018-04-10 09:41:27, contaminated
trace_3.2_fail, 8D1963EF-F0F5-3C96-E984-6AF331D9871C, firefox, 2018-04-10 09:41:27, contaminated
trace_3.2_fail, F7FB8650-79C0-AC13-7D8C-A5EE0D779E1A, firefox, 2018-04-10 09:41:27, contaminated
trace_3.2_fail, B6B6B924-6C86-EECA-6CBA-6D7855F9EE94, firefox, 2018-04-10 09:41:27, contaminated
trace_3.2_fail, A0078202-0877-EA2B-A583-9A42322262B4, firefox, 2018-04-10 09:41:27, contaminated
trace_3.2_fail, 8872C56A-0958-6F21-B02F-E6A2B8FF36CF, firefox, 2018-04-10 09:41:27, contaminated
trace_3.2_fail, 6C73D83D-C8E5-CA36-A0D9-8848360E6023, firefox, 2018-04-10 09:41:27, contaminated
trace_3.2_fail, 4705C19A-B080-EE41-BF43-9009FAD33131, firefox, 2018-04-10 09:41:27, contaminated
trace_3.2_fail, D7B70258-FA72-D772-067D-90A4A67B976E, firefox, 2018-04-10 09:41:27, contaminated
trace_3.2_fail, ED8EEEB2-C431-703A-D9E1-99F01E8DB4A1, firefox, 2018-04-10 09:41:27, contaminated
trace_3.2_fail, 4E0A6711-22BE-E1A0-4CEB-C318F08D6653, firefox, 2018-04-10 09:41:27, contaminated
trace_3.2_fail, C367BCB7-C0D3-B58E-D47C-5DDF057B0135, firefox, 2018-04-10 09:41:27, contaminated
trace_3.2_fail, F047BA8C-40CE-D71E-0E07-45BDEA0DFC85, firefox, 2018-04-10 09:41:27, contaminated
trace_3.2_fail, 5E637A81-AC44-6493-5C39-74AE7E8B4DEF, firefox, 2018-04-10 09:41:27, contaminated
trace_3.2_fail, C750C154-0451-F552-520E-518106BC070E, firefox, 2018-04-10 09:41:28, contaminated
trace_3.2_fail, 1147E2E4-270A-8A1D-C744-0439C186ACBF, firefox, 2018-04-10 09:41:28, contaminated
trace_3.2_fail, E789EB97-6C8A-F18A-386B-0E7012A78CCB, firefox, 2018-04-10 09:41:28, contaminated
trace_3.2_fail, 29FAC8AD-DC5B-6E59-8B12-ED197366C0ED, firefox, 2018-04-10 09:41:29, contaminated
trace_3.2_fail, 9CCEA9B5-E9B4-6BB5-138F-D8DA29F91F42, firefox, 2018-04-10 09:41:29, contaminated
trace_3.2_fail, FC39D2F8-FF3E-C7A9-207E-EFD695F5AFC8, firefox, 2018-04-10 09:41:29, contaminated
trace_3.2_fail, AFAE7392-B46C-C1F2-D0AB-C7960A84B59F, firefox, 2018-04-10 09:41:30, contaminated
trace_3.2_fail, A8BBDA20-EC28-14BE-FB1B-4AF8B1C7B65D, firefox, 2018-04-10 09:41:30, contaminated
trace_3.2_fail, 04C0D139-3440-5646-3D6E-B5835BD1C054, firefox, 2018-04-10 09:41:30, contaminated
trace_3.2_fail, 5E2C902A-FA76-C2AF-311C-8294983F2E3C, firefox, 2018-04-10 09:41:30, contaminated
trace_3.2_fail, BC5B1793-E8B5-9695-1003-43CDC936BF37, firefox, 2018-04-10 09:41:30, contaminated
trace_3.2_fail, 407A94AC-FDD4-56B4-5393-53349C16D526, firefox, 2018-04-10 09:41:30, contaminated
trace_3.2_fail, C8D02D64-2C34-6B34-3F45-9E70693A2B04, firefox, 2018-04-10 09:41:30, contaminated
trace_3.2_fail, FCFD8A97-50BE-55B8-43B4-4FF93299B351, firefox, 2018-04-10 09:41:30, contaminated
trace_3.2_fail, 5A82DB21-6EBB-4FB4-ABB5-374EAABA716F, firefox, 2018-04-10 09:41:30, contaminated
trace_3.2_fail, 59882B9B-0641-3438-F44B-F0288F394FEF, firefox, 2018-04-10 09:41:30, contaminated
trace_3.2_fail, CEFE4FB0-8A2F-337F-F166-E4364BBDAD79, firefox, 2018-04-10 09:41:30, contaminated
trace_3.2_fail, E42C9D51-2E8A-3E8E-50B2-549537C2DD4C, firefox, 2018-04-10 09:41:30, contaminated
trace_3.2_fail, 11674AC4-AA28-3E3E-6264-327FD9F2891F, firefox, 2018-04-10 09:41:30, contaminated
trace_3.2_fail, 454DC611-18F1-13D9-4996-D3B4DADA5CB0, firefox, 2018-04-10 09:41:30, contaminated
trace_3.2_fail, F5542889-D40F-CAF5-3F85-9AA2A9EF7B54, firefox, 2018-04-10 09:41:30, contaminated
trace_3.2_fail, 6DA3AA96-08A9-733B-1BB4-72324A07772F, firefox, 2018-04-10 09:41:30, contaminated
trace_3.2_fail, 6222B826-E0AD-2E7A-0199-9EB60E27E1F8, firefox, 2018-04-10 09:41:30, contaminated
trace_3.2_fail, 81410B5B-4F54-E1F0-DCBA-BE3875A22AF1, firefox, 2018-04-10 09:41:31, contaminated
trace_3.2_fail, 2D9A6C45-3021-3421-5473-B9A89484A1F4, firefox, 2018-04-10 09:41:31, contaminated
trace_3.2_fail, BA316C5A-0C62-9BD0-34E0-9BD8F4B702AF, firefox, 2018-04-10 09:41:31, contaminated
trace_3.2_fail, 7D19FB6C-DF04-4D67-3BAC-039AB7FD10BD, firefox, 2018-04-10 09:41:31, contaminated
trace_3.2_fail, A1BFC8D1-0B2D-8853-9D72-A3028753FD33, firefox, 2018-04-10 09:41:31, contaminated
trace_3.2_fail, 7DD23941-D7DA-B80A-1566-F26EC7038D38, firefox, 2018-04-10 09:41:31, contaminated
trace_3.2_fail, 2D79C037-41CD-B34F-B521-52AE32CD701E, firefox, 2018-04-10 09:41:31, contaminated
trace_3.2_fail, DD85F802-16F9-827E-8E53-9C0CDA376F44, firefox, 2018-04-10 09:41:31, contaminated
trace_3.2_fail, E19A0EF8-9674-F0DF-15D7-6C3DCC8C30FB, firefox, 2018-04-10 09:41:31, contaminated
trace_3.2_fail, C54A23AC-598B-3520-DF67-E4F1781A669E, firefox, 2018-04-10 09:41:31, contaminated
trace_3.2_fail, ACC96CBA-D0C5-AC66-8859-857AA1C4B54D, firefox, 2018-04-10 09:41:31, contaminated
trace_3.2_fail, AF01E7A8-F52D-48C5-1AB5-2FD81D6216C9, firefox, 2018-04-10 09:41:31, contaminated
trace_3.2_fail, D599F06A-85C4-65BA-F538-28B3D73CF7C8, firefox, 2018-04-10 09:41:31, contaminated
trace_3.2_fail, EA4BFD0D-517B-C2D2-64C2-C873EF67F41A, firefox, 2018-04-10 09:41:31, contaminated
trace_3.2_fail, 74ACC7BB-52C7-028E-FD15-D5BC41D9CABA, firefox, 2018-04-10 09:41:31, contaminated
trace_3.2_fail, 23166B5D-D6C3-BFCB-1CDC-5A5BC1C12990, firefox, 2018-04-10 09:41:31, contaminated
trace_3.2_fail, 9950AEB5-DB8F-8CBA-A4A8-645A49B9CC37, firefox, 2018-04-10 09:41:31, contaminated
trace_3.2_fail, 94556365-CABC-9090-1443-943203893E78, firefox, 2018-04-10 09:41:31, contaminated
trace_3.2_fail, 871B7F6D-273D-7311-0E15-E77E0495E2EB, firefox, 2018-04-10 09:41:31, contaminated
trace_3.2_fail, 72D26CFC-A870-3500-488B-1593BAEF736E, firefox, 2018-04-10 09:41:31, contaminated
trace_3.2_fail, 995F92B8-DAD0-E904-74E0-0CE251FC4B4B, firefox, 2018-04-10 09:41:31, contaminated
trace_3.2_fail, 24B3338F-3585-E248-6DD7-20074BCC2DEA, firefox, 2018-04-10 09:41:31, contaminated
trace_3.2_fail, 7BE78B9A-3D70-DF10-9481-638F2ADE4E67, firefox, 2018-04-10 09:41:31, contaminated
trace_3.2_fail, F9B8AB8F-AD57-F7EA-ECF4-1CD021B47B56, firefox, 2018-04-10 09:41:31, contaminated
trace_3.2_fail, 0F61AB65-AA44-BFB9-DED6-28089A20DC90, firefox, 2018-04-10 09:41:31, contaminated
trace_3.2_fail, 6982071D-996D-B658-9095-6BCC0FD88609, firefox, 2018-04-10 09:41:31, contaminated
trace_3.2_fail, A15AE014-1B04-0F6F-61F6-DC2D89725B42, firefox, 2018-04-10 09:41:32, contaminated
trace_3.2_fail, 5F7922CF-DE7A-A3AE-42B9-A4AC1EEE0D55, firefox, 2018-04-10 09:41:32, contaminated
trace_3.2_fail, 50C5B6D5-2EEE-E5EA-B674-0ABA3B4E33F5, firefox, 2018-04-10 09:41:32, contaminated
trace_3.2_fail, D96138E1-8574-1A6E-08BA-0F826DAA9731, firefox, 2018-04-10 09:41:32, contaminated
trace_3.2_fail, D0AAC9B9-1003-2469-27DB-37D6E3198D52, firefox, 2018-04-10 09:41:32, contaminated
trace_3.2_fail, CFBA6BA9-0A8F-6FE1-8552-7AE5E64E67B2, firefox, 2018-04-10 09:41:32, contaminated
trace_3.2_fail, ECF43410-087A-DE6C-C9BA-5D5F06B27752, firefox, 2018-04-10 09:41:32, contaminated
trace_3.2_fail, 61F8070E-530D-5CC1-D3BC-A1B1D5389045, firefox, 2018-04-10 09:41:32, contaminated
trace_3.2_fail, B48042D2-1D09-7FCA-D706-7A788640B804, firefox, 2018-04-10 09:41:32, contaminated
trace_3.2_fail, CD2E81F1-ACD0-5015-9C8D-0D4A0E1015FF, firefox, 2018-04-10 09:41:33, contaminated
trace_3.2_fail, BE8CF54C-D808-8512-0811-F3D8C3F1C183, firefox, 2018-04-10 09:41:33, contaminated
trace_3.2_fail, B8D53C87-F334-52B4-E3B4-B6A7EB946ADE, firefox, 2018-04-10 09:41:33, contaminated
trace_3.2_fail, 231F2893-4A51-100D-66EA-1F6B3007AA7E, firefox, 2018-04-10 09:41:33, contaminated
trace_3.2_fail, 0F4A1753-5383-3D98-F1A9-CD4F9C28BFF9, firefox, 2018-04-10 09:41:33, contaminated
trace_3.2_fail, 5AF40ADB-E968-0ABD-C208-8CE47A4E12A1, firefox, 2018-04-10 09:41:33, contaminated
trace_3.2_fail, B6151C20-1568-37D2-C6FF-100D3AFEA285, firefox, 2018-04-10 09:41:34, contaminated
trace_3.2_fail, 641AD697-1138-A602-11CE-65818A98E133, firefox, 2018-04-10 09:41:34, contaminated
trace_3.2_fail, 2E4D30A5-A3C1-9D98-8914-7358A83D48C6, firefox, 2018-04-10 09:41:34, contaminated
trace_3.2_fail, 299F7E0B-E604-09EA-AD95-8C46D90587BF, firefox, 2018-04-10 09:41:34, contaminated
trace_3.2_fail, 38052827-CCC8-5696-40DF-D470EBB5E9C9, firefox, 2018-04-10 09:41:34, contaminated
trace_3.2_fail, 7E908A3B-C4C1-64AA-B480-F90660A0FCF0, firefox, 2018-04-10 09:41:34, contaminated
trace_3.2_fail, 225CF30E-D1BD-2D89-D58D-1B1A56236D5A, firefox, 2018-04-10 09:41:34, contaminated
trace_3.2_fail, 981D64AA-77B9-2D8D-3D3D-43A1A1622F0D, firefox, 2018-04-10 09:41:34, contaminated
trace_3.2_fail, D9302A95-9B74-5085-A1AB-60FBEC6F4816, firefox, 2018-04-10 09:41:34, contaminated
trace_3.2_fail, 14DF0E0B-B360-4EB2-A122-2E5B4C7CE7EF, firefox, 2018-04-10 09:41:34, contaminated
trace_3.2_fail, A0EBE43F-3492-8428-5A61-FBAD46DAE5A4, firefox, 2018-04-10 09:41:34, contaminated
trace_3.2_fail, C12DA458-34FB-FBF1-9A7C-E80E081B6761, firefox, 2018-04-10 09:41:34, contaminated
trace_3.2_fail, 3AB97EE4-632A-0D9B-E1F7-A113E7D1EF62, firefox, 2018-04-10 09:41:34, contaminated
trace_3.2_fail, 78AF980B-AC1B-4A82-AD8D-387C55FB3500, firefox, 2018-04-10 09:41:34, contaminated
trace_3.2_fail, BB333C8D-C504-8EF8-B05F-061354BCFEBC, firefox, 2018-04-10 09:41:34, contaminated
trace_3.2_fail, 82C1A7FF-B962-44CB-55F3-A52326307C0E, firefox, 2018-04-10 09:41:34, contaminated
trace_3.2_fail, 13E5DAAB-8F28-C0A2-FF4D-9333D41DF602, firefox, 2018-04-10 09:41:34, contaminated
trace_3.2_fail, 3C245C73-DD62-42E8-D180-3DA222F5045D, firefox, 2018-04-10 09:41:34, contaminated
trace_3.2_fail, 2281EC76-6CE7-0EB6-2463-EC45C1536CE7, firefox, 2018-04-10 09:41:34, contaminated
trace_3.2_fail, 974BAD6B-4CE5-71DB-4FCF-DDD712BACE18, firefox, 2018-04-10 09:41:35, contaminated
trace_3.2_fail, 63BA5186-8AEE-69C5-F6CA-7E8ED455E7EF, firefox, 2018-04-10 09:41:35, contaminated
trace_3.2_fail, 672D8A19-E532-D86A-A169-3C1C5A783E2B, firefox, 2018-04-10 09:41:35, contaminated
trace_3.2_fail, BDB1C87A-C140-5474-A972-150B87FD0AEB, firefox, 2018-04-10 09:41:35, contaminated
trace_3.2_fail, F934A335-DEF5-2134-12A5-C31D1FF82EE2, firefox, 2018-04-10 09:41:35, contaminated
trace_3.2_fail, 4104387F-0E30-02C6-BEA3-4BD92ECCFFD0, firefox, 2018-04-10 09:41:36, contaminated
trace_3.2_fail, 4D25A49C-C5E2-02FB-4D6D-EC2C17DC9FD5, firefox, 2018-04-10 09:41:36, contaminated
trace_3.2_fail, 2B4CE08E-4E49-4072-F6AD-7D3B67465294, firefox, 2018-04-10 09:41:36, contaminated
trace_3.2_fail, 1D1D03F5-23E5-DC40-2714-DA744C699337, firefox, 2018-04-10 09:41:36, contaminated
trace_3.2_fail, BE33C653-6CAD-DE49-CCE4-D98D60308A24, firefox, 2018-04-10 09:41:36, contaminated
trace_3.2_fail, 62C0E214-1935-5EAC-7141-76D90D1CFCEE, firefox, 2018-04-10 09:41:36, contaminated
trace_3.2_fail, 09A97130-58F2-9A21-26FF-6D8064D0E24C, firefox, 2018-04-10 09:41:36, contaminated
trace_3.2_fail, FF24A2F7-26A8-4848-909F-7768B4593602, firefox, 2018-04-10 09:41:36, contaminated
trace_3.2_fail, 1E08D0F4-006B-A335-5102-ABE812B8D12E, firefox, 2018-04-10 09:41:36, contaminated
trace_3.2_fail, 04EF319D-0ADF-225E-924C-2847A83C9EB4, firefox, 2018-04-10 09:41:36, contaminated
trace_3.2_fail, 30345328-2F4E-119F-37E6-B155B6D7A5FA, firefox, 2018-04-10 09:41:37, contaminated
trace_3.2_fail, 2C71FB30-07E3-2AB7-15BD-57B376468FF0, firefox, 2018-04-10 09:41:37, contaminated
trace_3.2_fail, 03566611-6A6F-0086-D469-4A6975F326AB, firefox, 2018-04-10 09:41:37, contaminated
trace_3.2_fail, 23B90AF1-FDD4-C4BB-3ECF-478EB4C3738C, firefox, 2018-04-10 09:41:37, contaminated
trace_3.2_fail, 708B09A8-E5A3-8326-2955-3A0EAB1EEA25, firefox, 2018-04-10 09:41:37, contaminated
trace_3.2_fail, 27F890A9-AD27-58A0-C55F-A418FC7F638A, firefox, 2018-04-10 09:41:37, contaminated
trace_3.2_fail, 11F00A8A-E9ED-B54B-2FEB-C69A2916BFFC, firefox, 2018-04-10 09:41:37, contaminated
trace_3.2_fail, 166FC8C7-E228-0BE3-7FC3-9DC59AB4D51B, firefox, 2018-04-10 09:41:37, contaminated
trace_3.2_fail, B144FA49-6D32-DC3C-BCA6-4109C50D1A34, firefox, 2018-04-10 09:41:37, contaminated
trace_3.2_fail, D8DC497C-D79E-9303-4A9A-109F41E00BEF, firefox, 2018-04-10 09:41:37, contaminated
trace_3.2_fail, A4116034-EAE1-8E85-5FE3-2B5F9685C507, firefox, 2018-04-10 09:41:37, contaminated
trace_3.2_fail, 47EA6969-E084-0DAE-4B99-741802B3A6F6, firefox, 2018-04-10 09:41:37, contaminated
trace_3.2_fail, 787273D0-E198-AD55-2693-047A26AA93E4, firefox, 2018-04-10 09:41:37, contaminated
trace_3.2_fail, 8887C2C5-4F39-5C25-DAFD-0755A6D5C956, firefox, 2018-04-10 09:41:37, contaminated
trace_3.2_fail, 8E04C69F-4B96-75F5-B300-3C2A808FC078, firefox, 2018-04-10 09:41:37, contaminated
trace_3.2_fail, 3790F3A9-8BC3-79DD-B6CD-D0E20DB14102, firefox, 2018-04-10 09:41:38, contaminated
trace_3.2_fail, AEA49E13-B002-A091-5CD1-E4A531D21137, firefox, 2018-04-10 09:41:38, contaminated
trace_3.2_fail, B448F3F5-8755-3F38-78DF-99D30AF7F89B, firefox, 2018-04-10 09:41:38, contaminated
trace_3.2_fail, A8B7A239-C01D-C672-6C23-DFFD51CCE87F, firefox, 2018-04-10 09:41:38, contaminated
trace_3.2_fail, 2AEC99DC-D860-F507-8F5B-C0FF3F0EA268, firefox, 2018-04-10 09:41:38, contaminated
trace_3.2_fail, 63204CFB-6704-BE32-6AA8-261B089D371B, firefox, 2018-04-10 09:41:38, contaminated
trace_3.2_fail, 94CC5F0B-498E-07EB-AA83-B7F235864029, firefox, 2018-04-10 09:41:38, contaminated
trace_3.2_fail, 86881645-375F-FF03-0198-4AFB56B3602F, firefox, 2018-04-10 09:41:38, contaminated
trace_3.2_fail, 827036F8-B200-1514-2DCA-03BB60E4E8CA, firefox, 2018-04-10 09:41:38, contaminated
trace_3.2_fail, ECD58939-8A7B-93DD-056C-4D0FF79C111A, firefox, 2018-04-10 09:41:38, contaminated
trace_3.2_fail, 0CE3F999-95D1-AE66-9154-579F0A33F42B, firefox, 2018-04-10 09:41:38, contaminated
trace_3.2_fail, FF89A2D2-CCF2-5D6B-7922-17A4070D8490, firefox, 2018-04-10 09:41:38, contaminated
trace_3.2_fail, C0C928F0-6D69-F6BA-0D86-6A0B6942CF6A, firefox, 2018-04-10 09:41:38, contaminated
trace_3.2_fail, 4DF7D834-83CA-10B6-D2B7-4F874D688CE3, firefox, 2018-04-10 09:41:38, contaminated
trace_3.2_fail, A6C3C791-F918-686C-707F-75E2AF3F708E, firefox, 2018-04-10 09:41:38, contaminated
trace_3.2_fail, 6DBBD67F-7FA6-CE19-8823-64ACD967AA54, firefox, 2018-04-10 09:41:38, contaminated
trace_3.2_fail, 30301113-3A21-A953-3AEC-8BE238D15CDD, firefox, 2018-04-10 09:41:39, contaminated
trace_3.2_fail, DF003CC0-1DFF-DDBB-7C5A-9A32BC39E040, firefox, 2018-04-10 09:41:39, contaminated
trace_3.2_fail, A306A7DC-184E-13F1-EA44-611BE1674FAE, firefox, 2018-04-10 09:41:39, contaminated
trace_3.2_fail, D2C59858-B15A-52E1-2B28-CB04EDBE11CE, firefox, 2018-04-10 09:41:39, contaminated
trace_3.2_fail, ADD8FFAB-5B34-3DBB-ACA0-268E7AA26F26, firefox, 2018-04-10 09:41:39, contaminated
trace_3.2_fail, E4325B6E-33B9-550A-FA98-015969CC37DC, firefox, 2018-04-10 09:41:39, contaminated
trace_3.2_fail, 6BA818F5-9AB9-BDB2-5183-59A4448BC451, firefox, 2018-04-10 09:41:40, contaminated
trace_3.2_fail, 1AE92FBC-FAC3-772F-45E4-0BC31385E4E6, firefox, 2018-04-10 09:41:40, contaminated
trace_3.2_fail, 98617238-12EF-4D26-CC91-EC377EC5E8E2, firefox, 2018-04-10 09:41:40, contaminated
trace_3.2_fail, 01353285-69B3-6EFD-997F-B2724F78098C, firefox, 2018-04-10 09:41:40, contaminated
trace_3.2_fail, CA74FB81-D9A8-2EDF-5FBD-6585C722991A, firefox, 2018-04-10 09:41:40, contaminated
trace_3.2_fail, 4060A99B-57CE-6C83-A114-05C91DAA51A7, firefox, 2018-04-10 09:41:40, contaminated
trace_3.2_fail, ADF8222C-D357-17C5-36A4-98A206E0CAEB, firefox, 2018-04-10 09:41:41, contaminated
trace_3.2_fail, 986959B3-6756-F9AF-A5C2-8809ABD143C7, firefox, 2018-04-10 09:41:41, contaminated
trace_3.2_fail, 4216C0FB-108A-37CC-608E-45005FEFF7D9, firefox, 2018-04-10 09:41:41, contaminated
trace_3.2_fail, 8E827AB6-152C-90E7-7CA6-455A73385435, firefox, 2018-04-10 09:41:41, contaminated
trace_3.2_fail, DAB85621-8AE3-853B-379F-A0D8BAC95338, firefox, 2018-04-10 09:41:41, contaminated
trace_3.2_fail, 8FCF0652-4DFE-F9ED-BAAF-6812B461D708, firefox, 2018-04-10 09:41:41, contaminated
trace_3.2_fail, 1C4CE5A0-E9CD-AB0F-BF3D-106A21E9715B, firefox, 2018-04-10 09:41:41, contaminated
trace_3.2_fail, E801DCE9-6DAB-0CE0-7D38-1F21C63CB3CF, firefox, 2018-04-10 09:41:41, contaminated
trace_3.2_fail, 7FED5548-C703-A9D9-4322-81E8C00EBD2E, firefox, 2018-04-10 09:41:41, contaminated
trace_3.2_fail, FBD8AB2C-0E77-D7DA-2D5F-93EBA40F6F41, firefox, 2018-04-10 09:41:41, contaminated
trace_3.2_fail, 7E8914BA-7EFC-39FF-7A32-96063AC81DA8, firefox, 2018-04-10 09:41:41, contaminated
trace_3.2_fail, 2035EA04-C188-D305-9E4F-4363C3EFF4AD, firefox, 2018-04-10 09:41:41, contaminated
trace_3.2_fail, F96E26DD-1307-C8DC-CDC4-A9DAC854B564, firefox, 2018-04-10 09:41:41, contaminated
trace_3.2_fail, 40C10EDE-2A39-0C1F-40F8-ACFFE6CEC0E5, firefox, 2018-04-10 09:41:41, contaminated
trace_3.2_fail, 9CF879E3-F341-D338-8F09-D10457BB81E4, firefox, 2018-04-10 09:41:41, contaminated
trace_3.2_fail, C6848E3E-0871-FFDD-AD41-D4E0D9A5E45A, firefox, 2018-04-10 09:41:41, contaminated
trace_3.2_fail, 464D7D58-D66B-688F-6C03-AD2833CD5DA4, firefox, 2018-04-10 09:41:41, contaminated
trace_3.2_fail, A11CE70B-6CEC-0FAB-02DD-4D606E7CC508, firefox, 2018-04-10 09:41:41, contaminated
trace_3.2_fail, 2D4FEDB6-4377-9E7A-B9A1-E6969BEC354C, firefox, 2018-04-10 09:41:41, contaminated
trace_3.2_fail, 21BFD834-A17F-6612-CD2D-6FB94C6A156F, firefox, 2018-04-10 09:41:41, contaminated
trace_3.2_fail, A50BC54C-8CA3-F3A9-1035-F2FE0232FD51, firefox, 2018-04-10 09:41:41, contaminated
trace_3.2_fail, DD2E48B9-3AA1-0B45-BE32-F89F24F9E84C, firefox, 2018-04-10 09:41:41, contaminated
trace_3.2_fail, E93EBB12-8EA3-6B59-E62F-0D28A47CB2A7, firefox, 2018-04-10 09:41:41, contaminated
trace_3.2_fail, 7239493C-F1CD-C8BF-7C70-FF9100DFB247, firefox, 2018-04-10 09:41:41, contaminated
trace_3.2_fail, 6126FDCE-D375-533C-606D-751D06294D0A, firefox, 2018-04-10 09:41:41, contaminated
trace_3.2_fail, 1780C2C6-7775-9B3C-9F40-E308A021E6A9, firefox, 2018-04-10 09:41:42, contaminated
trace_3.2_fail, 790F360E-4F99-BA46-6674-CA6B5FF7D034, firefox, 2018-04-10 09:41:42, contaminated
trace_3.2_fail, 7B22E80F-A2C1-7E04-003F-09AC01716E5C, firefox, 2018-04-10 09:41:42, contaminated
trace_3.2_fail, F4EBA2B6-9AA3-F668-738A-E568E29C1F8E, firefox, 2018-04-10 09:41:42, contaminated
trace_3.2_fail, 1766025B-8BF5-4235-C29E-5FC665778E6B, firefox, 2018-04-10 09:41:42, contaminated
trace_3.2_fail, 0E331B04-DA5F-1B07-4C19-DA673BAB568F, firefox, 2018-04-10 09:41:42, contaminated
trace_3.2_fail, 30CFD6B2-4D24-DEAB-4288-7151A347BB98, firefox, 2018-04-10 09:41:42, contaminated
trace_3.2_fail, 5928F0E8-3862-B278-79BB-9E4BAEC9EE9C, firefox, 2018-04-10 09:41:42, contaminated
trace_3.2_fail, A38329E7-9CCB-D3EB-6B1A-063BE1E0A781, firefox, 2018-04-10 09:41:42, contaminated
trace_3.2_fail, BE8090B4-EDA0-52F5-BBE0-897E0DCFF331, firefox, 2018-04-10 09:41:42, contaminated
trace_3.2_fail, 6F24D35E-9492-8928-2AD6-001390E22325, firefox, 2018-04-10 09:41:42, contaminated
trace_3.2_fail, 3B230CB5-7781-192D-061C-C6668BF09D34, firefox, 2018-04-10 09:41:42, contaminated
trace_3.2_fail, 4C5EE031-4A25-D569-CA5E-F382CAD54BDD, firefox, 2018-04-10 09:41:42, contaminated
trace_3.2_fail, 87D787F7-F28A-0FDF-19AB-FCDAF6C40A47, firefox, 2018-04-10 09:41:42, contaminated
trace_3.2_fail, F7CF272F-F53E-EA97-66B3-2A729D185B66, firefox, 2018-04-10 09:41:42, contaminated
trace_3.2_fail, F430C5CD-5493-06FF-3A9D-2A2C7DF735ED, firefox, 2018-04-10 09:41:43, contaminated
trace_3.2_fail, D8ADD584-B228-1B3B-92EA-B4133473C53D, firefox, 2018-04-10 09:41:43, contaminated
trace_3.2_fail, DEDBBDCC-BF76-0E5B-F074-173D57ABDE95, firefox, 2018-04-10 09:41:43, contaminated
trace_3.2_fail, 1614F875-A23E-099C-52A5-8C2EBAC00801, firefox, 2018-04-10 09:41:43, contaminated
trace_3.2_fail, 3F6029FD-AED0-45F9-53DA-69E877871710, firefox, 2018-04-10 09:41:43, contaminated
trace_3.2_fail, B9A7130F-2D82-1BFC-55E6-6211DAEB79A7, firefox, 2018-04-10 09:41:43, contaminated
trace_3.2_fail, D44F03B3-9D1E-AFA9-8E4D-53AAFD3563AF, firefox, 2018-04-10 09:41:43, contaminated
trace_3.2_fail, 39615170-A027-86C4-5AD0-16BA2C07D34A, firefox, 2018-04-10 09:41:43, contaminated
trace_3.2_fail, 2C5612BA-722B-DC39-A07A-8E2F4D5F79FC, firefox, 2018-04-10 09:41:43, contaminated
trace_3.2_fail, BA47B4B1-F2F8-2D25-DC65-4229E0338C61, firefox, 2018-04-10 09:41:43, contaminated
trace_3.2_fail, BF6A0C00-C5E8-ACCB-80C7-3DACC43FA5BA, firefox, 2018-04-10 09:41:43, contaminated
trace_3.2_fail, 01653BBF-0CB7-C1AF-6283-DEB3F656B2C8, firefox, 2018-04-10 09:41:43, contaminated
trace_3.2_fail, 0A1F3D73-2022-ECDD-B4E3-F9DC86DC975D, firefox, 2018-04-10 09:41:43, contaminated
trace_3.2_fail, 10F9A760-CB06-C4E1-1641-E785409F8679, firefox, 2018-04-10 09:41:43, contaminated
trace_3.2_fail, 675BEA3C-A8D9-F223-C17F-6579A4C836EC, firefox, 2018-04-10 09:41:43, contaminated
trace_3.2_fail, 5D1F9080-DA2B-B113-49D4-D373658D4C46, firefox, 2018-04-10 09:41:43, contaminated
trace_3.2_fail, F2767BB4-3839-0739-7E60-2E1351517BD5, firefox, 2018-04-10 09:41:43, contaminated
trace_3.2_fail, FE632CAB-0DB1-D833-EC0A-B5940402154B, firefox, 2018-04-10 09:41:43, contaminated
trace_3.2_fail, B08B8C3F-6D20-4B43-5FA5-401D7EF6FAF0, firefox, 2018-04-10 09:41:43, contaminated
trace_3.2_fail, A9316C6E-3A97-8531-F718-9425D5220CE6, firefox, 2018-04-10 09:41:43, contaminated
trace_3.2_fail, 094E9E10-7A9C-1186-65B5-B9845CA2AFA7, firefox, 2018-04-10 09:41:43, contaminated
trace_3.2_fail, E97634DE-5D7E-2E39-0B64-83E9F6BF6D69, firefox, 2018-04-10 09:41:43, contaminated
trace_3.2_fail, 88C1527B-2EF1-5245-E966-FCD7EE5FEF1A, firefox, 2018-04-10 09:41:43, contaminated
trace_3.2_fail, F8A1E2C5-0646-933C-4F2F-FA69B39DB1C0, firefox, 2018-04-10 09:41:43, contaminated
trace_3.2_fail, 403856CA-FDF6-E735-F4B7-7B2ECAE68EC2, firefox, 2018-04-10 09:41:43, contaminated
trace_3.2_fail, 9D955322-7C90-72A8-FC2F-BB8B4C1DA105, firefox, 2018-04-10 09:41:43, contaminated
trace_3.2_fail, 4C21D98E-B6DF-121A-47C2-94786A6D4536, firefox, 2018-04-10 09:41:43, contaminated
trace_3.2_fail, C9DF4675-3133-E13E-1822-FC7E7E0D193F, firefox, 2018-04-10 09:41:43, contaminated
trace_3.2_fail, D48FC0DF-9420-309D-B337-65E9319BFEC4, firefox, 2018-04-10 09:41:43, contaminated
trace_3.2_fail, 2FDE4DC6-2F22-F854-463C-C812FD16D7D8, firefox, 2018-04-10 09:41:43, contaminated
trace_3.2_fail, 3AC7ADDF-8647-F8DD-B9FB-5A74EE8BCD72, firefox, 2018-04-10 09:41:43, contaminated
trace_3.2_fail, 5E6C10B4-5DDD-7347-CDC6-D6ECCBBC2CEB, firefox, 2018-04-10 09:41:43, contaminated
trace_3.2_fail, 8426D746-90B7-7280-4893-30AD2853332B, firefox, 2018-04-10 09:41:43, contaminated
trace_3.2_fail, 7E288296-B285-6221-4B0A-7223E43B7E54, firefox, 2018-04-10 09:41:43, contaminated
trace_3.2_fail, F4BD9BE2-71AF-5F81-797C-01C532587646, firefox, 2018-04-10 09:41:43, contaminated
trace_3.2_fail, 68B27911-9BD3-0B05-82C6-27FA29C3B366, firefox, 2018-04-10 09:41:43, contaminated
trace_3.2_fail, 3449C7B1-1034-CC18-4CA3-BCF95A048F07, firefox, 2018-04-10 09:41:43, contaminated
trace_3.2_fail, 346E8050-D0E1-AF8E-F955-A43E467ADD8C, firefox, 2018-04-10 09:41:43, contaminated
trace_3.2_fail, 65929367-5EDA-92D0-E7F2-C34A71D423B6, firefox, 2018-04-10 09:41:43, contaminated
trace_3.2_fail, 3EB184FD-5CF0-042D-1349-E7B6FAA5BA04, firefox, 2018-04-10 09:41:43, contaminated
trace_3.2_fail, 3973D0C7-A027-3A56-7FAC-E2DA385F418B, firefox, 2018-04-10 09:41:43, contaminated
trace_3.2_fail, 58B9A41E-03E1-7CAE-C335-FB49CCF4DE28, firefox, 2018-04-10 09:41:43, contaminated
trace_3.2_fail, 7DA7D7A9-8537-0479-30E9-5D246C8BCB37, firefox, 2018-04-10 09:41:43, contaminated
trace_3.2_fail, A7D878C9-3928-FAFB-1DB0-8BCFB24D3547, firefox, 2018-04-10 09:41:43, contaminated
trace_3.2_fail, 0137A485-3F1B-519F-4D92-C8742ABB1457, firefox, 2018-04-10 09:41:43, contaminated
trace_3.2_fail, 58F139B8-E011-8186-50BF-7EB42821036F, firefox, 2018-04-10 09:41:43, contaminated
trace_3.2_fail, 86244542-B753-4253-155D-9135DC355C61, firefox, 2018-04-10 09:41:43, contaminated
trace_3.2_fail, E882326C-95E7-8AE6-D239-61428F108D51, firefox, 2018-04-10 09:41:43, contaminated
trace_3.2_fail, 6A9C054B-1D9E-DC2D-9317-7EB61724C946, firefox, 2018-04-10 09:41:43, contaminated
trace_3.2_fail, 5C1E8904-3EE5-5BF8-64B5-CED90A78B67F, firefox, 2018-04-10 09:41:44, contaminated
trace_3.2_fail, 42EF9A03-E302-484F-6509-567BC630640A, firefox, 2018-04-10 09:41:44, contaminated
trace_3.2_fail, 0B00FB03-C696-D624-8681-F5D3F63EFDD2, firefox, 2018-04-10 09:41:45, contaminated
trace_3.2_fail, 66158404-34B3-2080-5479-E2F3AF0A2297, firefox, 2018-04-10 09:41:45, contaminated
trace_3.2_fail, 0244F959-D229-EBEE-F032-E54ABDBCB3F1, firefox, 2018-04-10 09:41:46, contaminated
trace_3.2_fail, E5221079-3783-2102-C9B7-4DAF782B0C7A, firefox, 2018-04-10 09:41:46, contaminated
trace_3.2_fail, 426D4793-F591-2978-BB1A-1BB6BFDA5BE0, firefox, 2018-04-10 09:41:46, contaminated
trace_3.2_fail, 819D4967-2F23-04A9-1738-55BB04A97960, firefox, 2018-04-10 09:41:46, contaminated
trace_3.2_fail, ECDD1607-0597-35CA-BACE-976DF929D363, firefox, 2018-04-10 09:41:47, contaminated
trace_3.2_fail, BF71A1AF-AA30-F109-CF12-1A767037448A, firefox, 2018-04-10 09:41:47, contaminated
trace_3.2_fail, F544D87E-581C-FBBB-E9E3-7DB79ABBE176, firefox, 2018-04-10 09:41:47, contaminated
trace_3.2_fail, C883E62E-D0B5-32A4-1A1A-CB5A58BF53E2, firefox, 2018-04-10 09:41:47, contaminated
trace_3.2_fail, B599060C-BDD5-188F-2831-31FB3DDC1842, firefox, 2018-04-10 09:41:47, contaminated
trace_3.2_fail, 4D60DE84-35C6-3B3B-68A5-DA6C5332DB11, firefox, 2018-04-10 09:41:47, contaminated
trace_3.2_fail, C760623A-886D-9E7E-9C50-102E8404F8CA, firefox, 2018-04-10 09:41:48, contaminated
trace_3.2_fail, 9B658523-6611-3B7A-D8C1-C9EADED01AB7, firefox, 2018-04-10 09:41:48, contaminated
trace_3.2_fail, 70B52D55-378E-F6DD-8354-8C26D8E1E467, firefox, 2018-04-10 09:41:48, contaminated
trace_3.2_fail, A1B42490-A13A-7EA0-987C-2A14E6ECF932, firefox, 2018-04-10 09:41:48, contaminated
trace_3.2_fail, 5B87D965-33BF-4AC5-DA01-388BA5412D06, firefox, 2018-04-10 09:41:48, contaminated
trace_3.2_fail, 4F2C3DB7-4705-1DDE-0B08-A384CFA8F408, firefox, 2018-04-10 09:41:48, contaminated
trace_3.2_fail, E0489A91-46E4-81BD-1865-DBB27E072C5A, firefox, 2018-04-10 09:41:48, contaminated
trace_3.2_fail, 94344CA5-7731-40C8-F772-667843C92019, firefox, 2018-04-10 09:41:48, contaminated
trace_3.2_fail, 09D52809-8E41-008C-C91A-44C92A1DB862, firefox, 2018-04-10 09:41:48, contaminated
trace_3.2_fail, FA82715F-8476-2B01-E385-EB8717DE7854, firefox, 2018-04-10 09:41:48, contaminated
trace_3.2_fail, E5BD6F6F-D68C-C254-35AB-D8C821639D22, firefox, 2018-04-10 09:41:48, contaminated
trace_3.2_fail, E0F63AA1-DE03-A9FE-EB44-6803B1475F60, firefox, 2018-04-10 09:41:48, contaminated
trace_3.2_fail, 17C1DE2B-4ECD-8395-BA1C-3FBB4DB8F503, firefox, 2018-04-10 09:41:49, contaminated
trace_3.2_fail, FD628D18-BB44-374A-E3A5-6F18BCD056DE, firefox, 2018-04-10 09:41:49, contaminated
trace_3.2_fail, EA6FE79C-86A5-A99B-5BD6-D8502A7FED0A, firefox, 2018-04-10 09:41:49, contaminated
trace_3.2_fail, 17A10ECC-492C-7FEB-8808-939ADF91C0D3, firefox, 2018-04-10 09:41:49, contaminated
trace_3.2_fail, 35FC4D40-EB90-A53A-BA79-DD886BE72D09, firefox, 2018-04-10 09:41:50, contaminated
trace_3.2_fail, 00F847CA-2621-2E88-1B8A-2D76ED308134, firefox, 2018-04-10 09:41:50, contaminated
trace_3.2_fail, CBAB1D86-7755-E9AB-1EAF-59249BAE4740, firefox, 2018-04-10 09:41:50, contaminated
trace_3.2_fail, 4ED5319B-E6D4-1A5E-28C8-02CA73FD8201, firefox, 2018-04-10 09:41:50, contaminated
trace_3.2_fail, 9A31E628-7448-E6BE-F8B2-3C1BD80BDB08, firefox, 2018-04-10 09:41:50, contaminated
trace_3.2_fail, 62873175-B83C-4640-C479-0D90F49C3680, firefox, 2018-04-10 09:41:50, contaminated
trace_3.2_fail, 4725471A-55CB-8F57-6072-41F657E52799, firefox, 2018-04-10 09:41:50, contaminated
trace_3.2_fail, 74066AFF-981F-0340-35FD-8A8C48182930, firefox, 2018-04-10 09:41:50, contaminated
trace_3.2_fail, 140200FF-0173-2E7F-7A73-D34D76E8AC9C, firefox, 2018-04-10 09:41:50, contaminated
trace_3.2_fail, A951E4CD-4A49-6012-E160-8E5E26E713C1, firefox, 2018-04-10 09:41:50, contaminated
trace_3.2_fail, A81979F4-72AC-EC97-1CE1-A7E7E9840988, firefox, 2018-04-10 09:41:50, contaminated
trace_3.2_fail, 09C31F44-090E-3CC4-2C47-FCCC32E74077, firefox, 2018-04-10 09:41:50, contaminated
trace_3.2_fail, 795F0C55-E86B-C246-9155-8431F5D7E9ED, firefox, 2018-04-10 09:41:50, contaminated
trace_3.2_fail, E709ADD3-E475-D5E7-B961-5A7F22D58364, firefox, 2018-04-10 09:41:50, contaminated
trace_3.2_fail, AEE0C85E-1CF6-A635-829C-B4963C104E23, firefox, 2018-04-10 09:41:50, contaminated
trace_3.2_fail, EA6EF1DA-0951-8ABB-C5C0-17D23DF0ADDC, firefox, 2018-04-10 09:41:50, contaminated
trace_3.2_fail, ECD3C540-B277-9538-4E7F-2AC9123DF784, firefox, 2018-04-10 09:41:50, contaminated
trace_3.2_fail, 419DC7E4-AEE9-8180-0A5F-38F5D9359C8A, firefox, 2018-04-10 09:41:50, contaminated
trace_3.2_fail, 113B09B2-4907-9663-EFC3-E8A294FC323A, firefox, 2018-04-10 09:41:50, contaminated
trace_3.2_fail, 5EE64374-A0E2-974A-D13E-C7491912FE6F, firefox, 2018-04-10 09:41:50, contaminated
trace_3.2_fail, DC42B525-3558-5DC6-B257-7B332C3ED015, firefox, 2018-04-10 09:41:50, contaminated
trace_3.2_fail, 692AB26E-BABD-35D7-2740-E2E1E4070FF5, firefox, 2018-04-10 09:41:50, contaminated
trace_3.2_fail, 43AA0CDF-7598-87CF-C646-4B36E0FC47AC, firefox, 2018-04-10 09:41:50, contaminated
trace_3.2_fail, 341FD724-AAAB-10C7-B3F6-A514DE4CCD3B, firefox, 2018-04-10 09:41:50, contaminated
trace_3.2_fail, E7567932-5A7D-CD5C-FAD8-45AD65E365E7, firefox, 2018-04-10 09:41:50, contaminated
trace_3.2_fail, 82856C18-D4CC-B314-94A4-E21F1D09228F, firefox, 2018-04-10 09:41:50, contaminated
trace_3.2_fail, E1D9DBA7-DAF4-33E4-3B61-CDB2DDBEF75A, firefox, 2018-04-10 09:41:50, contaminated
trace_3.2_fail, BE66EA8B-FD16-8F48-4697-4A83CFE2AD1A, firefox, 2018-04-10 09:41:50, contaminated
trace_3.2_fail, 6DB4979C-7D1F-50F5-DE07-CD4603A7C165, firefox, 2018-04-10 09:41:50, contaminated
trace_3.2_fail, 1389B95A-A963-68B1-6983-ECC75794D4B7, firefox, 2018-04-10 09:41:50, contaminated
trace_3.2_fail, 7C2D3201-1ECC-74CE-24CE-3B2B5378F439, firefox, 2018-04-10 09:41:50, contaminated
trace_3.2_fail, 00B83401-A3EA-723B-7E26-919D3580C52B, firefox, 2018-04-10 09:41:50, contaminated
trace_3.2_fail, 93B6BEA6-ED7D-7DD9-3C60-F8250167BCC6, firefox, 2018-04-10 09:41:50, contaminated
trace_3.2_fail, 0D2C958F-D9EF-9234-1C54-E06FC42FCB7A, firefox, 2018-04-10 09:41:50, contaminated
trace_3.2_fail, D3825382-3E95-916D-DFBF-9048E88953F4, firefox, 2018-04-10 09:41:50, contaminated
trace_3.2_fail, 65C8B4D0-BF08-AE5E-9EFB-77CF7B49204A, firefox, 2018-04-10 09:41:50, contaminated
trace_3.2_fail, C3ECEBA9-AF02-789A-2306-21A6D277D273, firefox, 2018-04-10 09:41:50, contaminated
trace_3.2_fail, E9CA9956-C951-9E0B-DB2F-4E03BB3A90B5, firefox, 2018-04-10 09:41:50, contaminated
trace_3.2_fail, 77891249-0204-0D3E-3E52-362EE811F44C, firefox, 2018-04-10 09:41:50, contaminated
trace_3.2_fail, D2D2DE0B-9F67-BFEB-89DE-2572E2EFAAC9, firefox, 2018-04-10 09:41:50, contaminated
trace_3.2_fail, 06C3A76C-89A0-5303-1806-A2C6E4DF4BBE, firefox, 2018-04-10 09:41:50, contaminated
trace_3.2_fail, 0475DF2B-DB4A-7F32-EB02-539C6A700455, firefox, 2018-04-10 09:41:50, contaminated
trace_3.2_fail, 48078FB0-204F-D437-990E-025D49D023D6, firefox, 2018-04-10 09:41:50, contaminated
trace_3.2_fail, C3C1C5AB-F383-F076-7D53-6CD2FBFEAD80, firefox, 2018-04-10 09:41:50, contaminated
trace_3.2_fail, 12301CE3-7A23-1179-AFFC-5210D67249F3, firefox, 2018-04-10 09:41:50, contaminated
trace_3.2_fail, 73CEB2FC-A47F-2CCD-EE35-FEEE56A77A7C, firefox, 2018-04-10 09:41:50, contaminated
trace_3.2_fail, 7BBC5E41-D0DE-BC30-4F94-F2BEB0A8FD32, firefox, 2018-04-10 09:41:50, contaminated
trace_3.2_fail, 07E27BC9-D761-9681-B807-1DBC4709CA35, firefox, 2018-04-10 09:41:50, contaminated
trace_3.2_fail, 324EE9E5-A3D9-159F-FCB6-073949815D09, firefox, 2018-04-10 09:41:50, contaminated
trace_3.2_fail, C30014D8-7CAC-D64C-F961-EE34CD1B316B, firefox, 2018-04-10 09:41:50, contaminated
trace_3.2_fail, A92FBEA0-A008-1FAB-050E-29DE54E9DC4D, firefox, 2018-04-10 09:41:50, contaminated
trace_3.2_fail, E05FB47A-8A50-B3B7-F099-343782D703C6, firefox, 2018-04-10 09:41:50, contaminated
trace_3.2_fail, D9A29139-A497-F477-8DB6-606E8C2660A6, firefox, 2018-04-10 09:41:50, contaminated
trace_3.2_fail, 537485E1-EA23-97AC-A4F4-D3F6C8788A09, firefox, 2018-04-10 09:41:50, contaminated
trace_3.2_fail, 353D57CD-1C05-F528-F9C7-CEC4990F6139, firefox, 2018-04-10 09:41:50, contaminated
trace_3.2_fail, 75B2E892-F33C-B595-35E0-D0531E3F4B63, firefox, 2018-04-10 09:41:50, contaminated
trace_3.2_fail, EAC741FB-5DC3-3B94-95F2-350A199A751A, firefox, 2018-04-10 09:41:50, contaminated
trace_3.2_fail, 238905F1-B7FF-BC71-F792-00D767723567, firefox, 2018-04-10 09:41:50, contaminated
trace_3.2_fail, 78EC0D71-1F44-8468-5270-9C1DAB6CEEB5, firefox, 2018-04-10 09:41:50, contaminated
trace_3.2_fail, 7280CF67-664C-6878-40F2-1BA3EB943371, firefox, 2018-04-10 09:41:50, contaminated
trace_3.2_fail, AC313E80-7FE4-5505-FCCE-9A20910DD43F, firefox, 2018-04-10 09:41:50, contaminated
trace_3.2_fail, 7B20DE44-D59F-A5F8-BC0D-986027BB6C08, firefox, 2018-04-10 09:41:50, contaminated
trace_3.2_fail, 84A8E258-AFDC-8267-0E3B-D393DE33BE81, firefox, 2018-04-10 09:41:50, contaminated
trace_3.2_fail, B74EF0EB-BC5C-6D68-A583-130E58AC613C, firefox, 2018-04-10 09:41:50, contaminated
trace_3.2_fail, 01BBF70F-C98E-B9DA-28C3-7F2C176A2C6C, firefox, 2018-04-10 09:41:50, contaminated
trace_3.2_fail, 77EA3DBE-D8DD-4751-BEBC-E14375A9E988, firefox, 2018-04-10 09:41:50, contaminated
trace_3.2_fail, 26E807FA-0AAC-E7A1-CD01-39C1D93A74C7, firefox, 2018-04-10 09:41:50, contaminated
trace_3.2_fail, 2A0BD8E7-1E2A-8F5F-218E-B4B4E44C9D49, firefox, 2018-04-10 09:41:50, contaminated
trace_3.2_fail, F8FE65A9-9D23-0480-FFD6-77CB5417F0A1, firefox, 2018-04-10 09:41:50, contaminated
trace_3.2_fail, 26C14AD3-7246-E6D3-6946-D6A9C9F21A07, firefox, 2018-04-10 09:41:50, contaminated
trace_3.2_fail, 8F21CE6D-2513-9096-10E4-6646C87B034A, firefox, 2018-04-10 09:41:50, contaminated
trace_3.2_fail, C754E5DF-B708-CCC3-E16A-62DFE1159894, firefox, 2018-04-10 09:41:50, contaminated
trace_3.2_fail, DDF755AF-A6AA-F5C6-70FD-E1F726080755, firefox, 2018-04-10 09:41:50, contaminated
trace_3.2_fail, E78F4AA0-6978-F0B8-4B11-931264642CBE, firefox, 2018-04-10 09:41:50, contaminated
trace_3.2_fail, 898AA602-3B5A-6F6E-5052-D80E1320F4D4, firefox, 2018-04-10 09:41:50, contaminated
trace_3.2_fail, D4CA15AA-058E-5B60-F664-98EF629486D8, firefox, 2018-04-10 09:41:50, contaminated
trace_3.2_fail, 91F8BC20-9CEA-6478-752A-D285AC89E5EC, firefox, 2018-04-10 09:41:50, contaminated
trace_3.2_fail, BBF26259-94C7-1CC7-1C9D-B47FD81F187D, firefox, 2018-04-10 09:41:50, contaminated
trace_3.2_fail, 4E64BA32-F352-60C9-0598-CD550917DD49, firefox, 2018-04-10 09:41:50, contaminated
trace_3.2_fail, 3EFFD4D5-E0CD-4ED2-62F7-F29F7BFE1B07, firefox, 2018-04-10 09:41:50, contaminated
trace_3.2_fail, 32793076-DDDD-6D06-EF06-54B37AA8CB81, firefox, 2018-04-10 09:41:50, contaminated
trace_3.2_fail, 0AA99252-C756-1BDE-B798-80234148F172, firefox, 2018-04-10 09:41:50, contaminated
trace_3.2_fail, C8791784-C50E-B140-7BBF-76E638035B9C, firefox, 2018-04-10 09:41:50, contaminated
trace_3.2_fail, 71A89531-570E-25A2-ACB6-4E486E5D2A7C, firefox, 2018-04-10 09:41:50, contaminated
trace_3.2_fail, 537E4471-6767-1D1C-F921-21A170FB8A90, firefox, 2018-04-10 09:41:50, contaminated
trace_3.2_fail, EEDEE881-A094-2898-6B7D-984B2FF49A72, firefox, 2018-04-10 09:41:50, contaminated
trace_3.2_fail, A2804AEB-622A-9EEA-050F-1AF4AEACF882, firefox, 2018-04-10 09:41:50, contaminated
trace_3.2_fail, 13DD2689-9059-F78E-AE97-4BD617660707, firefox, 2018-04-10 09:41:50, contaminated
trace_3.2_fail, F8533BDB-33DD-DCBC-D2C5-B67B883EEC80, firefox, 2018-04-10 09:41:50, contaminated
trace_3.2_fail, D8F4AEDA-2DFB-A68E-5559-0C48A1EEAAB7, firefox, 2018-04-10 09:41:50, contaminated
trace_3.2_fail, 1DA7277F-C24A-760C-006C-1A775C7F1899, firefox, 2018-04-10 09:41:50, contaminated
trace_3.2_fail, 180DE763-4B0F-D260-72C0-48B841C412D9, firefox, 2018-04-10 09:41:50, contaminated
trace_3.2_fail, 0753D848-5440-A4D0-4770-43DAAEF3773F, firefox, 2018-04-10 09:41:50, contaminated
trace_3.2_fail, 0C8E1CBF-90F3-BB73-BC3B-6C811541C967, firefox, 2018-04-10 09:41:50, contaminated
trace_3.2_fail, 0200D61F-2923-B1E0-55B5-2B076F26A391, firefox, 2018-04-10 09:41:50, contaminated
trace_3.2_fail, 24D069A4-EE4B-0F4A-B7DB-DAEE00C44E98, firefox, 2018-04-10 09:41:50, contaminated
trace_3.2_fail, 788C6C71-4DBA-01E6-CDCF-86C31895BFB2, firefox, 2018-04-10 09:41:50, contaminated
trace_3.2_fail, 2D484F63-1A43-58DC-5520-2ABBB6731A2E, firefox, 2018-04-10 09:41:50, contaminated
trace_3.2_fail, F3159B43-0D43-9740-E99C-46B2565450D0, firefox, 2018-04-10 09:41:50, contaminated
trace_3.2_fail, A2439BAF-FDF7-E76E-F1D3-6F57A5F8F9EB, firefox, 2018-04-10 09:41:50, contaminated
trace_3.2_fail, 8D369F90-98F7-0360-1E33-A7E4EB59D925, firefox, 2018-04-10 09:41:50, contaminated
trace_3.2_fail, 916ED719-D9EB-02CE-BCB3-15C30F64489A, firefox, 2018-04-10 09:41:50, contaminated
trace_3.2_fail, C6ECA050-A1E5-328D-16D3-41EADDDFABD1, firefox, 2018-04-10 09:41:50, contaminated
trace_3.2_fail, 89A27895-86D3-5EFC-7737-B308175D9AA5, firefox, 2018-04-10 09:41:50, contaminated
trace_3.2_fail, 2DD42200-A184-DE98-9A5E-BD668AD719C4, firefox, 2018-04-10 09:41:50, contaminated
trace_3.2_fail, 71651460-11AC-E012-7BC9-4F8906020D97, firefox, 2018-04-10 09:41:50, contaminated
trace_3.2_fail, 5B0E88EB-8EDA-EC89-AACF-661E0DEAEE02, firefox, 2018-04-10 09:41:50, contaminated
trace_3.2_fail, D30E1839-F447-1B62-ED90-6B27286ABEA7, firefox, 2018-04-10 09:41:50, contaminated
trace_3.2_fail, 73C3DC35-C003-9C93-21A6-5B425D5441F4, firefox, 2018-04-10 09:41:50, contaminated
trace_3.2_fail, D62E3A94-3309-08E5-EF44-6E58AEAEA428, firefox, 2018-04-10 09:41:50, contaminated
trace_3.2_fail, 98DBA95C-110D-200E-21BC-8551FC0414E6, firefox, 2018-04-10 09:41:50, contaminated
trace_3.2_fail, 104E2D70-FFB7-905A-5978-A381198F09CA, firefox, 2018-04-10 09:41:50, contaminated
trace_3.2_fail, 4647BF3A-8578-D389-C174-2FB3459B2701, firefox, 2018-04-10 09:41:50, contaminated
trace_3.2_fail, D39E8ED8-5A93-2939-B14F-BBC2FA36F84A, firefox, 2018-04-10 09:41:50, contaminated
trace_3.2_fail, 1ECDC16B-717E-C3B6-CE63-41019D71EAF7, firefox, 2018-04-10 09:41:50, contaminated
trace_3.2_fail, 0816ABA5-FDBD-41BB-5BFF-AD250254BAA2, firefox, 2018-04-10 09:41:50, contaminated
trace_3.2_fail, 31F55074-6528-9119-C8A3-3A2B3FC84842, firefox, 2018-04-10 09:41:50, contaminated
trace_3.2_fail, B8FE78FF-84AA-53E7-9530-30D20D766722, firefox, 2018-04-10 09:41:50, contaminated
trace_3.2_fail, C6DB6ED9-DBEB-6C53-2096-C7315C594C38, firefox, 2018-04-10 09:41:50, contaminated
trace_3.2_fail, D4CEF6EE-3C57-D179-EC5F-2B7D52D4A61D, firefox, 2018-04-10 09:41:50, contaminated
trace_3.2_fail, AAD45490-7F4B-6A2F-57EC-7A689E1D83BE, firefox, 2018-04-10 09:41:50, contaminated
trace_3.2_fail, E20154CE-20F9-DA93-5A15-C0713BAEB733, firefox, 2018-04-10 09:41:50, contaminated
trace_3.2_fail, A5A35CA1-9D52-FC96-4916-65B1E2E23950, firefox, 2018-04-10 09:41:50, contaminated
trace_3.2_fail, 05EAF720-D88A-9471-3C39-CF1ABA067571, firefox, 2018-04-10 09:41:50, contaminated
trace_3.2_fail, 1E1CF863-A5C0-C45F-31FF-DF5B59A9DFC4, firefox, 2018-04-10 09:41:50, contaminated
trace_3.2_fail, AEBD4CAB-AFF2-A529-F797-005596EBA1D5, firefox, 2018-04-10 09:41:50, contaminated
trace_3.2_fail, 20153FDB-8781-4FCD-203D-57E2BE7BBC99, firefox, 2018-04-10 09:41:50, contaminated
trace_3.2_fail, 3302FB33-13C1-48A9-BEDB-063BF2512B68, firefox, 2018-04-10 09:41:50, contaminated
trace_3.2_fail, C9A72BAE-B96D-7F10-DB1F-99368BD4534E, firefox, 2018-04-10 09:41:50, contaminated
trace_3.2_fail, B2DEA8C2-ADBD-01BF-A7BC-BC4B99D940CF, firefox, 2018-04-10 09:41:50, contaminated
trace_3.2_fail, 80ACEDA2-421C-534C-EC3A-62D216759421, firefox, 2018-04-10 09:41:50, contaminated
trace_3.2_fail, 8CBDDEE9-4D60-AADF-FCDD-6AF1975145A5, firefox, 2018-04-10 09:41:50, contaminated
trace_3.2_fail, F928E57F-C922-25EA-9EBA-21ECF182A3CA, firefox, 2018-04-10 09:41:50, contaminated
trace_3.2_fail, D6D4607A-A52C-4DD8-2AA6-2106B4F5665D, firefox, 2018-04-10 09:41:50, contaminated
trace_3.2_fail, C900BD47-F834-6159-448D-DDDA0BD60209, firefox, 2018-04-10 09:41:50, contaminated
trace_3.2_fail, 1739DD3C-C0BB-AEDA-5093-25D9292EE1FD, firefox, 2018-04-10 09:41:50, contaminated
trace_3.2_fail, 65F46AAB-4384-AE14-B037-1C0781A186E8, firefox, 2018-04-10 09:41:50, contaminated
trace_3.2_fail, E8564FF1-B436-08CC-AB18-6C33CCE85D20, firefox, 2018-04-10 09:41:50, contaminated
trace_3.2_fail, 589F5119-6379-F169-3CB7-BEBE64E67CA8, firefox, 2018-04-10 09:41:50, contaminated
trace_3.2_fail, A28B2653-C638-C85F-B1C7-465047CE5D99, firefox, 2018-04-10 09:41:50, contaminated
trace_3.2_fail, CF0447BA-5A2D-533E-68F4-2086E4402C11, firefox, 2018-04-10 09:41:50, contaminated
trace_3.2_fail, 8840BA27-0003-B985-0279-092CC1985E05, firefox, 2018-04-10 09:41:50, contaminated
trace_3.2_fail, 5601DB8D-6A13-CE8F-E0BA-5D54868B84EB, firefox, 2018-04-10 09:41:50, contaminated
trace_3.2_fail, 660B0DD2-1389-D1F0-F8C7-A6671D11EE26, firefox, 2018-04-10 09:41:50, contaminated
trace_3.2_fail, 5C28F919-EFDA-9056-C140-61F98C9BFC3F, firefox, 2018-04-10 09:41:50, contaminated
trace_3.2_fail, 0D719C21-D2C8-69DF-1AB4-1664FAD01FDF, firefox, 2018-04-10 09:41:50, contaminated
trace_3.2_fail, 739ED4A7-1672-B8ED-99AF-C1F57DC3C9CE, firefox, 2018-04-10 09:41:50, contaminated
trace_3.2_fail, EA61A894-A8A5-56C2-1AE7-5428BFFA24CE, firefox, 2018-04-10 09:41:50, contaminated
trace_3.2_fail, 5FB27E58-89DF-C5E5-87FA-CFF2CA6FF18F, firefox, 2018-04-10 09:41:50, contaminated
trace_3.2_fail, A78638E0-4645-70EF-249D-B99133B78E0A, firefox, 2018-04-10 09:41:50, contaminated
trace_3.2_fail, 3B6D52D3-E384-B697-47BD-CD452A9A23FE, firefox, 2018-04-10 09:41:50, contaminated
trace_3.2_fail, 4FF4B703-C8E2-900F-2FBE-5B775C1A9D4E, firefox, 2018-04-10 09:41:50, contaminated
trace_3.2_fail, FEE04795-7F68-BAB3-D35F-471BB55BA027, firefox, 2018-04-10 09:41:50, contaminated
trace_3.2_fail, 5FEF8937-056D-A5CD-001C-D28D2561CD51, firefox, 2018-04-10 09:41:50, contaminated
trace_3.2_fail, 6111E6F9-2080-4490-8FEC-01D2858850EA, firefox, 2018-04-10 09:41:50, contaminated
trace_3.2_fail, 5583655A-45BE-A93C-3484-884FC91390CF, firefox, 2018-04-10 09:41:50, contaminated
trace_3.2_fail, 3F1B0147-C6A0-333C-D589-B1AC1DCF49E6, firefox, 2018-04-10 09:41:50, contaminated
trace_3.2_fail, D747BD59-EBF7-B55F-4E37-18878F803F2F, firefox, 2018-04-10 09:41:50, contaminated
trace_3.2_fail, B5D247DE-FFF5-F64C-3BBE-97512FD12FD1, firefox, 2018-04-10 09:41:50, contaminated
trace_3.2_fail, 69F2A255-26F7-FA51-A2F3-22BEF6999224, firefox, 2018-04-10 09:41:50, contaminated
trace_3.2_fail, 7D035420-772F-0291-EB0C-4369382810B5, firefox, 2018-04-10 09:41:50, contaminated
trace_3.2_fail, 292E9BC4-7416-4307-1230-97EF2B1814C7, firefox, 2018-04-10 09:41:50, contaminated
trace_3.2_fail, 76B345BD-65C8-4FC4-38CD-4458FA2AEF3F, firefox, 2018-04-10 09:41:50, contaminated
trace_3.2_fail, 949C6F14-7570-4DE1-BDD0-43EDA513FE37, firefox, 2018-04-10 09:41:50, contaminated
trace_3.2_fail, 2E4F102E-9629-17E8-A290-59F531CAECF6, firefox, 2018-04-10 09:41:50, contaminated
trace_3.2_fail, 188EA14B-CC0A-2E57-3ED6-EAFB443349B0, firefox, 2018-04-10 09:41:50, contaminated
trace_3.2_fail, 6DB12C67-78A3-BDE6-B2B2-4303C21BA9A2, firefox, 2018-04-10 09:41:50, contaminated
trace_3.2_fail, 616E8D3D-4E0E-0604-7A0A-BB084210C6BF, firefox, 2018-04-10 09:41:50, contaminated
trace_3.2_fail, A16A5196-619D-BBAC-AA2C-085950C3FE47, firefox, 2018-04-10 09:41:50, contaminated
trace_3.2_fail, 55EA0C74-4E79-6067-3C50-74EEF0DC8FDC, firefox, 2018-04-10 09:41:50, contaminated
trace_3.2_fail, 9B21FCE0-E89E-F7F7-BBC1-C35CCC04FD02, firefox, 2018-04-10 09:41:50, contaminated
trace_3.2_fail, 9C9C5BFA-5F52-9792-D172-C9BA3D2CFAD1, firefox, 2018-04-10 09:41:50, contaminated
trace_3.2_fail, FA80AE47-380D-FBE4-1FE6-FD8578FE77A4, firefox, 2018-04-10 09:41:50, contaminated
trace_3.2_fail, AC729788-4B2B-35FB-5E28-4EA7EC05B1DB, firefox, 2018-04-10 09:41:50, contaminated
trace_3.2_fail, 096E3FF6-A42D-72CB-DDD3-51921B547CD5, firefox, 2018-04-10 09:41:50, contaminated
trace_3.2_fail, 510368EF-17E3-B4B6-C07F-C1802F0EE8C8, firefox, 2018-04-10 09:41:50, contaminated
trace_3.2_fail, B9FC9F98-6766-32BA-F7EE-B1F9F0781D2D, firefox, 2018-04-10 09:41:50, contaminated
trace_3.2_fail, BEBFC046-D851-8CE9-1CCF-90FEFD87D20C, firefox, 2018-04-10 09:41:50, contaminated
trace_3.2_fail, 4C283C86-3064-EEA0-22DA-F0DEB09D36E7, firefox, 2018-04-10 09:41:50, contaminated
trace_3.2_fail, F7E6C993-2D12-F109-C9CB-C9C9D6670F38, firefox, 2018-04-10 09:41:50, contaminated
trace_3.2_fail, A9E0A556-02BB-BE51-0FDF-4104C92A522C, firefox, 2018-04-10 09:41:50, contaminated
trace_3.2_fail, 316B919A-FACD-81AF-B1B9-E1E2012232EF, firefox, 2018-04-10 09:41:50, contaminated
trace_3.2_fail, D2C9FCF4-04E0-6335-86F6-DCCB479AAC45, firefox, 2018-04-10 09:41:50, contaminated
trace_3.2_fail, 4078FC44-2C4A-969D-AC85-EB0F764B2D60, firefox, 2018-04-10 09:41:50, contaminated
trace_3.2_fail, 0E2E28E5-19D3-EA8A-3C47-9E1B3B0C242C, firefox, 2018-04-10 09:41:50, contaminated
trace_3.2_fail, 8B60BB1E-7D26-DE29-48CE-0C4611427B91, firefox, 2018-04-10 09:41:50, contaminated
trace_3.2_fail, B97A36BB-F4C4-7206-78B9-6A2396BF9251, firefox, 2018-04-10 09:41:50, contaminated
trace_3.2_fail, 6B04E617-6991-66CB-5E03-3F98402C454C, firefox, 2018-04-10 09:41:50, contaminated
trace_3.2_fail, DB59089F-5244-E1C9-B6C6-4C8591C67923, firefox, 2018-04-10 09:41:50, contaminated
trace_3.2_fail, B9413206-1735-6B5E-96A9-81EDD79A8F1F, firefox, 2018-04-10 09:41:50, contaminated
trace_3.2_fail, FFEE9C9C-FB66-8014-D23A-043273187222, firefox, 2018-04-10 09:41:50, contaminated
trace_3.2_fail, 80B9BEAE-9261-361C-7186-CC225108A22B, firefox, 2018-04-10 09:41:50, contaminated
trace_3.2_fail, B9B3EC30-F4E3-2365-9BEC-E74A4DD79DBE, firefox, 2018-04-10 09:41:50, contaminated
trace_3.2_fail, 29AD0E53-4F0E-8219-675F-FFD0F14C970D, firefox, 2018-04-10 09:41:50, contaminated
trace_3.2_fail, E00A9D73-03A6-004C-BD88-2621A38836D9, firefox, 2018-04-10 09:41:50, contaminated
trace_3.2_fail, F36E10E8-2A12-C8E0-112E-06057613D01D, firefox, 2018-04-10 09:41:50, contaminated
trace_3.2_fail, E308FF12-07E6-97F4-CCBD-B621D7630A0C, firefox, 2018-04-10 09:41:50, contaminated
trace_3.2_fail, 775663FF-346A-A3E5-A59A-049D028A09FB, firefox, 2018-04-10 09:41:50, contaminated
trace_3.2_fail, DBE00F12-C460-01C0-AA78-356B2B19EE5D, firefox, 2018-04-10 09:41:50, contaminated
trace_3.2_fail, 21DB4C0F-5D12-8817-E28E-703B911716FB, firefox, 2018-04-10 09:41:50, contaminated
trace_3.2_fail, 1B0AF83F-3400-9D29-7855-0BA2039717D1, firefox, 2018-04-10 09:41:50, contaminated
trace_3.2_fail, 98428791-0276-4EF4-A985-9716A1F9721C, firefox, 2018-04-10 09:41:50, contaminated
trace_3.2_fail, 64F8B673-7144-177D-DAAF-410812929C5A, firefox, 2018-04-10 09:41:50, contaminated
trace_3.2_fail, E658617D-1DCA-C4AF-9303-76E303F462BE, firefox, 2018-04-10 09:41:50, contaminated
trace_3.2_fail, E39BD0B5-0E03-6D59-C829-F4E4816699B2, firefox, 2018-04-10 09:41:50, contaminated
trace_3.2_fail, EA8C1D28-5321-431A-00B0-AD30E8CB255B, firefox, 2018-04-10 09:41:50, contaminated
trace_3.2_fail, AD51508C-7ED2-E27C-94B0-53DA636ADF9B, firefox, 2018-04-10 09:41:50, contaminated
trace_3.2_fail, 6B297B74-04AC-4D21-89B8-8B70450F6175, firefox, 2018-04-10 09:41:50, contaminated
trace_3.2_fail, CB421FAC-5ABF-D98C-2847-DEDD78757ADC, firefox, 2018-04-10 09:41:50, contaminated
trace_3.2_fail, 1CF6FF49-3572-AEA8-CF6F-22521E0BB1F3, firefox, 2018-04-10 09:41:50, contaminated
trace_3.2_fail, 22A76314-61A4-2B4A-809F-61223E451A34, firefox, 2018-04-10 09:41:50, contaminated
trace_3.2_fail, D247F96A-1C9A-9B7E-8C83-681ADAECAB2C, firefox, 2018-04-10 09:41:50, contaminated
trace_3.2_fail, C44251D3-4ECE-74E5-F347-3F51A087E15D, firefox, 2018-04-10 09:41:50, contaminated
trace_3.2_fail, C98DF072-C1F1-B8FF-3477-D3D2BE50DE5F, firefox, 2018-04-10 09:41:50, contaminated
trace_3.2_fail, 300FA519-04F7-19F5-32A1-A9B906FDC0AA, firefox, 2018-04-10 09:41:50, contaminated
trace_3.2_fail, 02D9045A-8577-083B-99ED-9A3A9209DCFD, firefox, 2018-04-10 09:41:50, contaminated
trace_3.2_fail, 785487A1-0921-8D64-CF8F-4B22F3E862FE, firefox, 2018-04-10 09:41:50, contaminated
trace_3.2_fail, DCCBBD20-A027-EF1F-15E2-20E8D6A18F37, firefox, 2018-04-10 09:41:50, contaminated
trace_3.2_fail, 0158DBDE-80E3-E233-999C-AB10AFFBB324, firefox, 2018-04-10 09:41:50, contaminated
trace_3.2_fail, BFAB1745-B8DA-B5A7-16A2-24414FAE99C6, firefox, 2018-04-10 09:41:50, contaminated
trace_3.2_fail, 7F4A64C9-1A00-B0D1-4BF0-92EAFC8F3117, firefox, 2018-04-10 09:41:50, contaminated
trace_3.2_fail, B8BB87C5-DF58-2D72-6728-80A5180DA80E, firefox, 2018-04-10 09:41:50, contaminated
trace_3.2_fail, D54F2762-F9A8-9F13-9CB6-78458E50E178, firefox, 2018-04-10 09:41:50, contaminated
trace_3.2_fail, F0637E42-C355-CDCD-146F-BCFC3DC10535, firefox, 2018-04-10 09:41:50, contaminated
trace_3.2_fail, 4F727649-7B40-4B5A-B00C-146822B9CF7E, firefox, 2018-04-10 09:41:50, contaminated
trace_3.2_fail, 863756ED-966F-8516-68A5-0F9A285172E5, firefox, 2018-04-10 09:41:50, contaminated
trace_3.2_fail, A763FCBB-6486-03FE-0B37-85D5F17E5E2E, firefox, 2018-04-10 09:41:50, contaminated
trace_3.2_fail, ADB31D78-59B1-4302-037B-821FF7B2D3B8, firefox, 2018-04-10 09:41:50, contaminated
trace_3.2_fail, CC2D6DEA-5B9A-859F-5914-21FA722D6459, firefox, 2018-04-10 09:41:50, contaminated
trace_3.2_fail, 9BC8F7CD-451A-4147-5260-9722B2231B19, firefox, 2018-04-10 09:41:50, contaminated
trace_3.2_fail, 54C00020-E219-DC36-6D91-819054CE1A14, firefox, 2018-04-10 09:41:50, contaminated
trace_3.2_fail, 71A8CDA0-BC6C-0699-5613-C538224E820F, firefox, 2018-04-10 09:41:50, contaminated
trace_3.2_fail, 161638FD-D143-DC2D-D798-19279ACADC83, firefox, 2018-04-10 09:41:50, contaminated
trace_3.2_fail, 7D3B6440-1CD5-A3A7-F1BD-17FE83FFEDD5, firefox, 2018-04-10 09:41:50, contaminated
trace_3.2_fail, 3572F2AD-F0CF-49C4-5B66-B05789DC03BC, firefox, 2018-04-10 09:41:50, contaminated
trace_3.2_fail, BC32F233-450B-5C92-4B20-F35DC8D5E8CB, firefox, 2018-04-10 09:41:50, contaminated
trace_3.2_fail, 5C6A4D91-17CF-A7DC-3F37-5E02D4C28BB4, firefox, 2018-04-10 09:41:50, contaminated
trace_3.2_fail, 2A930922-23A3-5A33-057F-7347E8742137, firefox, 2018-04-10 09:41:50, contaminated
trace_3.2_fail, D19527C7-BEB9-6946-AD7D-572D471B1443, firefox, 2018-04-10 09:41:50, contaminated
trace_3.2_fail, 8D68EA5A-C16C-35DB-5F28-FEFF0DC3C8CA, firefox, 2018-04-10 09:41:50, contaminated
trace_3.2_fail, 9863E1BF-7A78-FF69-EF9A-B8AE089C387A, firefox, 2018-04-10 09:41:50, contaminated
trace_3.2_fail, 230065D8-23E1-7DBC-B5EA-8572580148F2, firefox, 2018-04-10 09:41:50, contaminated
trace_3.2_fail, 11737BB1-678A-B913-851B-3B9453037569, firefox, 2018-04-10 09:41:50, contaminated
trace_3.2_fail, 514E5E21-9D7D-F041-E350-3DBD2D79B2F0, firefox, 2018-04-10 09:41:50, contaminated
trace_3.2_fail, 05D23E04-A629-1BCD-A72C-6FDAE48B97D0, firefox, 2018-04-10 09:41:50, contaminated
trace_3.2_fail, 82F448C7-B1D0-93C1-4B04-3C4516CADBC3, firefox, 2018-04-10 09:41:50, contaminated
trace_3.2_fail, 80DCCE8D-414B-2116-0B87-C838E29F62E8, firefox, 2018-04-10 09:41:50, contaminated
trace_3.2_fail, 8586E00C-3B0A-9B9C-B406-A6B02D38E99C, firefox, 2018-04-10 09:41:50, contaminated
trace_3.2_fail, E5C558CD-A3BD-03FD-74AA-06355266A4D9, firefox, 2018-04-10 09:41:50, contaminated
trace_3.2_fail, 192626D8-1409-6848-1C81-F4F02D59A009, firefox, 2018-04-10 09:41:50, contaminated
trace_3.2_fail, D846E608-7098-43D5-806E-1321A1E6FC0D, firefox, 2018-04-10 09:41:50, contaminated
trace_3.2_fail, 86CD0E1D-22E3-972C-AACD-70B6BC667D38, firefox, 2018-04-10 09:41:50, contaminated
trace_3.2_fail, 666C940F-F5C6-7D3A-EF58-C7FFCD87AD20, firefox, 2018-04-10 09:41:50, contaminated
trace_3.2_fail, 186B9FA3-59A0-0D8D-B1DA-9F3A7C58BE9A, firefox, 2018-04-10 09:41:50, contaminated
trace_3.2_fail, 26B9B68F-F80F-6B6E-3714-6A6045FE50AA, firefox, 2018-04-10 09:41:50, contaminated
trace_3.2_fail, C8713B8D-4CE6-AC87-CB18-43E5EF863BB1, firefox, 2018-04-10 09:41:50, contaminated
trace_3.2_fail, 30C6F9B3-9E29-EBFB-F3A2-C03DAB95C912, firefox, 2018-04-10 09:41:50, contaminated
trace_3.2_fail, F7A827CE-1880-FD27-FD8C-7E6EA80BAE7A, firefox, 2018-04-10 09:41:50, contaminated
trace_3.2_fail, 7741D4F3-586E-C572-0951-F7FD241D504F, firefox, 2018-04-10 09:41:50, contaminated
trace_3.2_fail, 492C5905-1B99-BDEB-6F7D-0F07BF1999A2, firefox, 2018-04-10 09:41:50, contaminated
trace_3.2_fail, 0F945119-9EE7-81DE-8F3F-A0CBCCDBA192, firefox, 2018-04-10 09:41:50, contaminated
trace_3.2_fail, 349889E3-25BE-7C52-60D1-BCFD90A886C9, firefox, 2018-04-10 09:41:50, contaminated
trace_3.2_fail, 179593C2-77E1-E842-5867-0AA1EAD37558, firefox, 2018-04-10 09:41:50, contaminated
trace_3.2_fail, 8AFA03F7-3A74-9C19-5C00-09CDAB0B55EF, firefox, 2018-04-10 09:41:50, contaminated
trace_3.2_fail, A86092AC-B83D-1A87-F672-D24DF29B825F, firefox, 2018-04-10 09:41:50, contaminated
trace_3.2_fail, 61ED8ACA-13D5-6C13-A83F-C36482EB6016, firefox, 2018-04-10 09:41:50, contaminated
trace_3.2_fail, D91FFFD1-6169-EDBE-EEB2-701FC39962A5, firefox, 2018-04-10 09:41:50, contaminated
trace_3.2_fail, 97A81B83-0BD6-E1A7-DF39-A5F022F331C6, firefox, 2018-04-10 09:41:50, contaminated
trace_3.2_fail, 9AE465B2-0C1C-CD7B-0D02-71C59754004C, firefox, 2018-04-10 09:41:50, contaminated
trace_3.2_fail, 41726E27-8D91-6FA4-6C5B-7546280ACD46, firefox, 2018-04-10 09:41:50, contaminated
trace_3.2_fail, 765A8C19-C153-7091-C40F-E23753679B7B, firefox, 2018-04-10 09:41:50, contaminated
trace_3.2_fail, B2151103-4969-BF24-40E4-0C64CDBC7C53, firefox, 2018-04-10 09:41:50, contaminated
trace_3.2_fail, 79D08599-F336-8AE3-C837-24D642859058, firefox, 2018-04-10 09:41:50, contaminated
trace_3.2_fail, EF9E43A8-D82A-D333-231C-091FA75DE997, firefox, 2018-04-10 09:41:50, contaminated
trace_3.2_fail, 4A1BBA6F-6DD7-E0D8-33DB-E121B9DB4EA7, firefox, 2018-04-10 09:41:50, contaminated
trace_3.2_fail, 6D95645C-1D78-CFAD-B2F4-9B74CA6025A4, firefox, 2018-04-10 09:41:50, contaminated
trace_3.2_fail, 2CEE7A6B-AA04-CC6C-1D15-4D4232767C4A, firefox, 2018-04-10 09:41:50, contaminated
trace_3.2_fail, 1D8958B3-4AEC-8CC4-329F-1F21B9E0102D, firefox, 2018-04-10 09:41:50, contaminated
trace_3.2_fail, 81B98522-3E0E-286A-A68E-CECE7DE45763, firefox, 2018-04-10 09:41:50, contaminated
trace_3.2_fail, 821EE356-FAB2-E4FB-B802-1E0CF5D4D5F8, firefox, 2018-04-10 09:41:50, contaminated
trace_3.2_fail, 4EC9DC90-0557-8620-60AC-86525317C373, firefox, 2018-04-10 09:41:50, contaminated
trace_3.2_fail, C2CAFD1E-7EF7-0D22-766E-8A710B0A6036, firefox, 2018-04-10 09:41:50, contaminated
trace_3.2_fail, C95121EE-1A5C-922F-D161-854F16188872, firefox, 2018-04-10 09:41:50, contaminated
trace_3.2_fail, 3D03A10C-5296-F532-A51D-2FA4AEC9B4B8, firefox, 2018-04-10 09:41:50, contaminated
trace_3.2_fail, 15A2E45D-6513-077B-EFB5-D7786EB1A461, firefox, 2018-04-10 09:41:50, contaminated
trace_3.2_fail, 37425EE3-E53B-8A1A-A9EF-B1649466AC7D, firefox, 2018-04-10 09:41:50, contaminated
trace_3.2_fail, 823BFDD0-6099-D9AE-5964-404842A4660E, firefox, 2018-04-10 09:41:50, contaminated
trace_3.2_fail, 2DB7A0F8-81A6-13ED-AD3E-B644E4854591, firefox, 2018-04-10 09:41:50, contaminated
trace_3.2_fail, BBC799A1-1829-B52A-66DC-70F84418898F, firefox, 2018-04-10 09:41:50, contaminated
trace_3.2_fail, BBBA49D5-D335-E99E-EB4B-6EFC3E460ED5, firefox, 2018-04-10 09:41:50, contaminated
trace_3.2_fail, 047D44F1-B0C3-C3B5-7DCB-778EADCB46CF, firefox, 2018-04-10 09:41:50, contaminated
trace_3.2_fail, FC37523A-8390-88CC-7E71-A7F618C7E8CD, firefox, 2018-04-10 09:41:50, contaminated
trace_3.2_fail, D8296B07-4FF5-F88F-1A0A-006D469CFA0D, firefox, 2018-04-10 09:41:50, contaminated
trace_3.2_fail, 68D44DAB-D98B-FF7E-DF84-118E0B472F7A, firefox, 2018-04-10 09:41:50, contaminated
trace_3.2_fail, D461F7CE-AD47-28BA-25A7-EF0FDC3D5194, firefox, 2018-04-10 09:41:50, contaminated
trace_3.2_fail, 3B336963-7F30-6B56-2F0E-3292DB8818D4, firefox, 2018-04-10 09:41:50, contaminated
trace_3.2_fail, 4403FEA9-44AF-0995-CD1A-F3BB671C99C9, firefox, 2018-04-10 09:41:50, contaminated
trace_3.2_fail, 3B754275-0827-1075-96DE-C5F46F26A1F3, firefox, 2018-04-10 09:41:50, contaminated
trace_3.2_fail, 20A3710E-90C6-E93D-62B6-7BDF8B0B830B, firefox, 2018-04-10 09:41:50, contaminated
trace_3.2_fail, A20DF932-F012-C265-AFEE-C6B722DB6895, firefox, 2018-04-10 09:41:50, contaminated
trace_3.2_fail, 505B337F-383A-D455-26D2-1B2591E9C8A6, firefox, 2018-04-10 09:41:50, contaminated
trace_3.2_fail, 8AFBDA5C-4355-C77A-2015-DC65937FA38D, firefox, 2018-04-10 09:41:50, contaminated
trace_3.2_fail, 0C6531B6-9625-B937-D8FE-3865760FC20D, firefox, 2018-04-10 09:41:50, contaminated
trace_3.2_fail, 50A45C88-B4FE-83F7-5E66-96FB45F31C11, firefox, 2018-04-10 09:41:50, contaminated
trace_3.2_fail, 0CE858F4-BCAD-03CC-311C-07E5FDBDBD89, firefox, 2018-04-10 09:41:50, contaminated
trace_3.2_fail, B95EA89F-CD4D-D8FA-AC67-B1F1A25D5ED6, firefox, 2018-04-10 09:41:50, contaminated
trace_3.2_fail, 29E0D6C1-C581-F073-BBF5-C1C020667D87, firefox, 2018-04-10 09:41:50, contaminated
trace_3.2_fail, 78620D0E-3042-A17C-8B04-43B1E5714BFF, firefox, 2018-04-10 09:41:50, contaminated
trace_3.2_fail, B940A76B-BF35-2505-490D-35D95647589E, firefox, 2018-04-10 09:41:50, contaminated
trace_3.2_fail, 4029FE41-754A-A291-BAF5-602E175F84AA, firefox, 2018-04-10 09:41:50, contaminated
trace_3.2_fail, 94E2510F-3A08-FB83-282D-8793A863F4C9, firefox, 2018-04-10 09:41:50, contaminated
trace_3.2_fail, 1AEDA6FC-784F-E657-A9E4-FA6113C4DA04, firefox, 2018-04-10 09:41:50, contaminated
trace_3.2_fail, DD27926A-1C41-7D81-A36E-B4B18671C216, firefox, 2018-04-10 09:41:50, contaminated
trace_3.2_fail, 9920CB76-51B0-7191-B5FF-F19AEDA82A5A, firefox, 2018-04-10 09:41:50, contaminated
trace_3.2_fail, 66D71153-7948-F835-1D75-63C44D440AB3, firefox, 2018-04-10 09:41:50, contaminated
trace_3.2_fail, 5C8CA173-61C0-7D21-EB81-D2FAD0947F57, firefox, 2018-04-10 09:41:50, contaminated
trace_3.2_fail, 2E5A2746-0E1B-4A77-673F-384C385A60E5, firefox, 2018-04-10 09:41:50, contaminated
trace_3.2_fail, 2D139AFA-4C57-76C0-E678-9D0C98A24A01, firefox, 2018-04-10 09:41:50, contaminated
trace_3.2_fail, DA121A1E-395B-BD31-2621-35CE7AA6A373, firefox, 2018-04-10 09:41:50, contaminated
trace_3.2_fail, 59541895-0288-5EE2-0770-7650A2FD91ED, firefox, 2018-04-10 09:41:50, contaminated
trace_3.2_fail, 03652B9C-FF3B-9CC8-BD58-36A87CA1EAF7, firefox, 2018-04-10 09:41:50, contaminated
trace_3.2_fail, 2D6B7E20-3939-4DD6-91B5-1E451B65E842, firefox, 2018-04-10 09:41:50, contaminated
trace_3.2_fail, 4254001C-21A0-C512-A27C-FFE548B7FA37, firefox, 2018-04-10 09:41:50, contaminated
trace_3.2_fail, 41FAC97F-FED6-0A78-E199-AC59DF1F670B, firefox, 2018-04-10 09:41:50, contaminated
trace_3.2_fail, CCC03B7E-C453-8C85-6907-E2D0F40E0E9E, firefox, 2018-04-10 09:41:50, contaminated
trace_3.2_fail, ECE5EE1C-4751-66BB-0893-80965AD629D2, firefox, 2018-04-10 09:41:50, contaminated
trace_3.2_fail, 16196EFF-479F-5039-F582-CC8B37163DB5, firefox, 2018-04-10 09:41:50, contaminated
trace_3.2_fail, 3CCBF859-259F-DB84-9342-0DFDCBF723E0, firefox, 2018-04-10 09:41:50, contaminated
trace_3.2_fail, 009A0124-50C1-C121-2349-19710BFD3352, firefox, 2018-04-10 09:41:50, contaminated
trace_3.2_fail, 25A2C61A-A60F-BD8F-8973-E3F828BC60A1, firefox, 2018-04-10 09:41:50, contaminated
trace_3.2_fail, 400A38F1-BEB8-5ECA-9464-541285F501BA, firefox, 2018-04-10 09:41:50, contaminated
trace_3.2_fail, 0643A869-CFE5-BB26-F451-99F120798769, firefox, 2018-04-10 09:41:50, contaminated
trace_3.2_fail, DBF9D082-2255-A0C9-87E5-9364762AF9DF, firefox, 2018-04-10 09:41:50, contaminated
trace_3.2_fail, 72275500-0FD4-4F07-753A-D413D4CCF948, firefox, 2018-04-10 09:41:50, contaminated
trace_3.2_fail, 6EAD70B9-C199-C232-DBBC-B20AA107EDD7, firefox, 2018-04-10 09:41:50, contaminated
trace_3.2_fail, 41A549F2-0B2A-E40C-FE57-0FBECE322690, firefox, 2018-04-10 09:41:50, contaminated
trace_3.2_fail, 3A7BA4D2-8BEE-8C42-99D5-77AC5F1FCCA4, firefox, 2018-04-10 09:41:50, contaminated
trace_3.2_fail, 7E959E70-C9A7-9402-E00C-B7535B202D08, firefox, 2018-04-10 09:41:50, contaminated
trace_3.2_fail, 5B830E50-57C0-0C7D-7393-E8B300CE8E88, firefox, 2018-04-10 09:41:50, contaminated
trace_3.2_fail, 746512F7-B165-7D7F-E76F-4150BED87041, firefox, 2018-04-10 09:41:50, contaminated
trace_3.2_fail, E56723F1-8B29-4F6D-A4DB-59D41EB251D0, firefox, 2018-04-10 09:41:50, contaminated
trace_3.2_fail, D1252FD7-E865-8B2D-4849-6A9AF7C4D2B7, firefox, 2018-04-10 09:41:50, contaminated
trace_3.2_fail, 9E5414DA-3C78-65A2-D0A3-9BE8E9F5ACB9, firefox, 2018-04-10 09:41:50, contaminated
trace_3.2_fail, 943235AA-44A1-E8B6-F567-DA6C0B6109C5, firefox, 2018-04-10 09:41:50, contaminated
trace_3.2_fail, E958FD8D-911D-A1EF-BDDC-7A7BF47333BD, firefox, 2018-04-10 09:41:50, contaminated
trace_3.2_fail, EBED75BF-7058-01DE-F98C-112FCA44494B, firefox, 2018-04-10 09:41:50, contaminated
trace_3.2_fail, 18175146-B987-1E44-96F5-BE2BB46DA2FC, firefox, 2018-04-10 09:41:50, contaminated
trace_3.2_fail, 530C4899-CD60-1DFB-56BC-D4789CFB10D0, firefox, 2018-04-10 09:41:50, contaminated
trace_3.2_fail, F13D70DA-F077-EE84-ED9E-4E99EFBB4D4C, firefox, 2018-04-10 09:41:50, contaminated
trace_3.2_fail, 172B3187-2D6E-290C-DA23-9C0AC4C98415, firefox, 2018-04-10 09:41:50, contaminated
trace_3.2_fail, 396E7A28-33F4-B865-0989-BEB108358992, firefox, 2018-04-10 09:41:50, contaminated
trace_3.2_fail, 67ADCC77-14E4-3872-FDE0-232FFD0FD57F, firefox, 2018-04-10 09:41:50, contaminated
trace_3.2_fail, ED0CDAB6-64E6-EB40-8D3D-B21EA303F1D9, firefox, 2018-04-10 09:41:50, contaminated
trace_3.2_fail, 8B8A3B11-D609-9626-6773-42FBA474E9EB, firefox, 2018-04-10 09:41:50, contaminated
trace_3.2_fail, 0B0B71B8-7FF7-7B10-798C-8C49E7D7EAEA, firefox, 2018-04-10 09:41:50, contaminated
trace_3.2_fail, 7AEBE6C3-84A4-FBB1-58BE-D845129D46B3, firefox, 2018-04-10 09:41:50, contaminated
trace_3.2_fail, F190107F-7F1A-2300-5A63-DEE54D5600D9, firefox, 2018-04-10 09:41:50, contaminated
trace_3.2_fail, 6B6C9138-3757-5C85-A461-E670D9D7AB78, firefox, 2018-04-10 09:41:50, contaminated
trace_3.2_fail, C6718AC4-2C39-8357-797B-B01CD29AAC5F, firefox, 2018-04-10 09:41:50, contaminated
trace_3.2_fail, 435049A8-40AA-F6A5-A8B1-F5156A064815, firefox, 2018-04-10 09:41:50, contaminated
trace_3.2_fail, 33D1F9D7-F842-EE47-F278-20F9DBBB7B3E, firefox, 2018-04-10 09:41:50, contaminated
trace_3.2_fail, 06C937D4-3257-2461-E2F0-A969FAAA33F5, firefox, 2018-04-10 09:41:50, contaminated
trace_3.2_fail, 58443C14-2BF4-CFD5-4F05-B469367A320C, firefox, 2018-04-10 09:41:50, contaminated
trace_3.2_fail, FC182855-659D-D3EA-E8A6-42259C3A4A8F, firefox, 2018-04-10 09:41:50, contaminated
trace_3.2_fail, 81B57AAE-98B5-8575-E838-0C5FCEFB7C88, firefox, 2018-04-10 09:41:50, contaminated
trace_3.2_fail, F58A25CE-3794-D140-3E67-52C0A55BF162, firefox, 2018-04-10 09:41:50, contaminated
trace_3.2_fail, CF001079-C862-7095-A3DF-EC2446B7A137, firefox, 2018-04-10 09:41:50, contaminated
trace_3.2_fail, 52771F67-06FE-B219-CF77-7FA36191A0C5, firefox, 2018-04-10 09:41:50, contaminated
trace_3.2_fail, A846186B-A3FE-1F68-9166-932163BDE083, firefox, 2018-04-10 09:41:50, contaminated
trace_3.2_fail, AA72C942-A231-E3A8-BD35-D7FB44DB4E57, firefox, 2018-04-10 09:41:50, contaminated
trace_3.2_fail, EB011B49-2E45-55B0-2A60-9310F4F23A58, firefox, 2018-04-10 09:41:50, contaminated
trace_3.2_fail, F6F5C7B4-CEE4-E255-1F82-F304775AF506, firefox, 2018-04-10 09:41:50, contaminated
trace_3.2_fail, 8A9D0C44-6F3A-041D-ACA7-1665A017F0EB, firefox, 2018-04-10 09:41:50, contaminated
trace_3.2_fail, 6C41F38D-47A8-68DA-F7C7-FF80EFFAED5C, firefox, 2018-04-10 09:41:50, contaminated
trace_3.2_fail, C63C19D3-E394-5903-DFDA-242CDB376D07, firefox, 2018-04-10 09:41:50, contaminated
trace_3.2_fail, 93049DAB-57A2-3D3E-AF3A-2CF30320EABA, firefox, 2018-04-10 09:41:50, contaminated
trace_3.2_fail, B7B82F1D-F5C0-5BC3-7DAD-1BF0AC6ADB6F, firefox, 2018-04-10 09:41:50, contaminated
trace_3.2_fail, A406EC1B-6056-4DC7-C4A4-4D587D0B53D5, firefox, 2018-04-10 09:41:50, contaminated
trace_3.2_fail, 4E20869D-1A05-50BC-09F2-2CCF2CD0DC81, firefox, 2018-04-10 09:41:50, contaminated
trace_3.2_fail, 6A8A53AD-EF5F-A7CB-D41E-641331A02A35, firefox, 2018-04-10 09:41:50, contaminated
trace_3.2_fail, C338145B-A873-37CE-7F97-BC07B52C9CD4, firefox, 2018-04-10 09:41:50, contaminated
trace_3.2_fail, 00CC9E55-81C2-EBFF-2E67-5ABF83357D64, firefox, 2018-04-10 09:41:50, contaminated
trace_3.2_fail, CF20010C-BF1F-9C55-1BFD-5C32717A7E8E, firefox, 2018-04-10 09:41:50, contaminated
trace_3.2_fail, C24E9423-E2C9-23E1-EC23-24839A3D9A30, firefox, 2018-04-10 09:41:50, contaminated
trace_3.2_fail, DE0074F1-02A8-0C63-548B-CF372D428586, firefox, 2018-04-10 09:41:50, contaminated
trace_3.2_fail, 3AFF94CC-8C21-5038-5D8D-AF4DE0E79A67, firefox, 2018-04-10 09:41:50, contaminated
trace_3.2_fail, E78456A0-619B-9E12-F227-D64E6591173D, firefox, 2018-04-10 09:41:50, contaminated
trace_3.2_fail, 8C0140B6-6DB5-70DB-F1DB-D34087E824F8, firefox, 2018-04-10 09:41:50, contaminated
trace_3.2_fail, 13354A32-6BE5-AC38-6C87-2ACBE52C77D2, firefox, 2018-04-10 09:41:50, contaminated
trace_3.2_fail, A6B51468-E4F7-5239-ADD7-8EEC9AA71BF1, firefox, 2018-04-10 09:41:50, contaminated
trace_3.2_fail, A977D371-1109-4A99-4021-85AB4C4B3C49, firefox, 2018-04-10 09:41:50, contaminated
trace_3.2_fail, 4EAF7315-6032-9F2B-E6C6-1D423D620258, firefox, 2018-04-10 09:41:50, contaminated
trace_3.2_fail, D90FFA82-8153-6672-36CF-C44EE4E03D93, firefox, 2018-04-10 09:41:50, contaminated
trace_3.2_fail, 9E32F864-0578-1CFA-500E-F28E95CE940B, firefox, 2018-04-10 09:41:50, contaminated
trace_3.2_fail, 7132B686-E52B-8C19-3DEF-D93D483BEC28, firefox, 2018-04-10 09:41:51, contaminated
trace_3.2_fail, E40B4145-8D73-C130-F16F-908AB7A7B3A4, firefox, 2018-04-10 09:41:51, contaminated
trace_3.2_fail, 7D589BA0-B492-B197-A366-6F8F7CB4C6A2, firefox, 2018-04-10 09:41:51, contaminated
trace_3.2_fail, 68322FB8-6294-5B23-B120-9B16905788AF, firefox, 2018-04-10 09:41:51, contaminated
trace_3.2_fail, CD467AA7-51DC-2857-9DC9-B9606BD16F66, firefox, 2018-04-10 09:41:51, contaminated
trace_3.2_fail, 7825DD2F-2A65-4672-0C21-1C2918705C1F, firefox, 2018-04-10 09:41:51, contaminated
trace_3.2_fail, 2AD71324-3D0D-3DD4-2D65-4BE435F9826B, firefox, 2018-04-10 09:41:51, contaminated
trace_3.2_fail, 3AF286EF-302A-04F4-60DE-C47D61CE071A, firefox, 2018-04-10 09:41:51, contaminated
trace_3.2_fail, E55C02DB-AB29-F0B0-1D09-1CF6278AEA48, firefox, 2018-04-10 09:41:51, contaminated
trace_3.2_fail, 4628EC43-CDD4-C1D1-577F-AE04CBC293F2, firefox, 2018-04-10 09:41:51, contaminated
trace_3.2_fail, A37BF9F1-C899-BBAA-A217-866D88AE5093, firefox, 2018-04-10 09:41:51, contaminated
trace_3.2_fail, A9A15299-E42C-760C-1B2B-1212F1C69B2F, firefox, 2018-04-10 09:41:51, contaminated
trace_3.2_fail, 41EABEE4-E372-FD44-8162-E8AA674FB319, firefox, 2018-04-10 09:41:51, contaminated
trace_3.2_fail, 0EA2239D-EEC7-2C83-D879-8C057E601EAE, firefox, 2018-04-10 09:41:51, contaminated
trace_3.2_fail, 21FA1A71-4B17-30E7-BFA0-E172EC9ED69B, firefox, 2018-04-10 09:41:51, contaminated
trace_3.2_fail, AF28DAFA-42FE-5191-E216-2F03644AD034, firefox, 2018-04-10 09:41:51, contaminated
trace_3.2_fail, 87425A7B-78E5-2E6A-11FC-57013847DC79, firefox, 2018-04-10 09:41:51, contaminated
trace_3.2_fail, AA436055-129F-A1D8-308B-91AEE8D05EAA, firefox, 2018-04-10 09:41:51, contaminated
trace_3.2_fail, 2153E24A-9822-AF50-7114-94231719A66E, firefox, 2018-04-10 09:41:51, contaminated
trace_3.2_fail, 4384694D-9E98-0D47-089E-31C1523C3958, firefox, 2018-04-10 09:41:51, contaminated
trace_3.2_fail, ABEED5F1-8309-3A8D-C83C-4BABD21711DE, firefox, 2018-04-10 09:41:51, contaminated
trace_3.2_fail, 62BEED4A-CD69-4735-47EB-38FDEBA9C9BE, firefox, 2018-04-10 09:41:51, contaminated
trace_3.2_fail, C0119FE0-F912-438D-7A8C-C4637D0F1FE3, firefox, 2018-04-10 09:41:51, contaminated
trace_3.2_fail, 1B7A854F-A2FB-277C-3D30-6BC68F52B7BE, firefox, 2018-04-10 09:41:51, contaminated
trace_3.2_fail, DE3448AB-18FF-5732-555D-61F70EAB7576, firefox, 2018-04-10 09:41:51, contaminated
trace_3.2_fail, 6526F9D6-E98F-F072-D5A0-843C7E914739, firefox, 2018-04-10 09:41:51, contaminated
trace_3.2_fail, 2FE98D1B-138F-4BF2-3E38-6116915BF061, firefox, 2018-04-10 09:41:51, contaminated
trace_3.2_fail, 74DAE237-E340-D776-BC18-738CE2F8B2A6, firefox, 2018-04-10 09:41:51, contaminated
trace_3.2_fail, 25AFCF35-8683-6443-2BD5-5B15D65F74CF, firefox, 2018-04-10 09:41:51, contaminated
trace_3.2_fail, F224DA2E-E4BA-2FF7-EFC1-DE240A6DAC08, firefox, 2018-04-10 09:41:51, contaminated
trace_3.2_fail, 89C0A62C-2152-0FC5-2D6D-08611E24BAD0, firefox, 2018-04-10 09:41:51, contaminated
trace_3.2_fail, E4181F1C-E7C5-5580-E153-97DF11C53F75, firefox, 2018-04-10 09:41:51, contaminated
trace_3.2_fail, BCEBB75D-8B2B-D951-16F1-17B58804034F, firefox, 2018-04-10 09:41:51, contaminated
trace_3.2_fail, 28503769-4D6E-8C7C-CF34-6F3BF2C3462F, firefox, 2018-04-10 09:41:51, contaminated
trace_3.2_fail, 8849492F-240E-D022-27D6-B726C5C7F5A8, firefox, 2018-04-10 09:41:51, contaminated
trace_3.2_fail, E8572753-71BA-F450-4852-B31AACF1ED32, firefox, 2018-04-10 09:41:51, contaminated
trace_3.2_fail, 1772C458-7AEB-1B66-889C-0B1902395C99, firefox, 2018-04-10 09:41:52, contaminated
trace_3.2_fail, 317A433C-131E-2DA9-6027-9C6B847697A5, firefox, 2018-04-10 09:41:52, contaminated
trace_3.2_fail, DB6F4C4D-B024-5F73-A227-8AE59B5451E9, firefox, 2018-04-10 09:41:52, contaminated
trace_3.2_fail, C9250E13-28DF-A305-CAAC-412C59CDDB6C, firefox, 2018-04-10 09:41:52, contaminated
trace_3.2_fail, 4F58C076-4696-2B2B-322D-1224867B3B8E, firefox, 2018-04-10 09:41:52, contaminated
trace_3.2_fail, 83213634-BA45-7249-AE8F-88DEC9F4923C, firefox, 2018-04-10 09:41:52, contaminated
trace_3.2_fail, B18EE963-0289-30E4-2D8D-8AA25A686F00, firefox, 2018-04-10 09:41:52, contaminated
trace_3.2_fail, 541D1C4F-11A1-045A-92E2-D30A0FB4FFCA, firefox, 2018-04-10 09:41:52, contaminated
trace_3.2_fail, 990AF0FA-8114-53F6-764E-DC8B56108C2A, firefox, 2018-04-10 09:41:52, contaminated
trace_3.2_fail, AD170535-9F8E-ED08-1D28-19B63D24B01E, firefox, 2018-04-10 09:41:52, contaminated
trace_3.2_fail, D126E7A9-5C5C-43EE-2DCA-E89C523C22AF, firefox, 2018-04-10 09:41:52, contaminated
trace_3.2_fail, C843E4FC-BA75-8D31-E5F8-F1FB05298A83, firefox, 2018-04-10 09:41:52, contaminated
trace_3.2_fail, 60E26EB4-669C-65F4-8684-3529A9ABB0B9, firefox, 2018-04-10 09:41:52, contaminated
trace_3.2_fail, 6D325297-CD4A-6FCC-983E-8741EAB5AD41, firefox, 2018-04-10 09:41:52, contaminated
trace_3.2_fail, 61FF9595-4FAD-D918-6D41-27B159524500, firefox, 2018-04-10 09:41:52, contaminated
trace_3.2_fail, 931B3C75-3CA3-295A-8691-B1E9715DB854, firefox, 2018-04-10 09:41:52, contaminated
trace_3.2_fail, 2733DE99-A201-F01F-A02D-B7560A126E76, firefox, 2018-04-10 09:41:52, contaminated
trace_3.2_fail, 163D9E72-2C81-0FB6-DA71-C5DE78B26039, firefox, 2018-04-10 09:41:52, contaminated
trace_3.2_fail, 4F8717D4-7139-C7AD-CCCA-2F9DEC2372E2, firefox, 2018-04-10 09:41:52, contaminated
trace_3.2_fail, 16050BAD-078B-CFD1-A452-A2E26268F016, firefox, 2018-04-10 09:41:52, contaminated
trace_3.2_fail, 893F7185-79FF-DE72-2C0D-1ABF6B5F104C, firefox, 2018-04-10 09:41:52, contaminated
trace_3.2_fail, F1812EBF-7CC6-4FFD-B2D0-A0DCF40A2954, firefox, 2018-04-10 09:41:52, contaminated
trace_3.2_fail, 4BF57B32-F11E-F661-E1CC-0EC974008291, firefox, 2018-04-10 09:41:52, contaminated
trace_3.2_fail, 79092572-8F90-1451-8CC5-B8D193964771, firefox, 2018-04-10 09:41:52, contaminated
trace_3.2_fail, 31A0664B-46D1-1E72-3AE2-0B5A84E0A413, firefox, 2018-04-10 09:41:52, contaminated
trace_3.2_fail, 4CCD9DF1-D035-9252-9E32-E676087B133B, firefox, 2018-04-10 09:41:52, contaminated
trace_3.2_fail, AE9CC618-BE6A-AEFD-985A-F6203C982300, firefox, 2018-04-10 09:41:52, contaminated
trace_3.2_fail, 8E1AF291-4C2C-00CC-8D2E-5993B684A279, firefox, 2018-04-10 09:41:52, contaminated
trace_3.2_fail, FE1F6D7F-AA59-41EA-8935-E5FC37BB3E0F, firefox, 2018-04-10 09:41:52, contaminated
trace_3.2_fail, C3E3C116-377A-3CCF-9E80-18E851E6E8DA, firefox, 2018-04-10 09:41:52, contaminated
trace_3.2_fail, D711AB96-0764-9B95-2E10-847BDF9C5E56, firefox, 2018-04-10 09:41:52, contaminated
trace_3.2_fail, 9F3CCBAD-A05C-A967-D1E4-F1EB88B0C138, firefox, 2018-04-10 09:41:52, contaminated
trace_3.2_fail, 83C3566C-584F-89B1-D933-58354B9C3002, firefox, 2018-04-10 09:41:52, contaminated
trace_3.2_fail, 7BAB8065-F075-6261-E09D-392D07994D30, firefox, 2018-04-10 09:41:52, contaminated
trace_3.2_fail, 0590B6AA-5893-0FF9-271E-A4A263A72538, firefox, 2018-04-10 09:41:52, contaminated
trace_3.2_fail, DFF64A4A-844F-5C5C-E043-2A454ABC3EC2, firefox, 2018-04-10 09:41:52, contaminated
trace_3.2_fail, 3D2F87CA-22A0-4D2E-39EE-553F1120D0F6, firefox, 2018-04-10 09:41:52, contaminated
trace_3.2_fail, 2278D94C-AE1D-0C41-E450-533D2282877D, firefox, 2018-04-10 09:41:52, contaminated
trace_3.2_fail, 227CD121-71EC-1BAC-3160-902A4595307E, firefox, 2018-04-10 09:41:52, contaminated
trace_3.2_fail, 5936D1B5-67B7-4B7F-B528-1AE1882C8BC8, firefox, 2018-04-10 09:41:52, contaminated
trace_3.2_fail, 146A79E4-CD69-1A14-E6CC-7E2B0CED3E99, firefox, 2018-04-10 09:41:52, contaminated
trace_3.2_fail, FA907EC1-7055-A4B5-AB31-99ADFA84F12A, firefox, 2018-04-10 09:41:52, contaminated
trace_3.2_fail, 8AC59AE3-EA38-EDCD-7F13-A6C5547AA879, firefox, 2018-04-10 09:41:52, contaminated
trace_3.2_fail, 9686636B-2CBA-0CD3-6246-7462A5C71B44, firefox, 2018-04-10 09:41:52, contaminated
trace_3.2_fail, DDDDB3C2-CA65-FF6E-5446-E6671DDDC251, firefox, 2018-04-10 09:41:52, contaminated
trace_3.2_fail, 49C4D700-AFF5-20B5-2F85-EBEE1D3EC4B4, firefox, 2018-04-10 09:41:52, contaminated
trace_3.2_fail, 89219241-8DC4-E7CF-9584-72D73F0859D3, firefox, 2018-04-10 09:41:52, contaminated
trace_3.2_fail, C11FEC98-C092-A2F1-2C92-185595F2DB0B, firefox, 2018-04-10 09:41:52, contaminated
trace_3.2_fail, 75E1C1D8-529F-39F6-A722-4B4594F22C83, firefox, 2018-04-10 09:41:52, contaminated
trace_3.2_fail, 94C9AC26-E95A-3CF2-62ED-C9F48CC7A4AD, firefox, 2018-04-10 09:41:52, contaminated
trace_3.2_fail, 40F5A4AF-4D49-29F7-1D52-29B27738E419, firefox, 2018-04-10 09:41:52, contaminated
trace_3.2_fail, F8C26A5B-6C95-A982-FB4A-6F6AA9BF4B2C, firefox, 2018-04-10 09:41:52, contaminated
trace_3.2_fail, 613985AB-BF71-62E4-E1AB-95EB419CDBFD, firefox, 2018-04-10 09:41:52, contaminated
trace_3.2_fail, B08A1FA5-8542-4D72-EA74-FE10F6B09A2C, firefox, 2018-04-10 09:41:52, contaminated
trace_3.2_fail, 3F11DE7C-DC9A-EF82-B5E2-D8A91EC444BC, firefox, 2018-04-10 09:41:52, contaminated
trace_3.2_fail, F10DE943-CF00-9BCC-1225-CACB6CBF5D59, firefox, 2018-04-10 09:41:52, contaminated
trace_3.2_fail, 09D195D8-B902-EF72-B1F1-78641BB6B07E, firefox, 2018-04-10 09:41:52, contaminated
trace_3.2_fail, BDCD2F3D-1BB6-7995-DD1E-ED7C30278A67, firefox, 2018-04-10 09:41:52, contaminated
trace_3.2_fail, 7EA55165-46AE-D18E-1EC7-2BC66FAD1E92, firefox, 2018-04-10 09:41:52, contaminated
trace_3.2_fail, 051F2029-9F40-0DD0-C6EC-6920827AF506, firefox, 2018-04-10 09:41:52, contaminated
trace_3.2_fail, 427C1EAA-E805-CF19-81EA-A50E3D204042, firefox, 2018-04-10 09:41:52, contaminated
trace_3.2_fail, D216B063-FEC2-3273-4E6D-F6A26DF2BC7C, firefox, 2018-04-10 09:41:52, contaminated
trace_3.2_fail, 592D4B91-B350-C4DE-3E3A-09A6DA7220E4, firefox, 2018-04-10 09:41:52, contaminated
trace_3.2_fail, 13A717C9-2F77-8CE4-A5FD-07E90A7E5166, firefox, 2018-04-10 09:41:52, contaminated
trace_3.2_fail, EE279CDF-8448-4338-EA47-6CFC0D6CFE0E, firefox, 2018-04-10 09:41:52, contaminated
trace_3.2_fail, A6629DF3-2935-095E-12C0-8F3C8C2D300D, firefox, 2018-04-10 09:41:52, contaminated
trace_3.2_fail, CCE418C7-F936-6F5C-428F-249CDCC80F89, firefox, 2018-04-10 09:41:52, contaminated
trace_3.2_fail, 383B5B04-663F-46A7-DEBA-402473203353, firefox, 2018-04-10 09:41:52, contaminated
trace_3.2_fail, 41260B96-826B-C1EE-310B-FC16ECA3C4C1, firefox, 2018-04-10 09:41:52, contaminated
trace_3.2_fail, 1D1F43A5-377B-9F20-7298-33D753B9FB22, firefox, 2018-04-10 09:41:52, contaminated
trace_3.2_fail, 2F743172-792C-AAA1-64A7-9A357FBDCFBB, firefox, 2018-04-10 09:41:52, contaminated
trace_3.2_fail, B0FEEA00-533E-352C-08F9-A81F39922CAF, firefox, 2018-04-10 09:41:52, contaminated
trace_3.2_fail, 0AA66D41-B17D-F0CE-8D95-6448967D525B, firefox, 2018-04-10 09:41:52, contaminated
trace_3.2_fail, 08E55667-FCA5-81F4-EE41-E43C11B9C899, firefox, 2018-04-10 09:41:52, contaminated
trace_3.2_fail, 5D6CD895-0B8C-877D-0BCD-43E46DFBA069, firefox, 2018-04-10 09:41:52, contaminated
trace_3.2_fail, F8FCD0C5-4A6F-6F9C-220A-BC7EE1077E18, firefox, 2018-04-10 09:41:52, contaminated
trace_3.2_fail, 4D336406-B435-B645-3486-7BD1DA5322CE, firefox, 2018-04-10 09:41:52, contaminated
trace_3.2_fail, 9651353B-6034-117C-D2FF-A2037D09C228, firefox, 2018-04-10 09:41:52, contaminated
trace_3.2_fail, D3444BEF-7B24-F27B-F62B-AECAB75E7C05, firefox, 2018-04-10 09:41:52, contaminated
trace_3.2_fail, B4E4C071-2362-7C76-D979-B35A4D498E0D, firefox, 2018-04-10 09:41:52, contaminated
trace_3.2_fail, 882963A0-45B7-C205-56AC-72144A8AFD09, firefox, 2018-04-10 09:41:52, contaminated
trace_3.2_fail, 6C9025AB-91CC-AF2F-E104-7D6D51C8275F, firefox, 2018-04-10 09:41:52, contaminated
trace_3.2_fail, ACE8041D-0E9C-43FE-92FB-5E52ED8DCEC5, firefox, 2018-04-10 09:41:52, contaminated
trace_3.2_fail, AB7BFE8F-15B6-59D9-88D4-693AD013254C, firefox, 2018-04-10 09:41:52, contaminated
trace_3.2_fail, D0800372-8570-15B3-A853-355FCDEAFC20, firefox, 2018-04-10 09:41:52, contaminated
trace_3.2_fail, BE6477BA-09D0-DFC6-8664-32FB6B68561F, firefox, 2018-04-10 09:41:52, contaminated
trace_3.2_fail, E57C887D-011B-4662-0810-E9836D37DC7A, firefox, 2018-04-10 09:41:52, contaminated
trace_3.2_fail, 9F2C7B48-4A39-F489-9DA3-8030C7891BC9, firefox, 2018-04-10 09:41:52, contaminated
trace_3.2_fail, 4D372AC0-EA61-5925-8227-516FCABF3097, firefox, 2018-04-10 09:41:52, contaminated
trace_3.2_fail, 8697D919-B7D9-625C-6EF3-86EE0501937B, firefox, 2018-04-10 09:41:52, contaminated
trace_3.2_fail, E88FB2C8-B49E-DBD7-7B7D-8F57AC4C8B49, firefox, 2018-04-10 09:41:52, contaminated
trace_3.2_fail, CD7B4B0C-E663-3652-5AE8-0D8A487C033A, firefox, 2018-04-10 09:41:52, contaminated
trace_3.2_fail, 16FE0207-234B-59FC-2170-E5E73AD57463, firefox, 2018-04-10 09:41:52, contaminated
trace_3.2_fail, 1680CFEB-10AF-E043-9099-26C544FCC27C, firefox, 2018-04-10 09:41:52, contaminated
trace_3.2_fail, F8903047-AEC3-B6CE-C086-BBE9BF0036DC, firefox, 2018-04-10 09:41:52, contaminated
trace_3.2_fail, 6D581E4C-7757-68C0-DB82-BA12700C3FA7, firefox, 2018-04-10 09:41:52, contaminated
trace_3.2_fail, AC8A6DA9-B265-A0CC-CE77-2C1A8F83E8D0, firefox, 2018-04-10 09:41:52, contaminated
trace_3.2_fail, 79258AFB-2EEE-7FB9-567E-F2C72D3B06B3, firefox, 2018-04-10 09:41:52, contaminated
trace_3.2_fail, D08A6473-88A2-481C-97D4-442A5B24E9C1, firefox, 2018-04-10 09:41:52, contaminated
trace_3.2_fail, 88F74142-4846-E281-F17F-E684522E32F6, firefox, 2018-04-10 09:41:52, contaminated
trace_3.2_fail, 05B49181-BC82-520A-1037-841B086A0059, firefox, 2018-04-10 09:41:52, contaminated
trace_3.2_fail, 5444BD47-A9E1-A13D-9B36-4E0EC5C8C1E4, firefox, 2018-04-10 09:41:52, contaminated
trace_3.2_fail, 039EEB90-4EAB-51AA-E1C5-D53F5EC341FA, firefox, 2018-04-10 09:41:52, contaminated
trace_3.2_fail, 6F582C2F-F47C-FC7C-5649-483639E1B85D, firefox, 2018-04-10 09:41:52, contaminated
trace_3.2_fail, 62AF5D61-DB86-2A02-9B71-089FA5EC2A00, firefox, 2018-04-10 09:41:52, contaminated
trace_3.2_fail, 98AF0434-5BD8-DA55-4648-1B683F95AEE7, firefox, 2018-04-10 09:41:52, contaminated
trace_3.2_fail, F191A2D2-0B8D-3FB3-9FCB-F21F2A62B6CE, firefox, 2018-04-10 09:41:52, contaminated
trace_3.2_fail, 5317E784-F5DF-771C-27F4-115E4AAB8FA0, firefox, 2018-04-10 09:41:52, contaminated
trace_3.2_fail, 89D95833-6F58-1DBE-D226-63E0034C6C0B, firefox, 2018-04-10 09:41:52, contaminated
trace_3.2_fail, CFE42243-AD34-4BA8-9A07-DAD742AA8BFD, firefox, 2018-04-10 09:41:52, contaminated
trace_3.2_fail, 60BCD24F-00F5-E04A-B502-2F0528F69AA7, firefox, 2018-04-10 09:41:52, contaminated
trace_3.2_fail, E85EB5C5-5E29-518E-47A5-29BB664988DA, firefox, 2018-04-10 09:41:52, contaminated
trace_3.2_fail, 385974C8-8E05-7FCE-DBFD-64E1775033BE, firefox, 2018-04-10 09:41:52, contaminated
trace_3.2_fail, 4AAF12D9-E4B8-8076-9EBA-D2B41E4D3561, firefox, 2018-04-10 09:41:52, contaminated
trace_3.2_fail, 7E58F507-F0A2-A777-48F9-E7A080DA4157, firefox, 2018-04-10 09:41:52, contaminated
trace_3.2_fail, 906F2752-174A-7E5D-7985-66F678C2D5C5, firefox, 2018-04-10 09:41:52, contaminated
trace_3.2_fail, 790352CF-F3C4-C63C-B2D5-4C015491FD1D, firefox, 2018-04-10 09:41:52, contaminated
trace_3.2_fail, E653E3E5-4609-3CC6-5D64-AE676A521918, firefox, 2018-04-10 09:41:52, contaminated
trace_3.2_fail, 5E6AFF3F-FC57-D632-85F7-D4D29CCC6B42, firefox, 2018-04-10 09:41:52, contaminated
trace_3.2_fail, BCE7E75F-4596-C88A-AF42-D00DAA55C734, firefox, 2018-04-10 09:41:52, contaminated
trace_3.2_fail, 1A5E1A72-93DB-8F79-127B-31D36E3DD2E8, firefox, 2018-04-10 09:41:52, contaminated
trace_3.2_fail, 57F023B9-C7AE-BB89-83C3-247042D4A46F, firefox, 2018-04-10 09:41:52, contaminated
trace_3.2_fail, C1EBD0D2-9FC4-7A4B-4921-1D4213BEC88D, firefox, 2018-04-10 09:41:52, contaminated
trace_3.2_fail, C0CEEF85-9C2B-742D-EB2B-C87071C65A59, firefox, 2018-04-10 09:41:52, contaminated
trace_3.2_fail, 42C6E38F-713B-4931-1A52-63D6808E3066, firefox, 2018-04-10 09:41:52, contaminated
trace_3.2_fail, 0EC98989-E40A-1A6E-35F2-6EFAEC6F9C85, firefox, 2018-04-10 09:41:52, contaminated
trace_3.2_fail, 0C8585FA-5758-6718-C6C5-1A5FD36522D8, firefox, 2018-04-10 09:41:52, contaminated
trace_3.2_fail, 79CB0387-1F54-8D94-6935-333D70D2D1D5, firefox, 2018-04-10 09:41:52, contaminated
trace_3.2_fail, EA4CAA37-263C-DCB7-3D94-13EC3D362B09, firefox, 2018-04-10 09:41:52, contaminated
trace_3.2_fail, 7FA7397D-5A91-D514-7EFC-2E08C50C99E2, firefox, 2018-04-10 09:41:52, contaminated
trace_3.2_fail, 0C2D6901-F29C-1D24-431F-6DA494F8F6A8, firefox, 2018-04-10 09:41:52, contaminated
trace_3.2_fail, 4EF3B50B-F2A9-121E-957B-10C58C36414B, firefox, 2018-04-10 09:41:52, contaminated
trace_3.2_fail, 90A73241-578C-8692-A7A3-3E7BD6AF0807, firefox, 2018-04-10 09:41:52, contaminated
trace_3.2_fail, 0E6EE993-061D-38DA-9CF7-CDAEDD3C97B9, firefox, 2018-04-10 09:41:52, contaminated
trace_3.2_fail, DA2AC84E-5B5D-83F8-3EED-278F751E15AB, firefox, 2018-04-10 09:41:52, contaminated
trace_3.2_fail, C30DDF8B-8C14-A580-70E5-9A97391E07FB, firefox, 2018-04-10 09:41:52, contaminated
trace_3.2_fail, 8024D2E0-1DDB-6C9B-879D-BAA8D57C945B, firefox, 2018-04-10 09:41:52, contaminated
trace_3.2_fail, 4C8FC9C8-DF59-F367-C87B-C8BDC42E4F0B, firefox, 2018-04-10 09:41:52, contaminated
trace_3.2_fail, 8FC2C9E7-321C-7521-701E-C197B5DA7FEA, firefox, 2018-04-10 09:41:52, contaminated
trace_3.2_fail, 474675C9-F14F-B106-5FFE-1C67983ADEBD, firefox, 2018-04-10 09:41:52, contaminated
trace_3.2_fail, 80725ACE-F21B-BAC6-6B14-08681CD07451, firefox, 2018-04-10 09:41:52, contaminated
trace_3.2_fail, 7DB48F18-A5A3-873F-3F1B-8AA2CDFA1E19, firefox, 2018-04-10 09:41:52, contaminated
trace_3.2_fail, DF3A8762-2FD0-7D76-A995-27305309E2F8, firefox, 2018-04-10 09:41:52, contaminated
trace_3.2_fail, 0DF6E03A-4F71-2FDC-B06A-20D1390C8674, firefox, 2018-04-10 09:41:52, contaminated
trace_3.2_fail, CB907DDF-EFE9-BF87-98A0-9BD13F48C14A, firefox, 2018-04-10 09:41:52, contaminated
trace_3.2_fail, 88EAD42E-5477-A6DC-3C7D-EA1BCAA798DA, firefox, 2018-04-10 09:41:52, contaminated
trace_3.2_fail, EA821FE0-82F4-FC8E-7B33-3D7F2C4FE065, firefox, 2018-04-10 09:41:52, contaminated
trace_3.2_fail, 29B9FC11-1A91-797C-8C3E-C590AA1677A6, firefox, 2018-04-10 09:41:52, contaminated
trace_3.2_fail, 14E1110A-2EE8-DC90-EBA2-65B2A5DB81CF, firefox, 2018-04-10 09:41:52, contaminated
trace_3.2_fail, 0360328B-6C93-ACB4-C4D2-9A45098ADDDB, firefox, 2018-04-10 09:41:52, contaminated
trace_3.2_fail, 0D4E907F-AF3C-62CD-BF07-C2FB8F539480, firefox, 2018-04-10 09:41:52, contaminated
trace_3.2_fail, 0104870E-5406-2F74-A6F3-9FD5B49AA9D9, firefox, 2018-04-10 09:41:52, contaminated
trace_3.2_fail, 4E505B1B-83F7-21F4-C686-9E4756B70925, firefox, 2018-04-10 09:41:52, contaminated
trace_3.2_fail, 83A01CCA-CDFB-4CFE-28CE-A6BE3E8EE1D8, firefox, 2018-04-10 09:41:52, contaminated
trace_3.2_fail, B2748AE9-2DD9-BD02-C9F0-E8D50E62F842, firefox, 2018-04-10 09:41:52, contaminated
trace_3.2_fail, D8A67FE8-489F-E891-8062-3D89F0C40F8C, firefox, 2018-04-10 09:41:52, contaminated
trace_3.2_fail, F1C9F770-ED07-089A-293D-A66E3296AF01, firefox, 2018-04-10 09:41:52, contaminated
trace_3.2_fail, FD367C36-58F2-1472-AAB5-0D7B5880BFEC, firefox, 2018-04-10 09:41:52, contaminated
trace_3.2_fail, 2D32E596-9765-21E7-757F-5CE09F63AD12, firefox, 2018-04-10 09:41:52, contaminated
trace_3.2_fail, E9DE47AD-3772-3C13-EF9B-8332E159B135, firefox, 2018-04-10 09:41:52, contaminated
trace_3.2_fail, D67EDC38-0AF4-CA08-B931-01154A6D8C3F, firefox, 2018-04-10 09:41:52, contaminated
trace_3.2_fail, A9F15AE7-3896-F84E-7FF2-3D46A43EE31E, firefox, 2018-04-10 09:41:52, contaminated
trace_3.2_fail, 6E4E86A3-F96B-23C5-F9CC-8E9604F63FA4, firefox, 2018-04-10 09:41:53, contaminated
trace_3.2_fail, 02283967-9B12-ACEE-9011-20D46CF04D30, firefox, 2018-04-10 09:41:53, contaminated
trace_3.2_fail, 5C4DA827-137A-FCA1-20A1-DF57FB1B89FD, firefox, 2018-04-10 09:41:53, contaminated
trace_3.2_fail, 7809271F-5415-EB0B-FC19-854055B8B982, firefox, 2018-04-10 09:41:53, contaminated
trace_3.2_fail, 2B9E96AC-BCDD-B51A-D963-63A50F0D2FA0, firefox, 2018-04-10 09:41:53, contaminated
trace_3.2_fail, 3459B7AE-2B92-D67B-2E49-0EC948838C87, firefox, 2018-04-10 09:41:53, contaminated
trace_3.2_fail, 79DEBAFD-B68B-874C-E165-EDFC5488E922, firefox, 2018-04-10 09:41:53, contaminated
trace_3.2_fail, EAA29FD6-54D9-060D-B794-0BB014F549D7, firefox, 2018-04-10 09:41:53, contaminated
trace_3.2_fail, 3F99F1DA-F749-43B3-DC4C-C659B48352FC, firefox, 2018-04-10 09:41:53, contaminated
trace_3.2_fail, CE490F97-5570-DDB6-84D1-D960C90C0AA7, firefox, 2018-04-10 09:41:53, contaminated
trace_3.2_fail, E0FA42FF-7929-5659-7A38-F57AC0E02D5C, firefox, 2018-04-10 09:41:53, contaminated
trace_3.2_fail, C4345E94-6A5A-3AE6-50D3-25B1CAD519AD, firefox, 2018-04-10 09:41:53, contaminated
trace_3.2_fail, 2C8E1264-184D-5665-2B5F-1312B5FB6EB8, firefox, 2018-04-10 09:41:53, contaminated
trace_3.2_fail, 711DEF5C-1AA7-1BD0-574A-8361D735E32D, firefox, 2018-04-10 09:41:53, contaminated
trace_3.2_fail, A417D799-28CE-249C-DA45-F1601ABF4C05, firefox, 2018-04-10 09:41:53, contaminated
trace_3.2_fail, 28139DDB-6D72-A204-BEE2-EF7836A34171, firefox, 2018-04-10 09:41:54, contaminated
trace_3.2_fail, 92D46480-1262-3635-CCD1-B2A79962E165, firefox, 2018-04-10 09:41:54, contaminated
trace_3.2_fail, 7FFA72A5-06D0-CB89-F6F7-D186170FEA12, firefox, 2018-04-10 09:41:54, contaminated
trace_3.2_fail, 5F0AF0B6-ECDF-DF08-4553-0EBBC511B608, firefox, 2018-04-10 09:41:54, contaminated
trace_3.2_fail, 02A78322-FFCA-7E37-0083-79F2F623BEA1, firefox, 2018-04-10 09:41:54, contaminated
trace_3.2_fail, C4A0DDD4-3296-3872-118D-189C87E62F98, firefox, 2018-04-10 09:41:54, contaminated
trace_3.2_fail, 1C036647-36F4-9473-28A7-14015A3B5F87, firefox, 2018-04-10 09:41:54, contaminated
trace_3.2_fail, F08560E2-0FD2-29A4-B66C-DEF04C7D041A, firefox, 2018-04-10 09:41:54, contaminated
trace_3.2_fail, 2857633E-8C6E-617A-A230-B02407FFCF09, firefox, 2018-04-10 09:41:54, contaminated
trace_3.2_fail, 1E253F61-2A3E-631B-5C00-3D4AC390A03C, firefox, 2018-04-10 09:41:54, contaminated
trace_3.2_fail, C5021127-0F95-3EF1-29E7-A54DC31312D4, firefox, 2018-04-10 09:41:54, contaminated
trace_3.2_fail, C064D9B6-99D4-DFA3-7875-F18A13BD120B, firefox, 2018-04-10 09:41:54, contaminated
trace_3.2_fail, 83E0519B-BFC5-F201-C5D7-855B4A4B710A, firefox, 2018-04-10 09:41:54, contaminated
trace_3.2_fail, 22A3CB00-511A-9FF1-8E1C-7F8091185417, firefox, 2018-04-10 09:41:54, contaminated
trace_3.2_fail, 1F9EA5AA-CB3C-7B7C-35DC-E6D229622579, firefox, 2018-04-10 09:41:54, contaminated
trace_3.2_fail, 5A699E8E-D287-ACA2-6EDF-8F76D2EF04CF, firefox, 2018-04-10 09:41:54, contaminated
trace_3.2_fail, 22191AE1-C660-2D0B-A6E0-C89AD81DB373, firefox, 2018-04-10 09:41:54, contaminated
trace_3.2_fail, 2D250353-319D-B55F-3AD8-D8CAEB8C64C0, firefox, 2018-04-10 09:41:54, contaminated
trace_3.2_fail, 8F79BC84-CC06-01D1-C4B6-5AD096B36352, firefox, 2018-04-10 09:41:54, contaminated
trace_3.2_fail, B25EC136-31CA-14DA-E7B3-7153056A1C6E, firefox, 2018-04-10 09:41:54, contaminated
trace_3.2_fail, 9F076B2F-56B9-B169-9001-35644F47244D, firefox, 2018-04-10 09:41:54, contaminated
trace_3.2_fail, F2AB8828-5C2E-469D-1E28-9A081074626C, firefox, 2018-04-10 09:41:54, contaminated
trace_3.2_fail, BBE9CF8D-3B06-79B4-FD41-A7BA8721F121, firefox, 2018-04-10 09:41:54, contaminated
trace_3.2_fail, FD6F5682-1CBB-A380-A3FE-73F7C4981123, firefox, 2018-04-10 09:41:54, contaminated
trace_3.2_fail, 4FD7A6C2-080A-484B-B23E-81BEFFF6445D, firefox, 2018-04-10 09:41:54, contaminated
trace_3.2_fail, 3569B69C-4436-0163-E2F5-93B961115B74, firefox, 2018-04-10 09:41:54, contaminated
trace_3.2_fail, DFE09D46-7B58-16AC-D383-DF838A1B2430, firefox, 2018-04-10 09:41:54, contaminated
trace_3.2_fail, 9CEE0ED1-FCE0-F5C0-5329-12C600B3E379, firefox, 2018-04-10 09:41:54, contaminated
trace_3.2_fail, DF08A796-F6C0-8735-F3B1-E38DC043EEFC, firefox, 2018-04-10 09:41:54, contaminated
trace_3.2_fail, 8DA359CA-85BE-0D31-4FB0-BA866626BA3D, firefox, 2018-04-10 09:41:54, contaminated
trace_3.2_fail, E9CC30BC-2D41-8E3A-279D-B302771712E9, firefox, 2018-04-10 09:41:54, contaminated
trace_3.2_fail, 8422084F-7D4F-DACE-AD0B-997B018001C6, firefox, 2018-04-10 09:41:54, contaminated
trace_3.2_fail, 8BC71184-A1C5-224D-8D2C-10A9ADE1FD8F, firefox, 2018-04-10 09:41:54, contaminated
trace_3.2_fail, DDF00F4F-2435-4A0F-EFC4-A0E772FA4E84, firefox, 2018-04-10 09:41:54, contaminated
trace_3.2_fail, 2BCD850C-2D6D-1F6B-CC3D-FA346D865E74, firefox, 2018-04-10 09:41:54, contaminated
trace_3.2_fail, BBD64C70-1E7F-F53A-66E5-493FBFA1EACF, firefox, 2018-04-10 09:41:54, contaminated
trace_3.2_fail, 3E4791D0-2EBF-17E4-95AC-126515510292, firefox, 2018-04-10 09:41:54, contaminated
trace_3.2_fail, 27B53C37-7F1B-49A8-95DA-4E7D299634F2, firefox, 2018-04-10 09:41:54, contaminated
trace_3.2_fail, 294D283D-6481-ABE1-0463-406BB8D6A005, firefox, 2018-04-10 09:41:54, contaminated
trace_3.2_fail, 7A4383A0-3060-1175-9AFB-D4BB1042386F, firefox, 2018-04-10 09:41:54, contaminated
trace_3.2_fail, BDFD2217-8228-EDA2-8BC4-475E4A5C24BB, firefox, 2018-04-10 09:41:54, contaminated
trace_3.2_fail, 62E17CBE-C4C3-455D-931E-043BB93B8377, firefox, 2018-04-10 09:41:54, contaminated
trace_3.2_fail, 1DC6024F-56E5-7C5E-8495-40D7E26D6DFF, firefox, 2018-04-10 09:41:54, contaminated
trace_3.2_fail, 4E167456-3E08-2060-8FAC-908E189C5592, firefox, 2018-04-10 09:41:54, contaminated
trace_3.2_fail, B47BF032-C150-FF26-40E0-ED60CE8DCC76, firefox, 2018-04-10 09:41:54, contaminated
trace_3.2_fail, 6DB81600-0217-76E3-99E2-9BB40BE86BCE, firefox, 2018-04-10 09:41:54, contaminated
trace_3.2_fail, F7E6FEAE-4158-B23B-5A2D-4EFFF37583A9, firefox, 2018-04-10 09:41:54, contaminated
trace_3.2_fail, D6BCD08E-F350-2C26-EEC0-D19B50D77F2A, firefox, 2018-04-10 09:41:54, contaminated
trace_3.2_fail, 05A77D19-B29A-E8D9-6BE8-FE3A912AABEC, firefox, 2018-04-10 09:41:54, contaminated
trace_3.2_fail, F8E4060C-8B7F-CE30-5A35-5E532FD8C733, firefox, 2018-04-10 09:41:54, contaminated
trace_3.2_fail, 24E1AD15-EB11-506E-8D38-3541AF06C681, firefox, 2018-04-10 09:41:54, contaminated
trace_3.2_fail, 6711C5D5-0E7F-0B88-88CD-C3DC1B9EF2D2, firefox, 2018-04-10 09:41:54, contaminated
trace_3.2_fail, 60CDE300-5052-9CAA-C6A6-7356447293C4, firefox, 2018-04-10 09:41:54, contaminated
trace_3.2_fail, 2C825CEB-7432-D546-4BFE-873B869C3EAB, firefox, 2018-04-10 09:41:54, contaminated
trace_3.2_fail, CA2BC43C-A2EB-B77C-F4D6-23A44644A1D7, firefox, 2018-04-10 09:41:54, contaminated
trace_3.2_fail, 38F97CCE-2776-8465-2E3B-4259C8EC348E, firefox, 2018-04-10 09:41:54, contaminated
trace_3.2_fail, EC6A29E6-CE36-286F-CBD3-8278FC7BE37C, firefox, 2018-04-10 09:41:54, contaminated
trace_3.2_fail, 42151EEB-3AAD-7442-6CA8-77A55F1BD1DF, firefox, 2018-04-10 09:41:54, contaminated
trace_3.2_fail, 7F29B8B6-632C-9AE8-4206-0B825A639C43, firefox, 2018-04-10 09:41:54, contaminated
trace_3.2_fail, 02845386-549E-C1DC-A174-B77B2E0A6F19, firefox, 2018-04-10 09:41:54, contaminated
trace_3.2_fail, ABB8AD10-FF14-2689-644B-6BF33B567679, firefox, 2018-04-10 09:41:54, contaminated
trace_3.2_fail, 06B68D4A-2CC4-4225-DBCA-2A357908CDEB, firefox, 2018-04-10 09:41:54, contaminated
trace_3.2_fail, 1EDE5EAC-BFB9-8EFA-E778-231388239DA8, firefox, 2018-04-10 09:41:54, contaminated
trace_3.2_fail, D5E7933C-D598-23B1-5796-2FA8E8DBD081, firefox, 2018-04-10 09:41:54, contaminated
trace_3.2_fail, 42992DEC-12DB-BC41-CB0B-0507EC59896D, firefox, 2018-04-10 09:41:54, contaminated
trace_3.2_fail, 214B0205-2C0B-7EDE-5AE4-05310C3D186E, firefox, 2018-04-10 09:41:54, contaminated
trace_3.2_fail, 9551E53A-F7F4-04D2-3B04-FCEF56BF5464, firefox, 2018-04-10 09:41:54, contaminated
trace_3.2_fail, FF4075FF-C120-FC17-8491-A4F2A31B9027, firefox, 2018-04-10 09:41:54, contaminated
trace_3.2_fail, 3B5A5AE7-EF1A-AF09-805E-21BD130968CF, firefox, 2018-04-10 09:41:54, contaminated
trace_3.2_fail, D0F7C53A-61B6-1008-852B-FBB68921BFB0, firefox, 2018-04-10 09:41:54, contaminated
trace_3.2_fail, B2055612-813C-66BF-FA4F-0C77AE4E760E, firefox, 2018-04-10 09:41:54, contaminated
trace_3.2_fail, 99C1BFD3-F556-4236-AF17-DCDF40BF7C97, firefox, 2018-04-10 09:41:54, contaminated
trace_3.2_fail, 226C336D-9246-0DF9-5CB6-C3800F0ECB43, firefox, 2018-04-10 09:41:54, contaminated
trace_3.2_fail, 161D7ABC-DC0B-0304-0212-D6AE65AA741D, firefox, 2018-04-10 09:41:54, contaminated
trace_3.2_fail, 8CFB8B50-7610-A92A-AA95-CDB00604D1F4, firefox, 2018-04-10 09:41:54, contaminated
trace_3.2_fail, 9A1E5FC0-847B-2A0A-7423-8E3240600406, firefox, 2018-04-10 09:41:54, contaminated
trace_3.2_fail, 39CCECD3-146B-4205-6493-59C692BBEC83, firefox, 2018-04-10 09:41:54, contaminated
trace_3.2_fail, DC2179EA-E762-5A73-E4D4-C240ABC1CD80, firefox, 2018-04-10 09:41:54, contaminated
trace_3.2_fail, BD8DC665-A02E-FC78-4E2B-B1EEB097363B, firefox, 2018-04-10 09:41:54, contaminated
trace_3.2_fail, 0C1EDFE9-BFF0-7F65-1007-7C0265853FDC, firefox, 2018-04-10 09:41:54, contaminated
trace_3.2_fail, EF5F3B12-9393-CEDF-1CF6-B872886CD4FB, firefox, 2018-04-10 09:41:54, contaminated
trace_3.2_fail, D09E53EB-1C14-FA81-8989-1A18A7B13A37, firefox, 2018-04-10 09:41:54, contaminated
trace_3.2_fail, 2EADF038-6F45-3507-AC57-A22424D35411, firefox, 2018-04-10 09:41:54, contaminated
trace_3.2_fail, F2DF0E76-8AA9-6833-B02F-95D47B24A423, firefox, 2018-04-10 09:41:54, contaminated
trace_3.2_fail, 5A6D87CC-85D2-17F2-9742-FE5F2058D14A, firefox, 2018-04-10 09:41:54, contaminated
trace_3.2_fail, 2AB16584-07D1-D8B9-59CB-D483656B64A1, firefox, 2018-04-10 09:41:54, contaminated
trace_3.2_fail, 6CE075FB-AD7D-5B7B-FC06-BD1F7A9CECAC, firefox, 2018-04-10 09:41:54, contaminated
trace_3.2_fail, 5E7A86EF-1C00-4F1F-5C20-2E559A648AB2, firefox, 2018-04-10 09:41:54, contaminated
trace_3.2_fail, F9FC155E-93FB-4456-8FF7-39E065F97E79, firefox, 2018-04-10 09:41:54, contaminated
trace_3.2_fail, 5DCC0D53-A97E-57B9-CAAF-1036258C19FF, firefox, 2018-04-10 09:41:54, contaminated
trace_3.2_fail, 0EF07655-2BB1-4595-A5CC-7283B83ADFC4, firefox, 2018-04-10 09:41:54, contaminated
trace_3.2_fail, 40A9A34F-C790-605A-B5F8-574D70DE3668, firefox, 2018-04-10 09:41:54, contaminated
trace_3.2_fail, BEA0D1E6-A4F2-2D56-96BF-3BABD41CE486, firefox, 2018-04-10 09:41:54, contaminated
trace_3.2_fail, 60817E9D-CE8F-4998-9548-8C91232BD0B4, firefox, 2018-04-10 09:41:54, contaminated
trace_3.2_fail, 1BAB3CE8-4DB1-E026-C90F-FDC04857E299, firefox, 2018-04-10 09:41:54, contaminated
trace_3.2_fail, 0581ADAD-41AB-8B4A-9546-CA03E7BD5CDF, firefox, 2018-04-10 09:41:54, contaminated
trace_3.2_fail, 78546730-B37C-3651-9E03-C72E74128DB4, firefox, 2018-04-10 09:41:54, contaminated
trace_3.2_fail, B3BF2A8B-8F41-6FD4-1B4C-C6473935F17E, firefox, 2018-04-10 09:41:54, contaminated
trace_3.2_fail, 7346B17B-B91D-18FE-99D7-A6B5104B45AF, firefox, 2018-04-10 09:41:54, contaminated
trace_3.2_fail, 659C7B75-910D-CFE7-7FA9-663B7571FA13, firefox, 2018-04-10 09:41:54, contaminated
trace_3.2_fail, 656FE954-6D32-E05A-91F7-7053A6227309, firefox, 2018-04-10 09:41:54, contaminated
trace_3.2_fail, 1D246DF9-7A3D-0093-C4DC-06BC9DA90DB6, firefox, 2018-04-10 09:41:54, contaminated
trace_3.2_fail, 23D83E93-A7C4-4E10-FBCD-A1E436626D6C, firefox, 2018-04-10 09:41:54, contaminated
trace_3.2_fail, 2979BC6A-2FB7-7000-6023-D67CFFF6EA0D, firefox, 2018-04-10 09:41:54, contaminated
trace_3.2_fail, 7C23E128-AA4D-8F78-19CF-A5640BBBB2D8, firefox, 2018-04-10 09:41:54, contaminated
trace_3.2_fail, E1E70CF2-C38A-3BF8-3BF1-534788B2A062, firefox, 2018-04-10 09:41:54, contaminated
trace_3.2_fail, 0D8E0FB1-4427-B451-D167-61E83E50086A, firefox, 2018-04-10 09:41:54, contaminated
trace_3.2_fail, 937AE1E2-4856-6C0F-FBAD-D444B47857B4, firefox, 2018-04-10 09:41:54, contaminated
trace_3.2_fail, 6A127021-BC0B-8FC1-E8EC-7B489683D83A, firefox, 2018-04-10 09:41:54, contaminated
trace_3.2_fail, 42D02E6A-C62F-3A01-55FC-0A756FD811A0, firefox, 2018-04-10 09:41:54, contaminated
trace_3.2_fail, 06FD1E3F-02F0-F641-7EAA-5B1317D86AAF, firefox, 2018-04-10 09:41:54, contaminated
trace_3.2_fail, 1D4815BD-F1FF-88B1-5C1A-57E11D4F73A0, firefox, 2018-04-10 09:41:54, contaminated
trace_3.2_fail, 9EB1EC5D-4001-6DFC-8DE5-B82478C3DEE2, firefox, 2018-04-10 09:41:54, contaminated
trace_3.2_fail, 71A7F4C8-0F21-A3C0-ED53-F092EBC7E125, firefox, 2018-04-10 09:41:54, contaminated
trace_3.2_fail, F4AA099F-CFBD-EA64-B3E0-FCADD392D19A, firefox, 2018-04-10 09:41:54, contaminated
trace_3.2_fail, 65F77AB2-D73E-7B2F-C599-659027F7A070, firefox, 2018-04-10 09:41:54, contaminated
trace_3.2_fail, C77AB801-3BAF-4782-50A6-ED7F8B41273D, firefox, 2018-04-10 09:41:54, contaminated
trace_3.2_fail, 27BD0EBE-1B62-C928-1075-65A5EF10D43B, firefox, 2018-04-10 09:41:54, contaminated
trace_3.2_fail, 9303A856-9619-1E06-86B5-EBA0707A89C5, firefox, 2018-04-10 09:41:54, contaminated
trace_3.2_fail, 5CA25B1B-1DA2-375A-1298-5B1FF0A93D00, firefox, 2018-04-10 09:41:54, contaminated
trace_3.2_fail, 520D5CEE-9DBF-1803-F4F1-B18529BA2909, firefox, 2018-04-10 09:41:54, contaminated
trace_3.2_fail, 2C886AD9-2813-15BA-531D-13D1DB350828, firefox, 2018-04-10 09:41:54, contaminated
trace_3.2_fail, F05A9064-EB47-903E-69E0-D620281B7D1E, firefox, 2018-04-10 09:41:54, contaminated
trace_3.2_fail, 7EF63338-8B5B-0748-0222-2D29754EFA22, firefox, 2018-04-10 09:41:54, contaminated
trace_3.2_fail, 7A6E6B03-3D46-A62C-A017-866BA1592194, firefox, 2018-04-10 09:41:54, contaminated
trace_3.2_fail, F43B01B5-C65E-56F0-1222-DB16945DB1BC, firefox, 2018-04-10 09:41:54, contaminated
trace_3.2_fail, 6380F12C-003A-4497-A038-BAEB70471515, firefox, 2018-04-10 09:41:54, contaminated
trace_3.2_fail, 879769DA-7FF8-4064-1F1B-5F6819A4DDE3, firefox, 2018-04-10 09:41:54, contaminated
trace_3.2_fail, F4ED46A1-CD00-81C7-6E4A-69C9365E9D88, firefox, 2018-04-10 09:41:54, contaminated
trace_3.2_fail, 21BF8877-8463-FB64-F8F4-4872EC5959FC, firefox, 2018-04-10 09:41:54, contaminated
trace_3.2_fail, CF2F1690-846C-3F5E-BFF2-A2F9E29FA91B, firefox, 2018-04-10 09:41:54, contaminated
trace_3.2_fail, 2A9D0E6F-04BD-F349-7474-100662D058EB, firefox, 2018-04-10 09:41:54, contaminated
trace_3.2_fail, F048BD02-CD4C-468C-BA93-453B386684CF, firefox, 2018-04-10 09:41:54, contaminated
trace_3.2_fail, 9D2093EB-6A7B-1AB2-7B3D-4251073AD570, firefox, 2018-04-10 09:41:54, contaminated
trace_3.2_fail, 12CB6D00-B99B-B6E7-E768-518EB48D69D9, firefox, 2018-04-10 09:41:54, contaminated
trace_3.2_fail, 98862C91-4A88-D4E0-91F9-6E0593CF6BA9, firefox, 2018-04-10 09:41:54, contaminated
trace_3.2_fail, 814E0239-4E18-B548-B32A-65E713E038F9, firefox, 2018-04-10 09:41:54, contaminated
trace_3.2_fail, FD506F40-E133-B0C0-C0D5-72DD1E34A592, firefox, 2018-04-10 09:41:54, contaminated
trace_3.2_fail, D4323D3E-3DE0-547E-AD7F-FE5CAA8BA39C, firefox, 2018-04-10 09:41:54, contaminated
trace_3.2_fail, C3175922-A511-3B24-EDA2-572F42ED4517, firefox, 2018-04-10 09:41:54, contaminated
trace_3.2_fail, 171C2BE1-DD2D-C619-90F6-BE405DE85C99, firefox, 2018-04-10 09:41:54, contaminated
trace_3.2_fail, 8E75D107-7351-9CB9-1EDD-D5E77CDA9675, firefox, 2018-04-10 09:41:54, contaminated
trace_3.2_fail, 3E461E03-E9D4-CC22-8DB7-0DA2F32EF642, firefox, 2018-04-10 09:41:54, contaminated
trace_3.2_fail, 85A69434-9261-EA65-2A45-5FAA5BEF61F5, firefox, 2018-04-10 09:41:54, contaminated
trace_3.2_fail, BE0FEEC4-1B54-B6BE-407D-84732B40E41E, firefox, 2018-04-10 09:41:54, contaminated
trace_3.2_fail, 040A7B19-22E4-2E9A-57BB-996D9B709CF8, firefox, 2018-04-10 09:41:54, contaminated
trace_3.2_fail, F23F0476-C308-F411-1CA9-216B359364AD, firefox, 2018-04-10 09:41:54, contaminated
trace_3.2_fail, 673E4607-813E-EC44-8B59-178F2B597636, firefox, 2018-04-10 09:41:54, contaminated
trace_3.2_fail, 1B956EB6-F4E0-C424-C62B-73B17ACDF6C4, firefox, 2018-04-10 09:41:54, contaminated
trace_3.2_fail, 0012683B-62A4-2458-5AFA-D8C8524DA11C, firefox, 2018-04-10 09:41:54, contaminated
trace_3.2_fail, 480FE0EE-01B2-A2FB-B330-C19F435A81CA, firefox, 2018-04-10 09:41:54, contaminated
trace_3.2_fail, 64E16DCC-3E1F-78E2-9942-54B1FD171C0B, firefox, 2018-04-10 09:41:54, contaminated
trace_3.2_fail, 1A3EB628-BBDC-0593-0368-DF5CAAEF1C41, firefox, 2018-04-10 09:41:54, contaminated
trace_3.2_fail, AD05D834-C2B9-5E39-5728-8B1FE990C501, firefox, 2018-04-10 09:41:54, contaminated
trace_3.2_fail, 81F3B663-F846-9411-4F7B-E8819F690AC7, firefox, 2018-04-10 09:41:54, contaminated
trace_3.2_fail, 64C25FC0-54BE-31EF-0C5A-697497C69D47, firefox, 2018-04-10 09:41:54, contaminated
trace_3.2_fail, 0423AAEA-4A3B-8F23-3C2E-8F7D182F4285, firefox, 2018-04-10 09:41:54, contaminated
trace_3.2_fail, 4B2C55FC-A049-AE1B-1476-54C7CD5696AF, firefox, 2018-04-10 09:41:54, contaminated
trace_3.2_fail, 70A3F333-6AD0-EA83-B932-F25219366E27, firefox, 2018-04-10 09:41:54, contaminated
trace_3.2_fail, 80E590F0-CC7C-BE20-95EC-FAF2352CF2C0, firefox, 2018-04-10 09:41:54, contaminated
trace_3.2_fail, 786167C5-25D2-E51F-6B62-D80CEF467833, firefox, 2018-04-10 09:41:54, contaminated
trace_3.2_fail, 1DC3B9BB-0363-E779-1435-16E2584CC778, firefox, 2018-04-10 09:41:54, contaminated
trace_3.2_fail, 712FFD3E-B907-833B-66DF-18CC3452CFE5, firefox, 2018-04-10 09:41:54, contaminated
trace_3.2_fail, E7591BF7-34FA-EB14-DA1F-77EC050FAB05, firefox, 2018-04-10 09:41:54, contaminated
trace_3.2_fail, 0D66497E-77E1-92E4-02D7-03011CB2879A, firefox, 2018-04-10 09:41:54, contaminated
trace_3.2_fail, 631557AA-3923-6ED0-A3AD-6EAA6486FA5E, firefox, 2018-04-10 09:41:54, contaminated
trace_3.2_fail, D368F8CB-4F99-D37A-50DA-FA422017D712, firefox, 2018-04-10 09:41:54, contaminated
trace_3.2_fail, 822D0663-D1FE-8F67-E9AC-E229C871FC90, firefox, 2018-04-10 09:41:54, contaminated
trace_3.2_fail, F1E1761F-EF5C-30E6-5956-2C01A2D9B822, firefox, 2018-04-10 09:41:54, contaminated
trace_3.2_fail, 99FFB1F8-542E-2F26-D493-8D8BB99EAD9A, firefox, 2018-04-10 09:41:54, contaminated
trace_3.2_fail, F571278B-0916-8C7F-1792-46F7391EBCDD, firefox, 2018-04-10 09:41:54, contaminated
trace_3.2_fail, 6A067156-CE87-C504-896B-4FA74D86BB47, firefox, 2018-04-10 09:41:54, contaminated
trace_3.2_fail, 7E2A895B-5292-429C-31C0-C32D4B95C378, firefox, 2018-04-10 09:41:54, contaminated
trace_3.2_fail, E48AAB60-5B5D-C2D3-CAF1-68BBF3F66E7B, firefox, 2018-04-10 09:41:54, contaminated
trace_3.2_fail, B25FFB66-AEAF-7A6D-2955-947B84711AA0, firefox, 2018-04-10 09:41:54, contaminated
trace_3.2_fail, EEE5F290-773E-CBB8-2A20-8207E05C7B6C, firefox, 2018-04-10 09:41:54, contaminated
trace_3.2_fail, 3F9B322C-A75D-AEA5-D762-A3E47FF9CD1D, firefox, 2018-04-10 09:41:54, contaminated
trace_3.2_fail, BAD580A6-FB52-AC7E-B750-9550A8AA5951, firefox, 2018-04-10 09:41:54, contaminated
trace_3.2_fail, 11900D29-9F6C-391B-ECA7-E0C2C9397345, firefox, 2018-04-10 09:41:54, contaminated
trace_3.2_fail, EF2371E3-E9D4-D215-1212-A69362C9823B, firefox, 2018-04-10 09:41:54, contaminated
trace_3.2_fail, D54AE6C1-0B7A-6FF2-C5A9-281A561BF864, firefox, 2018-04-10 09:41:54, contaminated
trace_3.2_fail, D0E1234A-D61A-99BF-808C-357BC80CF7B7, firefox, 2018-04-10 09:41:54, contaminated
trace_3.2_fail, 2B9C32FA-2F09-8171-EC59-EE5A983EA5F8, firefox, 2018-04-10 09:41:54, contaminated
trace_3.2_fail, B8550FFC-417C-64D2-F93C-9473D45A431E, firefox, 2018-04-10 09:41:54, contaminated
trace_3.2_fail, 8E4F6552-F4F5-C91D-70B2-51846B169B10, firefox, 2018-04-10 09:41:54, contaminated
trace_3.2_fail, FAEF3368-3E8A-9656-2EF9-05EAAF0FE85F, firefox, 2018-04-10 09:41:54, contaminated
trace_3.2_fail, 175CE3F2-3AB2-10DE-423F-6D4E3035874E, firefox, 2018-04-10 09:41:54, contaminated
trace_3.2_fail, 3E4377E4-EA07-A70B-FAD5-EE5B4A265002, firefox, 2018-04-10 09:41:54, contaminated
trace_3.2_fail, 7CE41E09-0335-C01C-81E1-F8256BD174CE, firefox, 2018-04-10 09:41:54, contaminated
trace_3.2_fail, 758DB6A9-3833-A930-4BF1-552B6001026F, firefox, 2018-04-10 09:41:54, contaminated
trace_3.2_fail, 607C3311-9084-A2D0-CA9A-A170E933D513, firefox, 2018-04-10 09:41:54, contaminated
trace_3.2_fail, 26196733-F15B-68D3-23DC-ED6CEFD55B58, firefox, 2018-04-10 09:41:54, contaminated
trace_3.2_fail, FBBEA027-B4E5-BE2E-BEA3-941FEB5F01B1, firefox, 2018-04-10 09:41:54, contaminated
trace_3.2_fail, F662DCFC-3F70-6352-869F-BB58E7C1D137, firefox, 2018-04-10 09:41:54, contaminated
trace_3.2_fail, 95F457AC-5FF7-F584-4FE0-8A59AD3E2D65, firefox, 2018-04-10 09:41:54, contaminated
trace_3.2_fail, EBFAAD8C-C764-1BBE-1909-5768104A77C2, firefox, 2018-04-10 09:41:54, contaminated
trace_3.2_fail, A3F45B5C-0611-AC70-62E2-E2B55E530CF0, firefox, 2018-04-10 09:41:54, contaminated
trace_3.2_fail, D899395E-5FE2-AAA2-8339-8E70E7FE8218, firefox, 2018-04-10 09:41:54, contaminated
trace_3.2_fail, C610DBED-ECC9-BE30-4622-DDFFE1229D02, firefox, 2018-04-10 09:41:54, contaminated
trace_3.2_fail, 97B967A8-54D1-E603-57D5-2E40E32BD993, firefox, 2018-04-10 09:41:54, contaminated
trace_3.2_fail, 4917E6D1-6DC8-653D-27BF-675B315A491A, firefox, 2018-04-10 09:41:54, contaminated
trace_3.2_fail, 6A75B111-49EE-BC6D-6747-98CF87892EE1, firefox, 2018-04-10 09:41:54, contaminated
trace_3.2_fail, 6271655F-AB2E-71C6-5004-E332FBB2D73C, firefox, 2018-04-10 09:41:54, contaminated
trace_3.2_fail, 43D15FE7-93B2-7AB5-C06D-56FFD07D6BF6, firefox, 2018-04-10 09:41:54, contaminated
trace_3.2_fail, A8266B31-3192-1301-E643-F2D5E6E186C6, firefox, 2018-04-10 09:41:54, contaminated
trace_3.2_fail, 7265F95C-C74C-4455-D4A7-17820806DBBE, firefox, 2018-04-10 09:41:54, contaminated
trace_3.2_fail, E47D3BB9-6181-4666-46FA-E0A2CB5A4B6E, firefox, 2018-04-10 09:41:54, contaminated
trace_3.2_fail, 62EE4351-5510-62C2-9A21-97565755E288, firefox, 2018-04-10 09:41:54, contaminated
trace_3.2_fail, C729E4E8-AFEA-616C-7359-F73E310F41A6, firefox, 2018-04-10 09:41:54, contaminated
trace_3.2_fail, ADAD5534-6C2E-6D32-AED5-0F82AB6BAC96, firefox, 2018-04-10 09:41:54, contaminated
trace_3.2_fail, 6CFBC293-5C64-23FB-A87E-E67DB51DC500, firefox, 2018-04-10 09:41:54, contaminated
trace_3.2_fail, 41C56B29-BC9E-4E55-D079-8D3002ABB95D, firefox, 2018-04-10 09:41:54, contaminated
trace_3.2_fail, BDE70671-7495-2AA4-A94F-DF8A21A040EF, firefox, 2018-04-10 09:41:54, contaminated
trace_3.2_fail, 2708B2FA-E613-79E6-10A0-1493B7E57DAD, firefox, 2018-04-10 09:41:54, contaminated
trace_3.2_fail, D5CD8875-73CC-7CEC-9C8B-D3D3CC674283, firefox, 2018-04-10 09:41:54, contaminated
trace_3.2_fail, AB73E956-007E-E645-6656-57D9B8BEFEC8, firefox, 2018-04-10 09:41:54, contaminated
trace_3.2_fail, DEA2FA9B-6695-20D5-B06E-EB8162A7C7C3, firefox, 2018-04-10 09:41:54, contaminated
trace_3.2_fail, 0F8B7622-42A3-D56C-2A10-0CD52A580CE7, firefox, 2018-04-10 09:41:54, contaminated
trace_3.2_fail, 624A6C1B-C0C9-9958-DA93-809C9331F789, firefox, 2018-04-10 09:41:54, contaminated
trace_3.2_fail, 227B66EE-BC49-E47F-F9AD-485AA029FB34, firefox, 2018-04-10 09:41:54, contaminated
trace_3.2_fail, E3BCE15F-E277-8CB4-9C39-F97492126036, firefox, 2018-04-10 09:41:54, contaminated
trace_3.2_fail, D94F7718-E541-CC3C-24CC-14AEC4AC21ED, firefox, 2018-04-10 09:41:54, contaminated
trace_3.2_fail, 0AB282D3-2979-13C4-6436-5325E5152ADF, firefox, 2018-04-10 09:41:54, contaminated
trace_3.2_fail, 1E1AC6CC-B24B-4B90-C1F3-4C534C52DFB2, firefox, 2018-04-10 09:41:54, contaminated
trace_3.2_fail, 59951021-D50E-151C-071C-55078256FE93, firefox, 2018-04-10 09:41:54, contaminated
trace_3.2_fail, 4E862D4B-0CDF-B280-158A-8C43397E9942, firefox, 2018-04-10 09:41:54, contaminated
trace_3.2_fail, 598BB15D-5B52-0F5C-6A3E-9DA6D56E7709, firefox, 2018-04-10 09:41:54, contaminated
trace_3.2_fail, 1AB14729-D88B-E0CD-1DAA-1B1B77126394, firefox, 2018-04-10 09:41:54, contaminated
trace_3.2_fail, C016794A-7CAF-CC6C-2CE6-B5FEAECE56D3, firefox, 2018-04-10 09:41:54, contaminated
trace_3.2_fail, 4C306079-2380-8415-B901-49CA4ECADD79, firefox, 2018-04-10 09:41:54, contaminated
trace_3.2_fail, EB0F7ACF-59DD-859C-3E33-D2CF999C1A53, firefox, 2018-04-10 09:41:54, contaminated
trace_3.2_fail, 8EC43710-0193-B72E-8024-B432991CB31E, firefox, 2018-04-10 09:41:54, contaminated
trace_3.2_fail, 1F8169F7-54C6-D14A-A546-861E52D28B3B, firefox, 2018-04-10 09:41:54, contaminated
trace_3.2_fail, 16B979A8-A8BA-483E-0FAD-A76DFB317611, firefox, 2018-04-10 09:41:54, contaminated
trace_3.2_fail, 64F59076-D03A-012F-DE42-0D2233813DFA, firefox, 2018-04-10 09:41:54, contaminated
trace_3.2_fail, AFA47E3E-6A7F-03D2-B4AB-12FE1C9C5EDD, firefox, 2018-04-10 09:41:54, contaminated
trace_3.2_fail, 33444739-49DF-F025-BBF0-FC9DB6D93130, firefox, 2018-04-10 09:41:54, contaminated
trace_3.2_fail, E3126CFA-518B-307F-892E-D64286C24F8E, firefox, 2018-04-10 09:41:54, contaminated
trace_3.2_fail, 2FF950FC-3A09-DCDF-34CD-406319E38F71, firefox, 2018-04-10 09:41:54, contaminated
trace_3.2_fail, E4D3D9B1-2892-5291-2FBE-0D20325FEE99, firefox, 2018-04-10 09:41:54, contaminated
trace_3.2_fail, 92813643-1A6B-025C-4EF6-8C4108ED4CF3, firefox, 2018-04-10 09:41:54, contaminated
trace_3.2_fail, 151CC2DE-25CB-D0DD-4F30-56012DD0B5EC, firefox, 2018-04-10 09:41:54, contaminated
trace_3.2_fail, 4EEB830B-03F3-DE75-DEA9-6B98B6270842, firefox, 2018-04-10 09:41:54, contaminated
trace_3.2_fail, D97757E8-7620-9336-2CE2-C6251B5A1959, firefox, 2018-04-10 09:41:54, contaminated
trace_3.2_fail, 9DB756D8-58BE-CDAF-DFB9-AA42F478307C, firefox, 2018-04-10 09:41:54, contaminated
trace_3.2_fail, 1B6157DE-05B9-5192-42E2-217973A54A76, firefox, 2018-04-10 09:41:54, contaminated
trace_3.2_fail, 837F0CC5-C5EF-1387-1967-13C0BF3F9B74, firefox, 2018-04-10 09:41:54, contaminated
trace_3.2_fail, 6C2B53B4-FB13-E91E-E7F8-65CD3FC785CF, firefox, 2018-04-10 09:41:54, contaminated
trace_3.2_fail, 8074C002-FAF4-0321-89F1-D2072D47B12F, firefox, 2018-04-10 09:41:54, contaminated
trace_3.2_fail, EA5E0E31-1673-0997-F72A-E994688F1D7D, firefox, 2018-04-10 09:41:54, contaminated
trace_3.2_fail, 18D8E7F0-7114-DAB2-7CB3-40F787B95B7C, firefox, 2018-04-10 09:41:54, contaminated
trace_3.2_fail, 8B564F37-113D-EDCA-A79A-14C95D749F5F, firefox, 2018-04-10 09:41:54, contaminated
trace_3.2_fail, 164E4864-085C-B8A1-EFEE-502ED277BCC5, firefox, 2018-04-10 09:41:54, contaminated
trace_3.2_fail, 74570DA0-50D6-B779-E180-D891E3023AB7, firefox, 2018-04-10 09:41:54, contaminated
trace_3.2_fail, D9750328-C2F9-CA8C-EDA0-CE409F27E1CE, firefox, 2018-04-10 09:41:54, contaminated
trace_3.2_fail, A4481064-A157-DEC1-763A-FC630C71C08E, firefox, 2018-04-10 09:41:54, contaminated
trace_3.2_fail, A4A6B2A9-E25F-B1D6-4F7F-69CC6540C79D, firefox, 2018-04-10 09:41:54, contaminated
trace_3.2_fail, A47CA6F2-2831-5746-89D7-A1517635E47B, firefox, 2018-04-10 09:41:54, contaminated
trace_3.2_fail, BDAF96A4-A54D-F10C-44C4-F1A14D718F32, firefox, 2018-04-10 09:41:54, contaminated
trace_3.2_fail, 21175EBA-65FC-C8AE-5AAA-1D6F5D876B7A, firefox, 2018-04-10 09:41:54, contaminated
trace_3.2_fail, 9CBCCB9E-5092-F8D8-F2AC-F3FF042C8285, firefox, 2018-04-10 09:41:54, contaminated
trace_3.2_fail, 3AA80C14-C3A1-12DB-31F1-EB74B31E12C8, firefox, 2018-04-10 09:41:54, contaminated
trace_3.2_fail, 403EB811-3FEC-1713-1B48-0AD5482ABD57, firefox, 2018-04-10 09:41:54, contaminated
trace_3.2_fail, 6DF37A85-9D75-3FF4-B2D6-98939E8B0CED, firefox, 2018-04-10 09:41:54, contaminated
trace_3.2_fail, B11CAFA8-BE09-C0C3-4604-B2D853E616EF, firefox, 2018-04-10 09:41:54, contaminated
trace_3.2_fail, 49D255C8-E448-E9F9-CBF9-D5EACD0BFC6C, firefox, 2018-04-10 09:41:54, contaminated
trace_3.2_fail, 7B3AED2D-797F-FCF3-6D3C-9895C71EFE34, firefox, 2018-04-10 09:41:54, contaminated
trace_3.2_fail, 31FEEA83-76E8-8B47-DBC7-AAF061F84443, firefox, 2018-04-10 09:41:54, contaminated
trace_3.2_fail, 8D9D0D4C-A4F5-D167-DF5B-268FD0AC54FB, firefox, 2018-04-10 09:41:54, contaminated
trace_3.2_fail, F89C458B-4BD8-B78D-E24E-C00AEB48B9DF, firefox, 2018-04-10 09:41:54, contaminated
trace_3.2_fail, 67FD9D58-761F-C7E5-235C-27A195446F77, firefox, 2018-04-10 09:41:54, contaminated
trace_3.2_fail, AE14A852-382B-6FDE-DAEA-4354C274225A, firefox, 2018-04-10 09:41:54, contaminated
trace_3.2_fail, 4B37F391-A899-45E2-8D22-C22522B85297, firefox, 2018-04-10 09:41:54, contaminated
trace_3.2_fail, 3D402EED-A4CB-1B3D-2B2D-C318537BA843, firefox, 2018-04-10 09:41:54, contaminated
trace_3.2_fail, 77396D52-EC69-5051-57A0-DA9289B508DF, firefox, 2018-04-10 09:41:54, contaminated
trace_3.2_fail, 30995C37-53BA-59AA-82E6-15668505052A, firefox, 2018-04-10 09:41:54, contaminated
trace_3.2_fail, FABBEC9E-B34D-FE9F-6DB7-7FD19EEE85C0, firefox, 2018-04-10 09:41:54, contaminated
trace_3.2_fail, A27C05E4-1305-5AC5-7BDD-C329A93DF42F, firefox, 2018-04-10 09:41:54, contaminated
trace_3.2_fail, 1522EA43-BBD9-48A6-E71D-826272F84DD5, firefox, 2018-04-10 09:41:54, contaminated
trace_3.2_fail, 56A494FC-D708-B0F0-42DC-267D7B2D46D4, firefox, 2018-04-10 09:41:54, contaminated
trace_3.2_fail, DE1B1217-D428-669B-10A4-ADCB99FA4343, firefox, 2018-04-10 09:41:54, contaminated
trace_3.2_fail, BE7AE577-3560-A015-C7B8-F0127E152756, firefox, 2018-04-10 09:41:54, contaminated
trace_3.2_fail, 9910AB09-06EC-731C-DB35-6E28C911966F, firefox, 2018-04-10 09:41:54, contaminated
trace_3.2_fail, 58F2E5E3-F0DD-8818-D877-A30EE80A476A, firefox, 2018-04-10 09:41:54, contaminated
trace_3.2_fail, 2772D442-4A32-97D7-0A0D-90AFA3E1458B, firefox, 2018-04-10 09:41:54, contaminated
trace_3.2_fail, 0FC1FA12-AAC7-2BC3-42B9-CAE653F6D41B, firefox, 2018-04-10 09:41:54, contaminated
trace_3.2_fail, BAED1678-F46D-1309-6FDE-1DB5C03BECF9, firefox, 2018-04-10 09:41:54, contaminated
trace_3.2_fail, 0550F0AB-84B5-F8AC-A887-9E09B9AFEEE7, firefox, 2018-04-10 09:41:54, contaminated
trace_3.2_fail, 3A68905F-F43D-1172-1F4D-48780EEE2A2D, firefox, 2018-04-10 09:41:54, contaminated
trace_3.2_fail, 4ACF6CF2-1774-1847-E9A7-813CF15A071B, firefox, 2018-04-10 09:41:54, contaminated
trace_3.2_fail, 145E250D-72AF-415D-43F7-1BF45DB861E3, firefox, 2018-04-10 09:41:54, contaminated
trace_3.2_fail, B70D7445-70F5-AA90-E367-7451717E6EF3, firefox, 2018-04-10 09:41:54, contaminated
trace_3.2_fail, 61E4AFB7-8995-0F8F-D5F9-77DC07CE1279, firefox, 2018-04-10 09:41:54, contaminated
trace_3.2_fail, C9CAB142-C075-42FB-41DD-5CE05D03E958, firefox, 2018-04-10 09:41:54, contaminated
trace_3.2_fail, F427FDFA-393F-F065-FF30-33FA00324EBC, firefox, 2018-04-10 09:41:54, contaminated
trace_3.2_fail, 25D859AE-36ED-8313-903C-F9B8C17B24B1, firefox, 2018-04-10 09:41:54, contaminated
trace_3.2_fail, 7758C5CF-838B-B5BB-4BD2-686EC7CC8FA2, firefox, 2018-04-10 09:41:54, contaminated
trace_3.2_fail, 8918FBAD-919F-E901-6B94-833F5BA098A7, firefox, 2018-04-10 09:41:54, contaminated
trace_3.2_fail, 9E3D1F0F-8394-8452-65C5-17F5036CD464, firefox, 2018-04-10 09:41:54, contaminated
trace_3.2_fail, 5B73F95A-F574-0B31-B5F3-48FB7E6CC791, firefox, 2018-04-10 09:41:54, contaminated
trace_3.2_fail, 057F3D3B-F149-A321-01F3-C20D34D82163, firefox, 2018-04-10 09:41:54, contaminated
trace_3.2_fail, DB0AE1F3-F859-08C0-3A5B-D88B6216B18B, firefox, 2018-04-10 09:41:54, contaminated
trace_3.2_fail, 87433AA4-0533-8B4B-710A-C0C22777090D, firefox, 2018-04-10 09:41:54, contaminated
trace_3.2_fail, 9F420B75-B288-81E0-5CAC-F45D4CE0E2FB, firefox, 2018-04-10 09:41:54, contaminated
trace_3.2_fail, 12B5BA81-B605-EDDB-2D0E-588E00061F6D, firefox, 2018-04-10 09:41:54, contaminated
trace_3.2_fail, CEC6832D-F0A1-D0B1-B650-0104EFE8896D, firefox, 2018-04-10 09:41:54, contaminated
trace_3.2_fail, B9149B0E-6B2F-A503-DEB0-2987D7B11962, firefox, 2018-04-10 09:41:54, contaminated
trace_3.2_fail, D639F5B2-54B2-2AC8-7E88-941F95C6CDE6, firefox, 2018-04-10 09:41:54, contaminated
trace_3.2_fail, 6AD7DFCA-3857-1D1D-AB0D-5B41A334B2E9, firefox, 2018-04-10 09:41:54, contaminated
trace_3.2_fail, 167707FD-98C2-4F9A-D7E2-4FBBB4830EF9, firefox, 2018-04-10 09:41:54, contaminated
trace_3.2_fail, 298A6C42-B6A1-BA2B-478D-DAD96B1CAA54, firefox, 2018-04-10 09:41:54, contaminated
trace_3.2_fail, 31C81E99-10D2-91D5-876D-421AD2A70DC9, firefox, 2018-04-10 09:41:54, contaminated
trace_3.2_fail, 61C6B32F-5290-BC8B-3480-7D3E4EA095EC, firefox, 2018-04-10 09:41:54, contaminated
trace_3.2_fail, 73CFA4AD-B550-55F7-9C4E-287BA953986C, firefox, 2018-04-10 09:41:54, contaminated
trace_3.2_fail, 2D33AD83-93D0-8297-5A77-5B15739C98FE, firefox, 2018-04-10 09:41:54, contaminated
trace_3.2_fail, 7F94D130-0048-A439-12AB-A720F5139EA9, firefox, 2018-04-10 09:41:54, contaminated
trace_3.2_fail, 9D74E543-24FA-5D53-121E-714953ACBC16, firefox, 2018-04-10 09:41:54, contaminated
trace_3.2_fail, EAA433A4-D8FD-4573-5192-85422F517CF6, firefox, 2018-04-10 09:41:54, contaminated
trace_3.2_fail, DA06BAA9-1028-B5BA-FF82-605115606988, firefox, 2018-04-10 09:41:54, contaminated
trace_3.2_fail, B61A229F-D988-1046-186B-D931DE1F4DD1, firefox, 2018-04-10 09:41:54, contaminated
trace_3.2_fail, 7ABC78C5-4E9D-DCF7-8E20-4E1AC0184842, firefox, 2018-04-10 09:41:54, contaminated
trace_3.2_fail, 73FCE0E5-E225-E9BF-8462-5E86DCF30927, firefox, 2018-04-10 09:41:54, contaminated
trace_3.2_fail, CE620EFA-2AD9-3C28-008D-3F2A590EBCA5, firefox, 2018-04-10 09:41:54, contaminated
trace_3.2_fail, 543EF6DF-D61C-5EF3-F32C-7F8C5C902CE7, firefox, 2018-04-10 09:41:54, contaminated
trace_3.2_fail, ECBCEA6B-4CE3-52D3-9557-DF67B8AC08AA, firefox, 2018-04-10 09:41:54, contaminated
trace_3.2_fail, 1162FCA6-CE24-C5A8-8EDC-BB2606DA05E1, firefox, 2018-04-10 09:41:54, contaminated
trace_3.2_fail, 1917E69F-197D-9822-D4CA-B7E6BF4C8564, firefox, 2018-04-10 09:41:54, contaminated
trace_3.2_fail, 4C393151-598F-D91F-6066-96019B1ABC78, firefox, 2018-04-10 09:41:54, contaminated
trace_3.2_fail, BA70A8AF-130F-BE61-300C-63A27174C12D, firefox, 2018-04-10 09:41:54, contaminated
trace_3.2_fail, 37A37C57-9A62-F675-97B7-D36615E575C6, firefox, 2018-04-10 09:41:54, contaminated
trace_3.2_fail, A62A08FC-A4FB-7AFA-A579-0B7C52436C4B, firefox, 2018-04-10 09:41:54, contaminated
trace_3.2_fail, DF4F84D0-37F3-15EF-7891-2D9515DCCF93, firefox, 2018-04-10 09:41:54, contaminated
trace_3.2_fail, 595B20EE-6636-D3A6-F72E-AC3A1179A0FC, firefox, 2018-04-10 09:41:54, contaminated
trace_3.2_fail, 24BD34C9-464E-BE7D-7F3A-050874267BDA, firefox, 2018-04-10 09:41:54, contaminated
trace_3.2_fail, 3B455DDD-0E17-0683-FFC1-80A0E28C1A29, firefox, 2018-04-10 09:41:54, contaminated
trace_3.2_fail, 213F6D21-F607-DB48-B5F8-24376916FDBA, firefox, 2018-04-10 09:41:54, contaminated
trace_3.2_fail, 899EEEFF-3781-0546-813B-955A3216F224, firefox, 2018-04-10 09:41:54, contaminated
trace_3.2_fail, A2773B89-477A-3540-55C2-0767891BF661, firefox, 2018-04-10 09:41:54, contaminated
trace_3.2_fail, 983D6BD5-CDCC-0421-0C04-B10B47C06C1F, firefox, 2018-04-10 09:41:54, contaminated
trace_3.2_fail, 90D1F391-10B5-263D-F2A5-4AE0D57358B9, firefox, 2018-04-10 09:41:54, contaminated
trace_3.2_fail, CFD8E355-ADD2-9D9F-2A83-4027E00CD1D1, firefox, 2018-04-10 09:41:54, contaminated
trace_3.2_fail, E5D8F8E4-51B7-FD3F-AC23-4BF0A1C888AF, firefox, 2018-04-10 09:41:54, contaminated
trace_3.2_fail, CDFDACDC-DD25-3908-8878-93E9C640265F, firefox, 2018-04-10 09:41:54, contaminated
trace_3.2_fail, 042AA979-79ED-2A8B-CB14-E1A085C44F58, firefox, 2018-04-10 09:41:54, contaminated
trace_3.2_fail, 81BF816F-BE6F-AFCB-7DAD-9BCFE83F979E, firefox, 2018-04-10 09:41:54, contaminated
trace_3.2_fail, 16CA29C7-1738-486C-1F7F-04B992CE92A7, firefox, 2018-04-10 09:41:54, contaminated
trace_3.2_fail, D9C34D03-F872-9328-5319-AE5CDDC26DCE, firefox, 2018-04-10 09:41:54, contaminated
trace_3.2_fail, 730B9395-09B0-5447-1BDC-AA9C1D4C37AC, firefox, 2018-04-10 09:41:54, contaminated
trace_3.2_fail, D7CC70A5-FF9A-5915-764F-D02C78F2A72A, firefox, 2018-04-10 09:41:54, contaminated
trace_3.2_fail, CFBBA99F-A9C6-976F-B4E4-AFA1F4F2E87C, firefox, 2018-04-10 09:41:54, contaminated
trace_3.2_fail, B7264C6B-623A-E6B9-0DA4-5436E41296A5, firefox, 2018-04-10 09:41:54, contaminated
trace_3.2_fail, 40D2EBD1-E2CC-3A7B-E3E3-014857BC191A, firefox, 2018-04-10 09:41:54, contaminated
trace_3.2_fail, 5278D54B-A721-3579-D985-3ABCC0C028EE, firefox, 2018-04-10 09:41:54, contaminated
trace_3.2_fail, 791FD2E9-3A65-A546-4CD2-27D6D9252538, firefox, 2018-04-10 09:41:54, contaminated
trace_3.2_fail, 03705B21-8CB4-5017-0C8F-811A2FC9B6C4, firefox, 2018-04-10 09:41:54, contaminated
trace_3.2_fail, C847170B-6808-8012-BC41-EF9EED206CED, firefox, 2018-04-10 09:41:54, contaminated
trace_3.2_fail, AA16473D-4F7D-DE04-C0BE-D7E61C2D3375, firefox, 2018-04-10 09:41:54, contaminated
trace_3.2_fail, 607987F4-C60F-E456-59DA-32092FDDAC48, firefox, 2018-04-10 09:41:54, contaminated
trace_3.2_fail, 2562E712-4303-0347-F165-33FAEA1B66DC, firefox, 2018-04-10 09:41:54, contaminated
trace_3.2_fail, 86CEBF22-95AE-CC0D-5372-D780B0E93C91, firefox, 2018-04-10 09:41:54, contaminated
trace_3.2_fail, 15B6C786-6A41-69EF-BCAD-5E4B82678280, firefox, 2018-04-10 09:41:54, contaminated
trace_3.2_fail, BE0FAFB9-2FD0-9361-487B-C466B5D2B157, firefox, 2018-04-10 09:41:54, contaminated
trace_3.2_fail, F9E03AF2-892E-8B27-4E86-47EC23F2F6C1, firefox, 2018-04-10 09:41:54, contaminated
trace_3.2_fail, 622088FD-04E7-4275-23BC-36D2526AFE55, firefox, 2018-04-10 09:41:54, contaminated
trace_3.2_fail, EBA489CA-B425-EEE2-5117-0EE203497F04, firefox, 2018-04-10 09:41:54, contaminated
trace_3.2_fail, 1D2595F7-BF01-19F1-D102-C8975A484530, firefox, 2018-04-10 09:41:54, contaminated
trace_3.2_fail, 519F29DF-42FC-8972-8D6B-873AE35F6671, firefox, 2018-04-10 09:41:54, contaminated
trace_3.2_fail, 044D0CD9-E77C-200E-ADC0-6C4492701686, firefox, 2018-04-10 09:41:54, contaminated
trace_3.2_fail, 886151A6-8D8B-04CF-102E-9541E0F589F7, firefox, 2018-04-10 09:41:54, contaminated
trace_3.2_fail, D4FB0875-D453-ACAA-13B0-8C7131BEA2C6, firefox, 2018-04-10 09:41:54, contaminated
trace_3.2_fail, C44FEE40-FEF9-CB63-4A69-679122DD9BA9, firefox, 2018-04-10 09:41:54, contaminated
trace_3.2_fail, 0A74F7F2-45F1-59B4-981E-0CA46BB8E101, firefox, 2018-04-10 09:41:54, contaminated
trace_3.2_fail, F6F6F4EA-DABF-C869-5A3E-E7C0F444E6F8, firefox, 2018-04-10 09:41:54, contaminated
trace_3.2_fail, 4F985271-F824-F7FE-EE40-B469C359C366, firefox, 2018-04-10 09:41:54, contaminated
trace_3.2_fail, 812A1605-D39D-D162-70F6-492B1BFAA3DB, firefox, 2018-04-10 09:41:54, contaminated
trace_3.2_fail, 1EE1FDA0-90E1-87EF-8FF8-8918E5A0003E, firefox, 2018-04-10 09:41:54, contaminated
trace_3.2_fail, 2FC3FAA1-CE61-50DD-CE1A-9AFD71A18873, firefox, 2018-04-10 09:41:54, contaminated
trace_3.2_fail, 6A6E4188-0743-16D5-04D0-413D5299E2F5, firefox, 2018-04-10 09:41:54, contaminated
trace_3.2_fail, 30446ADC-036D-8033-9B0C-933EF2FBC8A8, firefox, 2018-04-10 09:41:54, contaminated
trace_3.2_fail, BE2E981C-308F-9FC4-235F-6A29A631DFBB, firefox, 2018-04-10 09:41:54, contaminated
trace_3.2_fail, 0729DF55-199C-8226-9137-24A54AF0C820, firefox, 2018-04-10 09:41:54, contaminated
trace_3.2_fail, E5C54FCC-12F9-3123-E3CC-67D361656D83, firefox, 2018-04-10 09:41:54, contaminated
trace_3.2_fail, 2BF6E0EB-1C00-9003-11FF-1ACF5A31C48A, firefox, 2018-04-10 09:41:54, contaminated
trace_3.2_fail, 0B4FF40E-816E-4685-4E2F-DB085E21E5DE, firefox, 2018-04-10 09:41:54, contaminated
trace_3.2_fail, 2A1AFE4C-E2C0-60EE-DF46-B9ADF60C6CB9, firefox, 2018-04-10 09:41:54, contaminated
trace_3.2_fail, BD0F2771-9AD3-F94C-7B04-104C63AAC01D, firefox, 2018-04-10 09:41:54, contaminated
trace_3.2_fail, 7134986B-1457-42B1-3279-5E6944E414A6, firefox, 2018-04-10 09:41:54, contaminated
trace_3.2_fail, 1771FC59-D331-CDDC-0205-D23C027359F9, firefox, 2018-04-10 09:41:54, contaminated
trace_3.2_fail, 039BE8FC-CF0E-18CE-32E8-A7EA71D43D8A, firefox, 2018-04-10 09:41:54, contaminated
trace_3.2_fail, D99B4C42-B6D9-E672-C078-1B2A680BC4DF, firefox, 2018-04-10 09:41:54, contaminated
trace_3.2_fail, E35CCAA0-A677-A9FC-07D4-6E13DD9F5ACE, firefox, 2018-04-10 09:41:54, contaminated
trace_3.2_fail, E0C4AE31-9510-C8A7-B47C-F147E9EA5587, firefox, 2018-04-10 09:41:54, contaminated
trace_3.2_fail, 458FE61E-B60C-BEEC-2E33-0573E2406AA0, firefox, 2018-04-10 09:41:54, contaminated
trace_3.2_fail, 9FA32024-B783-2F4F-D1BB-8F166086B087, firefox, 2018-04-10 09:41:54, contaminated
trace_3.2_fail, B4F735E7-1B50-5845-BFB9-A92FAA8C7EB1, firefox, 2018-04-10 09:41:54, contaminated
trace_3.2_fail, 9F0BEEBC-505C-32B9-02BE-D191BD92FEAC, firefox, 2018-04-10 09:41:54, contaminated
trace_3.2_fail, 5C4D9D49-8E24-0FD4-35CA-3CDA5B4FCEA9, firefox, 2018-04-10 09:41:54, contaminated
trace_3.2_fail, D8A00148-A51F-916B-A31E-7159D1782C9C, firefox, 2018-04-10 09:41:54, contaminated
trace_3.2_fail, 2E343288-E4AA-3A8E-0F63-0885F5E4078F, firefox, 2018-04-10 09:41:54, contaminated
trace_3.2_fail, E4D220B7-3A05-7E0C-81EC-12FF7F5F5334, firefox, 2018-04-10 09:41:54, contaminated
trace_3.2_fail, 284961BB-86EE-81E4-EDE7-C27246233D91, firefox, 2018-04-10 09:41:54, contaminated
trace_3.2_fail, 843FB872-6C96-BFEC-19EB-1FF1167D743A, firefox, 2018-04-10 09:41:54, contaminated
trace_3.2_fail, 26E43BFD-01D0-EB4F-172A-B83B93F1C2D2, firefox, 2018-04-10 09:41:54, contaminated
trace_3.2_fail, FCE08B2A-BD51-1701-EC3D-7B15319B4128, firefox, 2018-04-10 09:41:54, contaminated
trace_3.2_fail, 999BB459-3C53-918D-05DE-62145F4D2417, firefox, 2018-04-10 09:41:54, contaminated
trace_3.2_fail, 0A691E15-1E91-9EF6-818D-20937DD9C2CA, firefox, 2018-04-10 09:41:54, contaminated
trace_3.2_fail, 4A661F9D-DC64-3544-181D-1B9EB1AF7145, firefox, 2018-04-10 09:41:54, contaminated
trace_3.2_fail, FF64823F-D056-153E-EB3A-31161FAEFD3D, firefox, 2018-04-10 09:41:54, contaminated
trace_3.2_fail, 8F2B268F-DDB5-076F-2F1E-FEFDE30C77DF, firefox, 2018-04-10 09:41:54, contaminated
trace_3.2_fail, DCD51CA6-D2F9-0F6A-183F-9A0C3403B3DB, firefox, 2018-04-10 09:41:54, contaminated
trace_3.2_fail, 0F103CEF-2AAE-E994-10E7-210A1121451D, firefox, 2018-04-10 09:41:54, contaminated
trace_3.2_fail, EDAF6143-EDBD-AA45-88C1-7D3147FC28FD, firefox, 2018-04-10 09:41:54, contaminated
trace_3.2_fail, 7C74726B-967F-71B3-3765-0ED16E19F024, firefox, 2018-04-10 09:41:54, contaminated
trace_3.2_fail, B7CE6E74-6394-BF2C-3381-A408D9B3AE4A, firefox, 2018-04-10 09:41:54, contaminated
trace_3.2_fail, 6828396D-C06D-895E-B42D-230F59869785, firefox, 2018-04-10 09:41:54, contaminated
trace_3.2_fail, 313D550B-3C9B-36EC-2D5F-52AA525885BA, firefox, 2018-04-10 09:41:54, contaminated
trace_3.2_fail, 12266ADB-1A7E-972F-6065-9E192820B683, firefox, 2018-04-10 09:41:54, contaminated
trace_3.2_fail, ED0AC370-DF87-DF53-33CC-3321FA953685, firefox, 2018-04-10 09:41:54, contaminated
trace_3.2_fail, 98E7C0AE-428E-DF5F-AC28-EE4B48BE1EF3, firefox, 2018-04-10 09:41:54, contaminated
trace_3.2_fail, 71E5954D-B83F-51F1-D881-00E51B466856, firefox, 2018-04-10 09:41:54, contaminated
trace_3.2_fail, 5651052E-6C4C-1146-1AD4-7D7AB3C6E94E, firefox, 2018-04-10 09:41:54, contaminated
trace_3.2_fail, 798970E3-A7F2-942E-5C22-05539654CC23, firefox, 2018-04-10 09:41:54, contaminated
trace_3.2_fail, 3BF24189-7D70-8D22-F6F5-335604B7AEF4, firefox, 2018-04-10 09:41:54, contaminated
trace_3.2_fail, E8FFC8FB-2CAC-CA64-25AE-7C0624E7BD85, firefox, 2018-04-10 09:41:54, contaminated
trace_3.2_fail, 63F65AB4-9038-C44D-9543-72E22FD4B5BF, firefox, 2018-04-10 09:41:54, contaminated
trace_3.2_fail, 9D192FAC-E7E8-5188-80FD-99DA35EFA624, firefox, 2018-04-10 09:41:54, contaminated
trace_3.2_fail, 6AE883DD-4370-0B15-8999-DD327A1811AE, firefox, 2018-04-10 09:41:54, contaminated
trace_3.2_fail, 48775AE0-477E-693E-9CA6-695399F856A2, firefox, 2018-04-10 09:41:54, contaminated
trace_3.2_fail, 1A22F765-2880-25D9-9C57-876E0CB936A7, firefox, 2018-04-10 09:41:54, contaminated
trace_3.2_fail, ABA028D8-D1F5-3C8C-0EC2-BADF963612A6, firefox, 2018-04-10 09:41:54, contaminated
trace_3.2_fail, 879C0D5E-2C5E-443E-9073-181850871DAF, firefox, 2018-04-10 09:41:54, contaminated
trace_3.2_fail, 5CEDD667-7C93-2542-BC11-360B9C7169E9, firefox, 2018-04-10 09:41:54, contaminated
trace_3.2_fail, 7E06C549-63BA-AB4B-2E8A-8FC5DEFFBB48, firefox, 2018-04-10 09:41:54, contaminated
trace_3.2_fail, BD298F14-40E2-E57E-29F8-91AA38B49C50, firefox, 2018-04-10 09:41:54, contaminated
trace_3.2_fail, 151D6DCF-458B-74CC-2994-4341466CF941, firefox, 2018-04-10 09:41:54, contaminated
trace_3.2_fail, 92CA42CE-A00E-A27D-0224-FEACA559B63D, firefox, 2018-04-10 09:41:54, contaminated
trace_3.2_fail, 853F5BE2-495A-938A-C963-CE4703B40421, firefox, 2018-04-10 09:41:54, contaminated
trace_3.2_fail, E32915DA-4895-D8EE-F033-86C28D251800, firefox, 2018-04-10 09:41:54, contaminated
trace_3.2_fail, 19B3B6B2-F3AA-0DC9-615F-473A1DBF1A97, firefox, 2018-04-10 09:41:54, contaminated
trace_3.2_fail, 9E2A6043-D762-0B56-5CF9-106133A37702, firefox, 2018-04-10 09:41:54, contaminated
trace_3.2_fail, D341F389-86A7-9200-1CED-F8239E802FE5, firefox, 2018-04-10 09:41:54, contaminated
trace_3.2_fail, ED40DFE9-A239-97DE-B243-1E9069DD6690, firefox, 2018-04-10 09:41:54, contaminated
trace_3.2_fail, B8E4F813-BA3B-8035-C53D-12A9FFC8C8D5, firefox, 2018-04-10 09:41:54, contaminated
trace_3.2_fail, 14D42BD7-30BF-B9B5-8CD0-2AB8F2782C22, firefox, 2018-04-10 09:41:54, contaminated
trace_3.2_fail, BDCA7084-CDC5-A15A-C8F2-B03BCAB9CA96, firefox, 2018-04-10 09:41:54, contaminated
trace_3.2_fail, A4702745-09C8-225D-6FC2-C018A7C5CC73, firefox, 2018-04-10 09:41:54, contaminated
trace_3.2_fail, F10EE336-B237-DB44-1D50-27FFDF24F8FB, firefox, 2018-04-10 09:41:54, contaminated
trace_3.2_fail, EB6F0697-128C-5543-C8AC-796FA7A055D7, firefox, 2018-04-10 09:41:54, contaminated
trace_3.2_fail, 47E9CA2F-2B79-2620-6C9C-AA7D5C9141DB, firefox, 2018-04-10 09:41:54, contaminated
trace_3.2_fail, D7FDDA87-91E4-4BD0-1209-68213750DD12, firefox, 2018-04-10 09:41:54, contaminated
trace_3.2_fail, EE449A74-A8DC-C5D4-8406-BC661D5590E6, firefox, 2018-04-10 09:41:54, contaminated
trace_3.2_fail, CC3B569D-C13F-6946-EEA6-870191E5C36E, firefox, 2018-04-10 09:41:54, contaminated
trace_3.2_fail, 95EAFEC5-E523-85A8-FEC3-E7038791100D, firefox, 2018-04-10 09:41:54, contaminated
trace_3.2_fail, 96DFB165-33CD-BCD9-EDFB-C570BF7E6E74, firefox, 2018-04-10 09:41:54, contaminated
trace_3.2_fail, 66C84E0C-E9AF-09EF-8BDB-7EA299B2BBC4, firefox, 2018-04-10 09:41:54, contaminated
trace_3.2_fail, 2E432135-3980-544B-B599-7666B86C7808, firefox, 2018-04-10 09:41:54, contaminated
trace_3.2_fail, 70D46908-0D08-050B-8511-2BBA34F54AD3, firefox, 2018-04-10 09:41:54, contaminated
trace_3.2_fail, B0DC240E-D182-207C-37BF-7F1A0B333998, firefox, 2018-04-10 09:41:54, contaminated
trace_3.2_fail, ED1FA27E-8C3F-0F76-2D6A-061EEB7A35C6, firefox, 2018-04-10 09:41:54, contaminated
trace_3.2_fail, D2AA666D-D920-D27A-123C-9E12DEAE7F1E, firefox, 2018-04-10 09:41:54, contaminated
trace_3.2_fail, 0CD919B1-73BF-E1A2-7F11-51F450B42DD8, firefox, 2018-04-10 09:41:54, contaminated
trace_3.2_fail, 7B525306-7001-CE7C-175E-81D35B337296, firefox, 2018-04-10 09:41:54, contaminated
trace_3.2_fail, 64D7F93D-2761-396D-50A4-FF188C813D09, firefox, 2018-04-10 09:41:54, contaminated
trace_3.2_fail, 0C2004E3-5DEC-6BE1-4B14-E4989D77BF5F, firefox, 2018-04-10 09:41:54, contaminated
trace_3.2_fail, C7C1C6C3-C241-C4A2-8A78-D951EA6F777A, firefox, 2018-04-10 09:41:54, contaminated
trace_3.2_fail, 2B202853-F1BB-89C3-6070-3118A001B285, firefox, 2018-04-10 09:41:54, contaminated
trace_3.2_fail, E0DB5691-72FD-C37B-39FA-62437BBB8CCA, firefox, 2018-04-10 09:41:54, contaminated
trace_3.2_fail, 316ED3E5-DAC0-75F3-1ED2-C85D51118A2F, firefox, 2018-04-10 09:41:54, contaminated
trace_3.2_fail, 36A74CCB-DE89-4E08-52B3-3E507B9A997B, firefox, 2018-04-10 09:41:54, contaminated
trace_3.2_fail, 896551CE-7CD6-AD18-4875-75CB2961041E, firefox, 2018-04-10 09:41:54, contaminated
trace_3.2_fail, 19E6C153-DCDC-8B4A-48DF-DDEFFE19E1C3, firefox, 2018-04-10 09:41:54, contaminated
trace_3.2_fail, 190154A3-50E5-848B-8656-2376FA343234, firefox, 2018-04-10 09:41:54, contaminated
trace_3.2_fail, 722E8027-DC8F-82B3-7535-EA0727965036, firefox, 2018-04-10 09:41:54, contaminated
trace_3.2_fail, 898D1392-28A8-940D-A2F6-FA50BAE85EC5, firefox, 2018-04-10 09:41:54, contaminated
trace_3.2_fail, 07171A50-A8C9-BEB8-C1FE-72F816F7FBF2, firefox, 2018-04-10 09:41:54, contaminated
trace_3.2_fail, 86F0B04A-099F-CDC1-E894-A76F9DBF59A5, firefox, 2018-04-10 09:41:54, contaminated
trace_3.2_fail, CA83CE72-F268-6082-5192-74BB528FB363, firefox, 2018-04-10 09:41:54, contaminated
trace_3.2_fail, 91808324-BD3D-7CAC-DCA6-F17208B83240, firefox, 2018-04-10 09:41:54, contaminated
trace_3.2_fail, 37232BD7-EE49-2354-DA6B-2DE2F24414E7, firefox, 2018-04-10 09:41:54, contaminated
trace_3.2_fail, A1315E6C-36D0-58E4-6C0F-F56F0BFECDE3, firefox, 2018-04-10 09:41:54, contaminated
trace_3.2_fail, 275CA202-2182-E1FB-3E47-393C7DF80EB6, firefox, 2018-04-10 09:41:54, contaminated
trace_3.2_fail, EFAF218E-427F-B075-4E0A-FEFE73C735C5, firefox, 2018-04-10 09:41:54, contaminated
trace_3.2_fail, E8A2B07E-79CE-D482-84BD-6D293FC8B833, firefox, 2018-04-10 09:41:54, contaminated
trace_3.2_fail, 26270D68-A225-94B8-FDA0-73332946866A, firefox, 2018-04-10 09:41:54, contaminated
trace_3.2_fail, 74FB13B8-6377-FDB2-2C98-033FD8A120CA, firefox, 2018-04-10 09:41:54, contaminated
trace_3.2_fail, F49E922B-293C-82BB-4F88-A015255D7B1A, firefox, 2018-04-10 09:41:54, contaminated
trace_3.2_fail, 68E6B114-2BB5-DB1C-FEF6-A6D9D8BE299C, firefox, 2018-04-10 09:41:54, contaminated
trace_3.2_fail, 0A907797-5C56-3F61-411E-1AB5A1DB8EB2, firefox, 2018-04-10 09:41:54, contaminated
trace_3.2_fail, 706384A1-6AC5-7F87-858D-C6CD99DA6E3D, firefox, 2018-04-10 09:41:54, contaminated
trace_3.2_fail, 9692CEA8-07C5-443B-C795-212A7D526C5C, firefox, 2018-04-10 09:41:54, contaminated
trace_3.2_fail, 2C725CB7-73A1-4CAF-0EF8-CF283C1E3B30, firefox, 2018-04-10 09:41:54, contaminated
trace_3.2_fail, 8A801507-D760-315E-9BAC-236B4B408563, firefox, 2018-04-10 09:41:54, contaminated
trace_3.2_fail, 405A80EC-612D-ECF4-23EE-8506388FD985, firefox, 2018-04-10 09:41:54, contaminated
trace_3.2_fail, F58085F5-7990-E5A1-2D5F-9EC923A95EB0, firefox, 2018-04-10 09:41:54, contaminated
trace_3.2_fail, 51EBFFBA-0F59-F3AF-3A35-37F5C7ED8777, firefox, 2018-04-10 09:41:54, contaminated
trace_3.2_fail, 5B6FC911-38C7-A755-7A0B-021E334F4EB1, firefox, 2018-04-10 09:41:54, contaminated
trace_3.2_fail, 27D0F023-44D2-3C25-8882-948827587B9B, firefox, 2018-04-10 09:41:54, contaminated
trace_3.2_fail, AC436481-3C56-BE4E-5FC6-B47D32EC577A, firefox, 2018-04-10 09:41:54, contaminated
trace_3.2_fail, 2352DB0A-A8C8-ABBE-FBC7-4037F6E555E3, firefox, 2018-04-10 09:41:54, contaminated
trace_3.2_fail, 8768E899-4201-2D9C-88CB-55C3C54032F6, firefox, 2018-04-10 09:41:54, contaminated
trace_3.2_fail, 8B821F66-E376-E001-B9F2-37260C4EF703, firefox, 2018-04-10 09:41:54, contaminated
trace_3.2_fail, 1C2315B2-2BBE-0D17-A4C1-28BD43C70C93, firefox, 2018-04-10 09:41:54, contaminated
trace_3.2_fail, 35B77989-8924-250E-A23B-66437F500D2B, firefox, 2018-04-10 09:41:54, contaminated
trace_3.2_fail, 73288127-1BA8-15B9-C2B1-C6312424AADF, firefox, 2018-04-10 09:41:54, contaminated
trace_3.2_fail, A9D58B24-E985-AF66-A1D3-B0E3C783AAD9, firefox, 2018-04-10 09:41:54, contaminated
trace_3.2_fail, 0E2D55A6-1AFD-F1E9-DBE2-746C6CEA065B, firefox, 2018-04-10 09:41:54, contaminated
trace_3.2_fail, FCF868DC-7EF9-3348-BD6B-BF62A6C72CEE, firefox, 2018-04-10 09:41:54, contaminated
trace_3.2_fail, 48AD8DCA-E2D9-1E07-6515-6BC7B60AC4E6, firefox, 2018-04-10 09:41:54, contaminated
trace_3.2_fail, 69BC030B-8DDD-C87C-2F09-1EF46E9E1786, firefox, 2018-04-10 09:41:54, contaminated
trace_3.2_fail, 764081FF-AD62-D847-2DE4-7F095C4B2D90, firefox, 2018-04-10 09:41:54, contaminated
trace_3.2_fail, F62E515C-1C5C-EDC8-9E2F-88CC8C582BD6, firefox, 2018-04-10 09:41:54, contaminated
trace_3.2_fail, 5C1971A5-2B49-7E59-B007-A532B4666513, firefox, 2018-04-10 09:41:54, contaminated
trace_3.2_fail, D14A19F8-4346-F0DF-F6D3-2BD5266E37D8, firefox, 2018-04-10 09:41:54, contaminated
trace_3.2_fail, 5D9E1C71-DFE8-AB91-8C96-2A86338DD14F, firefox, 2018-04-10 09:41:54, contaminated
trace_3.2_fail, ADD42F1A-7DC7-1536-D0C3-94AB54FB07CD, firefox, 2018-04-10 09:41:54, contaminated
trace_3.2_fail, 5FC37186-59E6-DB8D-C1D8-C5B984BEBF09, firefox, 2018-04-10 09:41:54, contaminated
trace_3.2_fail, 3EC2A1FA-BDED-C0EC-C227-2147973819F6, firefox, 2018-04-10 09:41:54, contaminated
trace_3.2_fail, CBA353A8-9162-820C-3067-E5A19AA7BF5D, firefox, 2018-04-10 09:41:54, contaminated
trace_3.2_fail, BEF4E5CF-0BAC-1811-236A-8181E6519438, firefox, 2018-04-10 09:41:54, contaminated
trace_3.2_fail, 4069BD61-B04A-16BE-59DC-21DED60712DB, firefox, 2018-04-10 09:41:54, contaminated
trace_3.2_fail, 9B57A284-FA56-A05F-15D5-5C8D120E09F2, firefox, 2018-04-10 09:41:54, contaminated
trace_3.2_fail, 0DF54429-AF55-2E1F-4B32-942A88866696, firefox, 2018-04-10 09:41:54, contaminated
trace_3.2_fail, FEC3998D-6FF8-F1A5-3793-35D58B424D8C, firefox, 2018-04-10 09:41:54, contaminated
trace_3.2_fail, 6F31E429-126B-D253-6464-9E22232D184A, firefox, 2018-04-10 09:41:54, contaminated
trace_3.2_fail, 534A276D-2ABA-E689-59B6-7090662E0F2F, firefox, 2018-04-10 09:41:54, contaminated
trace_3.2_fail, 3BF35168-D0D7-F130-D089-AC092DB47436, firefox, 2018-04-10 09:41:54, contaminated
trace_3.2_fail, 055A2E54-D920-CD33-E229-556760E94565, firefox, 2018-04-10 09:41:54, contaminated
trace_3.2_fail, 7BE3056E-13BF-FD9C-9F33-A9E823214C04, firefox, 2018-04-10 09:41:54, contaminated
trace_3.2_fail, BF29B538-34D8-1F29-96CF-66587A2111A2, firefox, 2018-04-10 09:41:54, contaminated
trace_3.2_fail, 308468CB-8E41-52D7-04AC-27C8F28FD977, firefox, 2018-04-10 09:41:54, contaminated
trace_3.2_fail, 3D6F2AF4-696D-8B78-A132-F03BD05EB59C, firefox, 2018-04-10 09:41:54, contaminated
trace_3.2_fail, C124DD31-0919-99BB-070D-039C9E8CAAF6, firefox, 2018-04-10 09:41:54, contaminated
trace_3.2_fail, 278B7E77-B425-1667-D0F1-95380248E301, firefox, 2018-04-10 09:41:54, contaminated
trace_3.2_fail, D4E8189E-311A-3C65-473E-4250272A2E33, firefox, 2018-04-10 09:41:54, contaminated
trace_3.2_fail, 87321C92-63B6-60B9-C31B-B9425F7ECECF, firefox, 2018-04-10 09:41:54, contaminated
trace_3.2_fail, B3FA5E24-ADDE-57FA-8F0D-14A25CE7EBAC, firefox, 2018-04-10 09:41:54, contaminated
trace_3.2_fail, F46A63AB-65D4-19DD-B54E-DC0B96F474AB, firefox, 2018-04-10 09:41:54, contaminated
trace_3.2_fail, 5C6C6423-E905-2779-729A-21B5F5FD350B, firefox, 2018-04-10 09:41:54, contaminated
trace_3.2_fail, EA6F8AA4-DCE7-9935-5505-108C99DBB269, firefox, 2018-04-10 09:41:54, contaminated
trace_3.2_fail, CFC3A207-52A2-5DE5-E0B9-0F4BAA630E0B, firefox, 2018-04-10 09:41:54, contaminated
trace_3.2_fail, 9FC36154-4E7E-1682-E878-2BBF0DDDC493, firefox, 2018-04-10 09:41:54, contaminated
trace_3.2_fail, F3E42FFD-28FA-23E4-1303-41DE6DFAE90C, firefox, 2018-04-10 09:41:54, contaminated
trace_3.2_fail, 4CCBF3E4-8D4C-BCF0-AE81-42D87E2BA3B6, firefox, 2018-04-10 09:41:54, contaminated
trace_3.2_fail, DFC12A99-4142-8543-18E5-E301F0330B65, firefox, 2018-04-10 09:41:54, contaminated
trace_3.2_fail, 90392D2B-826A-58E9-6154-3E750AD9E744, firefox, 2018-04-10 09:41:54, contaminated
trace_3.2_fail, 0CABEDE1-AD8B-C412-5514-E4AC910E3EC4, firefox, 2018-04-10 09:41:54, contaminated
trace_3.2_fail, 29487641-F0B4-7A56-387B-6C80BF73EA10, firefox, 2018-04-10 09:41:54, contaminated
trace_3.2_fail, 949246E1-FCD1-A54B-6EEF-8C6221F81234, firefox, 2018-04-10 09:41:54, contaminated
trace_3.2_fail, C5F26143-8166-C0AA-151D-FFC1D146E306, firefox, 2018-04-10 09:41:54, contaminated
trace_3.2_fail, BB9B4588-494E-8808-7361-CCF0DA2033CC, firefox, 2018-04-10 09:41:54, contaminated
trace_3.2_fail, A8647308-DC4D-2C6C-39CE-E1A643690797, firefox, 2018-04-10 09:41:54, contaminated
trace_3.2_fail, AF76619E-08C3-8EBD-F2BD-EABFCE45CA85, firefox, 2018-04-10 09:41:54, contaminated
trace_3.2_fail, 36FADE98-D9ED-33A1-E685-E984062BA058, firefox, 2018-04-10 09:41:54, contaminated
trace_3.2_fail, 19BF961E-2115-EBD8-B8B1-D763EDBB4112, firefox, 2018-04-10 09:41:54, contaminated
trace_3.2_fail, EE205259-B0E3-E664-C46A-25F2976215BC, firefox, 2018-04-10 09:41:54, contaminated
trace_3.2_fail, 7B271D08-11CF-B8F0-5141-BE27F45E6898, firefox, 2018-04-10 09:41:54, contaminated
trace_3.2_fail, 84F2D63A-ECD4-DF46-5BC7-BC283D054929, firefox, 2018-04-10 09:41:54, contaminated
trace_3.2_fail, 2DEF359B-83D5-7A13-B2EF-21432435E860, firefox, 2018-04-10 09:41:54, contaminated
trace_3.2_fail, C20A00DB-3365-CF34-258E-6B017E57478A, firefox, 2018-04-10 09:41:54, contaminated
trace_3.2_fail, D31C4BD8-F699-4369-2322-BFCD918F604E, firefox, 2018-04-10 09:41:54, contaminated
trace_3.2_fail, ADDE21B3-386D-0F25-939E-70A9F795B6D7, firefox, 2018-04-10 09:41:54, contaminated
trace_3.2_fail, EEC669A0-1B74-ED9E-35A4-0EB9D095AF9D, firefox, 2018-04-10 09:41:54, contaminated
trace_3.2_fail, 439A4AE5-3C4B-91ED-C16A-18067E599F33, firefox, 2018-04-10 09:41:54, contaminated
trace_3.2_fail, 917A9CD1-FCC0-9225-3BEF-3CD678039898, firefox, 2018-04-10 09:41:54, contaminated
trace_3.2_fail, 1249A737-F83A-9428-9353-B7745116CE15, firefox, 2018-04-10 09:41:54, contaminated
trace_3.2_fail, A0E894A8-2EDB-37B0-C8D6-A29A00CC4A4B, firefox, 2018-04-10 09:41:54, contaminated
trace_3.2_fail, 31F1E01E-49EA-3C3A-5D90-450EFC7F576A, firefox, 2018-04-10 09:41:54, contaminated
trace_3.2_fail, BA1A4A62-FCC7-6512-BB35-8FE95E00CF32, firefox, 2018-04-10 09:41:54, contaminated
trace_3.2_fail, 04E52D6B-F5E2-9FD6-4059-45BA5A5ED321, firefox, 2018-04-10 09:41:54, contaminated
trace_3.2_fail, 22DD9AF7-BDA2-0751-D1BA-9ED2D4052C0A, firefox, 2018-04-10 09:41:54, contaminated
trace_3.2_fail, 7B0851CD-FEA2-C599-D656-7480077055C0, firefox, 2018-04-10 09:41:54, contaminated
trace_3.2_fail, 6E1F73A4-55B1-055F-47BF-8E4A2CE8732E, firefox, 2018-04-10 09:41:54, contaminated
trace_3.2_fail, 801CA962-34B4-5502-2D47-98E4E0F788F3, firefox, 2018-04-10 09:41:54, contaminated
trace_3.2_fail, 936B568F-E846-EB5A-4D9C-ED91A682F61D, firefox, 2018-04-10 09:41:54, contaminated
trace_3.2_fail, 508017A7-1701-D61C-9760-B1849CFD338C, firefox, 2018-04-10 09:41:54, contaminated
trace_3.2_fail, 41E185EE-5BF5-CC6A-1AE4-1C3FE0FDB47F, firefox, 2018-04-10 09:41:54, contaminated
trace_3.2_fail, 5E24122A-E2E8-761D-215A-78A4B1A6F7BF, firefox, 2018-04-10 09:41:54, contaminated
trace_3.2_fail, 1E842976-1779-33DA-D568-B2A68AF6AE12, firefox, 2018-04-10 09:41:54, contaminated
trace_3.2_fail, BF3FEDC8-3C6F-2F81-A5D7-526BC57F9D68, firefox, 2018-04-10 09:41:54, contaminated
trace_3.2_fail, E29EF569-C171-BEBF-6784-FCD0535E7AE8, firefox, 2018-04-10 09:41:54, contaminated
trace_3.2_fail, A2B4DC62-FFCC-EBE2-EF26-2448F1FEE3B0, firefox, 2018-04-10 09:41:54, contaminated
trace_3.2_fail, 5B63F730-1AA5-1FCB-9EF3-1D9F44D63192, firefox, 2018-04-10 09:41:54, contaminated
trace_3.2_fail, 18273485-A5F9-A7E3-F4EE-391C49F1952B, firefox, 2018-04-10 09:41:54, contaminated
trace_3.2_fail, C82113C5-4C94-002C-85BD-99A723DE433F, firefox, 2018-04-10 09:41:54, contaminated
trace_3.2_fail, 8C320E37-AAA8-9B2A-6D7D-E926FB1BC8B2, firefox, 2018-04-10 09:41:54, contaminated
trace_3.2_fail, 2FCFE700-0E94-3FC5-580E-AD65106E8456, firefox, 2018-04-10 09:41:54, contaminated
trace_3.2_fail, E1E8EA37-5EF2-32FE-9089-868CFCE14FFA, firefox, 2018-04-10 09:41:54, contaminated
trace_3.2_fail, 619E2CA8-9ED3-FA47-3816-050D801A7B1D, firefox, 2018-04-10 09:41:54, contaminated
trace_3.2_fail, 6314FD1B-E51B-1E54-911F-5F205637D345, firefox, 2018-04-10 09:41:54, contaminated
trace_3.2_fail, 3748310A-45E9-51D8-A551-461845C0316D, firefox, 2018-04-10 09:41:54, contaminated
trace_3.2_fail, D10507C7-C3F7-D7C3-E503-E658F3C7E155, firefox, 2018-04-10 09:41:54, contaminated
trace_3.2_fail, E4017698-917D-F23F-6CD0-A52550B013BE, firefox, 2018-04-10 09:41:54, contaminated
trace_3.2_fail, 3914EDEB-212E-723B-1FCF-9F44929822E9, firefox, 2018-04-10 09:41:54, contaminated
trace_3.2_fail, 8F09A9A8-3C55-7817-CFCF-E61F5C7899C2, firefox, 2018-04-10 09:41:54, contaminated
trace_3.2_fail, BEC0A5A9-23B0-610F-DE27-AA2EA38C87D8, firefox, 2018-04-10 09:41:54, contaminated
trace_3.2_fail, 0FE6B51E-3BED-6751-24BD-56CD08A13AB1, firefox, 2018-04-10 09:41:54, contaminated
trace_3.2_fail, 50981FFD-5594-D166-F478-BAD4D1268A1A, firefox, 2018-04-10 09:41:54, contaminated
trace_3.2_fail, 6CD1F7EE-F5F5-AAD8-FFE6-6CAD604C15E4, firefox, 2018-04-10 09:41:54, contaminated
trace_3.2_fail, 877BBE51-AB23-0A98-31A3-92AD5E3A0D98, firefox, 2018-04-10 09:41:54, contaminated
trace_3.2_fail, 91154A37-657B-14D5-F205-EE3AB6F5D817, firefox, 2018-04-10 09:41:54, contaminated
trace_3.2_fail, DFAF3D08-468B-F92C-CB6F-D34B5AC8DE15, firefox, 2018-04-10 09:41:54, contaminated
trace_3.2_fail, 26F16BC1-F38D-E1A5-B451-85D5B0BB033A, firefox, 2018-04-10 09:41:54, contaminated
trace_3.2_fail, CA131872-EFC4-05A0-0923-7EC36D7167C9, firefox, 2018-04-10 09:41:54, contaminated
trace_3.2_fail, 62BCDD38-D530-3E71-884C-C38FEEEC4F34, firefox, 2018-04-10 09:41:54, contaminated
trace_3.2_fail, E2F4307E-51C6-E0A2-256D-2A57684E4BD3, firefox, 2018-04-10 09:41:54, contaminated
trace_3.2_fail, 13F8D570-3F89-3FDD-B129-7DC47AB0D3BC, firefox, 2018-04-10 09:41:54, contaminated
trace_3.2_fail, 9C61D104-6120-9256-C1B8-DFD5397D35E3, firefox, 2018-04-10 09:41:54, contaminated
trace_3.2_fail, 08569558-A0F1-9A08-6633-5E7B6F8EA964, firefox, 2018-04-10 09:41:54, contaminated
trace_3.2_fail, B5C3D2AE-EF9D-1345-60BA-CF480209BC6C, firefox, 2018-04-10 09:41:54, contaminated
trace_3.2_fail, 0F827CB3-3028-2132-253C-9534954AA14B, firefox, 2018-04-10 09:41:54, contaminated
trace_3.2_fail, 60A9427C-9AAA-4C57-C47C-2B1CD420659F, firefox, 2018-04-10 09:41:54, contaminated
trace_3.2_fail, 973C67E8-88F8-764E-FE74-D89FC923FB51, firefox, 2018-04-10 09:41:54, contaminated
trace_3.2_fail, 18CB72A3-8259-47B3-3909-56F6C8855D52, firefox, 2018-04-10 09:41:54, contaminated
trace_3.2_fail, 33968A93-4400-B9BB-0A68-FD995BCED376, firefox, 2018-04-10 09:41:54, contaminated
trace_3.2_fail, B8C45D66-9EE9-DF2F-3F3D-5901BFD9126A, firefox, 2018-04-10 09:41:54, contaminated
trace_3.2_fail, 53394656-29D3-3874-6179-56B6A8827F61, firefox, 2018-04-10 09:41:54, contaminated
trace_3.2_fail, 810BC932-6126-EB51-FB6A-D6B3FCA7B305, firefox, 2018-04-10 09:41:54, contaminated
trace_3.2_fail, C51CA7A0-CF17-0200-C24E-EE255C23776E, firefox, 2018-04-10 09:41:54, contaminated
trace_3.2_fail, 721BAF27-E0E8-ACEE-4780-889D3E0231C5, firefox, 2018-04-10 09:41:54, contaminated
trace_3.2_fail, B11DADFF-B64D-9FAA-D608-FD9E633C487C, firefox, 2018-04-10 09:41:54, contaminated
trace_3.2_fail, 6ADEEA10-F3E0-5969-45FA-69CB6AA629B4, firefox, 2018-04-10 09:41:54, contaminated
trace_3.2_fail, 54D7365F-F789-63DA-19C9-3BBAC74BAFFB, firefox, 2018-04-10 09:41:54, contaminated
trace_3.2_fail, C4345D8A-9399-FDF8-1D34-C807D1B6393D, firefox, 2018-04-10 09:41:54, contaminated
trace_3.2_fail, 8BAFDF7D-FC86-FEE2-CB23-32714A70143D, firefox, 2018-04-10 09:41:54, contaminated
trace_3.2_fail, CC2855FF-0CFD-AC7B-1ECE-3B4DFFF57B4A, firefox, 2018-04-10 09:41:54, contaminated
trace_3.2_fail, 887F7BBD-16B2-6850-87D5-C22B0226C90F, firefox, 2018-04-10 09:41:54, contaminated
trace_3.2_fail, 5DD98B70-AB23-6782-033B-9702FD225271, firefox, 2018-04-10 09:41:54, contaminated
trace_3.2_fail, 785A8452-3B7F-1BE2-37FD-A6B631B91500, firefox, 2018-04-10 09:41:54, contaminated
trace_3.2_fail, 66ACA196-9A3E-77DD-69CF-8077404FC6F9, firefox, 2018-04-10 09:41:54, contaminated
trace_3.2_fail, 0830C737-DDF7-9685-CE87-36F26D8524F1, firefox, 2018-04-10 09:41:54, contaminated
trace_3.2_fail, 113AEE1C-158D-E1F4-E589-5C5F8F45D5DC, firefox, 2018-04-10 09:41:54, contaminated
trace_3.2_fail, 23D62C10-21CA-1BA1-7FFB-0EEB995325E0, firefox, 2018-04-10 09:41:54, contaminated
trace_3.2_fail, B6776053-3920-2BC6-5A4E-79F4A3F84C9B, firefox, 2018-04-10 09:41:54, contaminated
trace_3.2_fail, B61AE6D2-D45F-F463-93EC-6B13B4B80C23, firefox, 2018-04-10 09:41:54, contaminated
trace_3.2_fail, F9DEEAE9-FA13-58E5-2F4A-5152AF9726C4, firefox, 2018-04-10 09:41:54, contaminated
trace_3.2_fail, 482A479A-A6BD-25BF-3780-C13C5CC2A19D, firefox, 2018-04-10 09:41:54, contaminated
trace_3.2_fail, 8F829101-FBFD-BEED-17BD-B7F1801F096B, firefox, 2018-04-10 09:41:54, contaminated
trace_3.2_fail, 724BE2F8-E963-DAF1-9760-BFABEC089EF1, firefox, 2018-04-10 09:41:54, contaminated
trace_3.2_fail, BA99B6C5-C4FB-2BA4-F545-DBFDECA3B8E1, firefox, 2018-04-10 09:41:54, contaminated
trace_3.2_fail, 749BB301-642B-6B2B-F6D2-954AFE873FE8, firefox, 2018-04-10 09:41:54, contaminated
trace_3.2_fail, FD0449FA-2852-74D9-6BAC-C2EB9594E1E2, firefox, 2018-04-10 09:41:54, contaminated
trace_3.2_fail, 82C93F31-D0BB-235F-BB1F-D9FCED69C21D, firefox, 2018-04-10 09:41:54, contaminated
trace_3.2_fail, EDBAF23E-16C9-DBE9-BFBD-C62567EC7B72, firefox, 2018-04-10 09:41:54, contaminated
trace_3.2_fail, 5EA69463-4872-76C2-C677-04ADBBAABEC3, firefox, 2018-04-10 09:41:54, contaminated
trace_3.2_fail, B6D8DFC3-896E-89C1-158C-10430A4ABB9A, firefox, 2018-04-10 09:41:54, contaminated
trace_3.2_fail, 2311A341-89F4-77EE-1B79-22016CDA882F, firefox, 2018-04-10 09:41:54, contaminated
trace_3.2_fail, 55B8BD85-D665-EDA6-81A9-9A179855C81C, firefox, 2018-04-10 09:41:54, contaminated
trace_3.2_fail, E2EC2275-8442-A7FA-3233-1E453F9C8CD8, firefox, 2018-04-10 09:41:54, contaminated
trace_3.2_fail, 1588ABEF-8742-1764-B1FA-05191B43EF32, firefox, 2018-04-10 09:41:54, contaminated
trace_3.2_fail, BDE55233-7307-0E2F-AB80-76069E449694, firefox, 2018-04-10 09:41:54, contaminated
trace_3.2_fail, E7108D07-9661-CF27-005D-72722D8FFD29, firefox, 2018-04-10 09:41:54, contaminated
trace_3.2_fail, 9A40D9EC-D157-3F49-995A-CCDFCBB9414E, firefox, 2018-04-10 09:41:54, contaminated
trace_3.2_fail, B608205A-4D8B-40BE-9344-C88CED411D3C, firefox, 2018-04-10 09:41:54, contaminated
trace_3.2_fail, 9C98CF83-01EB-9C1D-3FCA-74FE2C89876A, firefox, 2018-04-10 09:41:54, contaminated
trace_3.2_fail, 62F5A7BD-3D1B-8E6B-EEC8-07B1490D4DE8, firefox, 2018-04-10 09:41:54, contaminated
trace_3.2_fail, DC7D727F-BB76-D0BF-EB02-E41EEFCBA073, firefox, 2018-04-10 09:41:54, contaminated
trace_3.2_fail, B5D08E9D-1520-45DA-B5A5-522451E282A7, firefox, 2018-04-10 09:41:54, contaminated
trace_3.2_fail, F0A1A218-A808-1139-BEAF-EB0E4E1155C4, firefox, 2018-04-10 09:41:54, contaminated
trace_3.2_fail, 50132B8C-40A1-3649-6BEE-FC1545DC66AB, firefox, 2018-04-10 09:41:54, contaminated
trace_3.2_fail, 7A274EA9-CEF8-921E-A480-C5397455056C, firefox, 2018-04-10 09:41:54, contaminated
trace_3.2_fail, 60FCEFE3-7575-1C07-C850-D23BA2821B68, firefox, 2018-04-10 09:41:54, contaminated
trace_3.2_fail, 7E7C618A-7BD7-6EA5-6608-D82666C77782, firefox, 2018-04-10 09:41:54, contaminated
trace_3.2_fail, FA114EAC-739E-48E4-8209-833177007B87, firefox, 2018-04-10 09:41:54, contaminated
trace_3.2_fail, 9D7DEBAB-50D0-BF4D-D422-6AB28AD32B8F, firefox, 2018-04-10 09:41:54, contaminated
trace_3.2_fail, CB8D5945-0D24-819F-D10F-24FA4BBB11DF, firefox, 2018-04-10 09:41:54, contaminated
trace_3.2_fail, 76A3BFE7-E87A-3372-E4B7-84E298EEF97B, firefox, 2018-04-10 09:41:54, contaminated
trace_3.2_fail, 668D19BD-A916-81F7-1F79-98C580CEF883, firefox, 2018-04-10 09:41:54, contaminated
trace_3.2_fail, 925DC701-506E-79E0-D29A-ED1352B36CF2, firefox, 2018-04-10 09:41:54, contaminated
trace_3.2_fail, D2491C38-05B9-D97E-96B5-4BCD1BD6DC8E, firefox, 2018-04-10 09:41:54, contaminated
trace_3.2_fail, 30C9FC01-E630-E623-135B-A22BE2FA6F30, firefox, 2018-04-10 09:41:54, contaminated
trace_3.2_fail, E1048545-5A37-7C09-AB52-03F121BCF7CF, firefox, 2018-04-10 09:41:54, contaminated
trace_3.2_fail, 68EFC437-4A18-AF09-BD03-0CD501657654, firefox, 2018-04-10 09:41:54, contaminated
trace_3.2_fail, DEA65322-C4BC-47EB-4BD4-28E4841A58BA, firefox, 2018-04-10 09:41:54, contaminated
trace_3.2_fail, 36688E01-38DF-B203-5429-05B3B7164090, firefox, 2018-04-10 09:41:54, contaminated
trace_3.2_fail, DACD4D3E-BF89-CF1A-900E-7D9FD4A321BD, firefox, 2018-04-10 09:41:54, contaminated
trace_3.2_fail, 46D9030A-AF4F-C262-E180-1257D2E9AA87, firefox, 2018-04-10 09:41:54, contaminated
trace_3.2_fail, 156FC6E6-5DF0-0B80-A0BB-2B7404E09E2C, firefox, 2018-04-10 09:41:54, contaminated
trace_3.2_fail, 5B214C51-D9E9-FDE3-519A-DF957AC14E22, firefox, 2018-04-10 09:41:54, contaminated
trace_3.2_fail, 5A364B99-8378-0B2F-E60F-30BE34E269AD, firefox, 2018-04-10 09:41:54, contaminated
trace_3.2_fail, A6E5AC32-DD59-DD73-8C3E-B99EE03D26F5, firefox, 2018-04-10 09:41:54, contaminated
trace_3.2_fail, 27A2A59F-AACC-E37C-BE4D-9A12C613EB0A, firefox, 2018-04-10 09:41:54, contaminated
trace_3.2_fail, EDEAAA79-2EDC-91FE-61FE-42151912A626, firefox, 2018-04-10 09:41:54, contaminated
trace_3.2_fail, C7F4BB1E-3D25-AD77-5E4C-330690903A3E, firefox, 2018-04-10 09:41:54, contaminated
trace_3.2_fail, 97D66184-3870-B334-B142-CBC48F7D02E7, firefox, 2018-04-10 09:41:54, contaminated
trace_3.2_fail, 86FAD944-2240-DA29-E36A-208F6725A093, firefox, 2018-04-10 09:41:54, contaminated
trace_3.2_fail, 6292B24A-B7E3-1A4B-3078-A2911F0BCBC6, firefox, 2018-04-10 09:41:54, contaminated
trace_3.2_fail, 02725BC2-B457-0B7C-99D9-29742D63F950, firefox, 2018-04-10 09:41:54, contaminated
trace_3.2_fail, 93F919DC-BE4B-F066-AB94-250EBA0501A0, firefox, 2018-04-10 09:41:54, contaminated
trace_3.2_fail, 1212748F-8082-8780-FA39-9FE5FCB64A73, firefox, 2018-04-10 09:41:54, contaminated
trace_3.2_fail, 359EFB14-F71E-F879-CB29-39A490186F8F, firefox, 2018-04-10 09:41:54, contaminated
trace_3.2_fail, 16318FB4-54B3-79DC-E515-CFE7F8B1E1FD, firefox, 2018-04-10 09:41:54, contaminated
trace_3.2_fail, 10652D45-96A1-E94C-2E55-78C0361D3981, firefox, 2018-04-10 09:41:54, contaminated
trace_3.2_fail, 01166E21-F778-BF3B-AB2D-5572B5371B61, firefox, 2018-04-10 09:41:54, contaminated
trace_3.2_fail, 086C9328-2D0C-5D01-045C-A740FDA3C4CB, firefox, 2018-04-10 09:41:54, contaminated
trace_3.2_fail, 05A747AB-BBDF-78FF-48E5-49ABFBE6E11F, firefox, 2018-04-10 09:41:54, contaminated
trace_3.2_fail, 074C014B-362C-0771-0282-33BAD5A5230A, firefox, 2018-04-10 09:41:54, contaminated
trace_3.2_fail, 22970803-A45A-4B66-9784-5BB1137FC649, firefox, 2018-04-10 09:41:54, contaminated
trace_3.2_fail, 0EDA3F49-6BAC-298A-AE7D-CD506DE2691D, firefox, 2018-04-10 09:41:54, contaminated
trace_3.2_fail, C0276945-1145-EF7C-8EDC-21E4D983641A, firefox, 2018-04-10 09:41:54, contaminated
trace_3.2_fail, E76F16F9-0482-E80C-3BBA-079444DB1441, firefox, 2018-04-10 09:41:54, contaminated
trace_3.2_fail, BDE3250C-26AB-B279-BFA1-97AFD1129BA4, firefox, 2018-04-10 09:41:54, contaminated
trace_3.2_fail, 556C2F0E-4041-44C0-C619-F277D0711B6B, firefox, 2018-04-10 09:41:54, contaminated
trace_3.2_fail, 18A66D10-A60F-7748-9622-D8BBF6852B43, firefox, 2018-04-10 09:41:54, contaminated
trace_3.2_fail, 017621FA-73FA-E928-09BE-7CCD35390783, firefox, 2018-04-10 09:41:54, contaminated
trace_3.2_fail, 34DFFADB-D434-02C1-B769-3096F5B33C4B, firefox, 2018-04-10 09:41:54, contaminated
trace_3.2_fail, 52DB7C64-BDD8-324F-3847-FFCF5B706B5B, firefox, 2018-04-10 09:41:54, contaminated
trace_3.2_fail, 1C14F465-C09B-B861-6E2E-77B5D2F5F5C1, firefox, 2018-04-10 09:41:54, contaminated
trace_3.2_fail, A2ED1FFA-08BB-C799-9A76-E7D60EA6B6A1, firefox, 2018-04-10 09:41:54, contaminated
trace_3.2_fail, D199227F-F89A-1B94-B1B4-1A5702D26737, firefox, 2018-04-10 09:41:54, contaminated
trace_3.2_fail, 005C7965-5A58-87AD-9F51-C133F058224D, firefox, 2018-04-10 09:41:54, contaminated
trace_3.2_fail, CDA8F3A6-7F83-A860-B243-4B0099A4EBA2, firefox, 2018-04-10 09:41:54, contaminated
trace_3.2_fail, 07EED948-B17E-DB86-143A-2775464EF574, firefox, 2018-04-10 09:41:54, contaminated
trace_3.2_fail, DEFE6093-F9CA-2C18-FBF9-2409E84FD9EB, firefox, 2018-04-10 09:41:54, contaminated
trace_3.2_fail, 84D146B7-B293-5836-CBD3-81F26A2E62D2, firefox, 2018-04-10 09:41:54, contaminated
trace_3.2_fail, CB4AE66E-99C1-213B-A254-D8883BE25B38, firefox, 2018-04-10 09:41:54, contaminated
trace_3.2_fail, D4962E8A-75A0-9226-AA0D-FA2BC11D949C, firefox, 2018-04-10 09:41:54, contaminated
trace_3.2_fail, 426B566E-29D8-B372-C439-B24429E91CD9, firefox, 2018-04-10 09:41:54, contaminated
trace_3.2_fail, 1FF73DFE-4814-A70E-0939-8962ADEEFA03, firefox, 2018-04-10 09:41:54, contaminated
trace_3.2_fail, 8659B55A-2386-DA98-A545-82F8DD5A43BB, firefox, 2018-04-10 09:41:54, contaminated
trace_3.2_fail, D6F7A98F-618B-5028-F181-2C5AED5E2A28, firefox, 2018-04-10 09:41:54, contaminated
trace_3.2_fail, 81D99BA4-DED0-41D3-7E2B-0C401CF6D711, firefox, 2018-04-10 09:41:54, contaminated
trace_3.2_fail, 2FFE0BF5-8FF6-8896-D6E1-26FB863D1893, firefox, 2018-04-10 09:41:54, contaminated
trace_3.2_fail, 24D252AB-639F-AE96-CAFA-FEB18AB8CC1F, firefox, 2018-04-10 09:41:54, contaminated
trace_3.2_fail, 2EE12417-36C6-831D-18B5-F96A5018918C, firefox, 2018-04-10 09:41:54, contaminated
trace_3.2_fail, 65191B1C-3C78-1737-F0ED-3C59C6CD75EB, firefox, 2018-04-10 09:41:54, contaminated
trace_3.2_fail, 49137417-386E-59B8-0C30-6D06F9642332, firefox, 2018-04-10 09:41:54, contaminated
trace_3.2_fail, 2DB936D7-AC7D-C535-40C4-F3247EAC6A29, firefox, 2018-04-10 09:41:54, contaminated
trace_3.2_fail, BD08CC83-BFF9-F858-F3FD-0C7FA1110FC3, firefox, 2018-04-10 09:41:54, contaminated
trace_3.2_fail, 8E0CF6EA-7284-0C4E-D83F-70E82263CB6E, firefox, 2018-04-10 09:41:54, contaminated
trace_3.2_fail, 968F3C91-70DF-113B-E374-F068778A9358, firefox, 2018-04-10 09:41:54, contaminated
trace_3.2_fail, 6AD8AE8B-7DD8-4B5A-50C1-9344DB08C17E, firefox, 2018-04-10 09:41:54, contaminated
trace_3.2_fail, 6E2228F4-F165-A6FD-002B-42802206AC5E, firefox, 2018-04-10 09:41:54, contaminated
trace_3.2_fail, D1187281-C59F-5681-6C44-5AFC35101217, firefox, 2018-04-10 09:41:54, contaminated
trace_3.2_fail, 8A084DCD-AEB9-688C-082D-1016A2D5CD03, firefox, 2018-04-10 09:41:54, contaminated
trace_3.2_fail, 213A5285-49B6-7711-5547-1057CCB88EEE, firefox, 2018-04-10 09:41:54, contaminated
trace_3.2_fail, 750D63CD-7398-D69E-E1C5-0D2E3382DF95, firefox, 2018-04-10 09:41:54, contaminated
trace_3.2_fail, 4BA3CD2A-5F7C-BAAF-AFC2-A8B28A4B7C2C, firefox, 2018-04-10 09:41:54, contaminated
trace_3.2_fail, E419DCC7-028A-916E-79F0-EC24A42D84B9, firefox, 2018-04-10 09:41:54, contaminated
trace_3.2_fail, 48423E27-FCD3-0132-4278-895679489B59, firefox, 2018-04-10 09:41:54, contaminated
trace_3.2_fail, 119FF7B7-B64E-7A0F-AE4F-74C353C23468, firefox, 2018-04-10 09:41:54, contaminated
trace_3.2_fail, F4F3508F-E615-EE6A-D8CD-F1E27183FC6B, firefox, 2018-04-10 09:41:54, contaminated
trace_3.2_fail, 704F3496-1789-2A73-6501-2072FD9A199D, firefox, 2018-04-10 09:41:54, contaminated
trace_3.2_fail, 63E17498-2680-9A59-4871-F99E4AED79C7, firefox, 2018-04-10 09:41:54, contaminated
trace_3.2_fail, 61DBB63D-2337-A3A0-31F6-F92624A8E7B1, firefox, 2018-04-10 09:41:54, contaminated
trace_3.2_fail, 3EDA53C5-8955-38DB-81A0-F2B1C9E67201, firefox, 2018-04-10 09:41:54, contaminated
trace_3.2_fail, F9D36A84-60EF-0A3E-6ABE-D90528C005BF, firefox, 2018-04-10 09:41:54, contaminated
trace_3.2_fail, B86F4190-03BD-D1CD-2B89-8FD239592C33, firefox, 2018-04-10 09:41:54, contaminated
trace_3.2_fail, 50A519E0-3AA3-429B-4E75-D52856DE3B3B, firefox, 2018-04-10 09:41:54, contaminated
trace_3.2_fail, A85B1F60-6B82-53F5-AED6-55F0E6CC0E98, firefox, 2018-04-10 09:41:54, contaminated
trace_3.2_fail, B62D3CA8-6389-32FF-3D63-939C8638B245, firefox, 2018-04-10 09:41:54, contaminated
trace_3.2_fail, AEECA9A5-9624-F26B-C853-0ACB4E6954B9, firefox, 2018-04-10 09:41:54, contaminated
trace_3.2_fail, 65AFA8D1-B50B-5E86-C571-CB201E4A08FC, firefox, 2018-04-10 09:41:54, contaminated
trace_3.2_fail, EBE785B2-A6DB-7A8A-95AA-1740A72E8CE7, firefox, 2018-04-10 09:41:54, contaminated
trace_3.2_fail, 5ACD80A3-DDC5-7B54-B9A6-013F48FAE8B4, firefox, 2018-04-10 09:41:54, contaminated
trace_3.2_fail, 52CE46A7-1D02-B18A-8169-42E7955223EC, firefox, 2018-04-10 09:41:54, contaminated
trace_3.2_fail, 9BA7D011-F5FF-CCF3-EDDB-835543669F53, firefox, 2018-04-10 09:41:54, contaminated
trace_3.2_fail, 5F0979A0-3337-51BD-E2C7-B7FAF72A9046, firefox, 2018-04-10 09:41:54, contaminated
trace_3.2_fail, 0C69546D-6E73-BF96-A10E-E51BA28F86D8, firefox, 2018-04-10 09:41:54, contaminated
trace_3.2_fail, 36F800C2-EAB8-A66D-CB91-506AECB468C6, firefox, 2018-04-10 09:41:54, contaminated
trace_3.2_fail, 765DF6D6-E816-9CEC-B0CC-1310E5350ABC, firefox, 2018-04-10 09:41:54, contaminated
trace_3.2_fail, 281C84E6-A278-809F-9B88-FD76A8C11684, firefox, 2018-04-10 09:41:54, contaminated
trace_3.2_fail, 01819E6A-C098-AD10-22A3-E227AB357407, firefox, 2018-04-10 09:41:54, contaminated
trace_3.2_fail, D81DB183-CF3E-4626-6264-B6E739DC5006, firefox, 2018-04-10 09:41:54, contaminated
trace_3.2_fail, 0FE9C720-6774-BAF9-D026-C9E821C2D226, firefox, 2018-04-10 09:41:54, contaminated
trace_3.2_fail, 01A74A2D-0020-5C77-CE06-AEF359E5B4C9, firefox, 2018-04-10 09:41:54, contaminated
trace_3.2_fail, DAFAE6D1-EC74-7821-9CD0-C094662E427A, firefox, 2018-04-10 09:41:54, contaminated
trace_3.2_fail, 9DF1CDB2-7A69-A69B-CFA4-4E7BA0A99352, firefox, 2018-04-10 09:41:54, contaminated
trace_3.2_fail, A2309E20-1945-E9E7-3AF5-4A2F15DC1AC6, firefox, 2018-04-10 09:41:54, contaminated
trace_3.2_fail, BDE8EB42-11AA-A199-2933-75E77AFA5C41, firefox, 2018-04-10 09:41:54, contaminated
trace_3.2_fail, 9C382C6A-906E-3C3D-EDA1-9F3041A2261D, firefox, 2018-04-10 09:41:54, contaminated
trace_3.2_fail, B9E26D83-92A5-F212-8D92-0682D3281538, firefox, 2018-04-10 09:41:54, contaminated
trace_3.2_fail, 75DFE5E1-5FA2-CED3-F0ED-52A6D383DB61, firefox, 2018-04-10 09:41:54, contaminated
trace_3.2_fail, 0A8AE950-26A7-CB73-F505-CB5B5AC5B9D8, firefox, 2018-04-10 09:41:54, contaminated
trace_3.2_fail, F055C370-D038-1190-98D5-51CF13209A2C, firefox, 2018-04-10 09:41:54, contaminated
trace_3.2_fail, A3074FA3-BBDC-A8C1-BE4E-1436C6453D2C, firefox, 2018-04-10 09:41:54, contaminated
trace_3.2_fail, 1B98F21B-0DD1-FB9C-90C9-4792B9E3888C, firefox, 2018-04-10 09:41:54, contaminated
trace_3.2_fail, B445BC3C-A6E4-134E-742E-E797BF511C7B, firefox, 2018-04-10 09:41:54, contaminated
trace_3.2_fail, A6BE7513-1D17-4F54-64AF-A9628AEF510B, firefox, 2018-04-10 09:41:54, contaminated
trace_3.2_fail, 9307DE59-72F5-42DF-D1D8-95179AFC849D, firefox, 2018-04-10 09:41:54, contaminated
trace_3.2_fail, C6412DF3-CB2D-9BEA-3A8F-0991F86E6FDF, firefox, 2018-04-10 09:41:54, contaminated
trace_3.2_fail, 12C02BE1-FC62-EC2C-3778-5718A01FD092, firefox, 2018-04-10 09:41:54, contaminated
trace_3.2_fail, 1560EDF1-1D5B-9471-139D-DCFE5945B036, firefox, 2018-04-10 09:41:54, contaminated
trace_3.2_fail, 4874CF37-3B77-E9C4-4061-69BA161BC84D, firefox, 2018-04-10 09:41:54, contaminated
trace_3.2_fail, 8B70F613-2CA2-A16A-15C7-123132D8D2A4, firefox, 2018-04-10 09:41:54, contaminated
trace_3.2_fail, 4619AF5C-FF30-46ED-3C77-3EA3CF7E9A4D, firefox, 2018-04-10 09:41:54, contaminated
trace_3.2_fail, 2054A816-BB42-7340-B431-8598959876D6, firefox, 2018-04-10 09:41:54, contaminated
trace_3.2_fail, 6469673A-A2D5-8514-3A14-B5FA645BFFDF, firefox, 2018-04-10 09:41:54, contaminated
trace_3.2_fail, 332112F1-CC87-572D-61FC-BA85338BABBF, firefox, 2018-04-10 09:41:54, contaminated
trace_3.2_fail, F22A7FA5-8D70-B9DA-FA9C-49D2478013CF, firefox, 2018-04-10 09:41:54, contaminated
trace_3.2_fail, 6014F348-D960-1355-F4DF-D4655D21D16E, firefox, 2018-04-10 09:41:54, contaminated
trace_3.2_fail, B01A45EB-14AE-FD74-9E2A-1B2258D02967, firefox, 2018-04-10 09:41:54, contaminated
trace_3.2_fail, 9BF226A5-532D-835A-ADEE-700749B7F3DA, firefox, 2018-04-10 09:41:54, contaminated
trace_3.2_fail, CFA32D6C-B0C1-38E3-9007-DA827C10E180, firefox, 2018-04-10 09:41:54, contaminated
trace_3.2_fail, F230E96E-FBFE-17E0-0C10-8A9645774DF6, firefox, 2018-04-10 09:41:54, contaminated
trace_3.2_fail, A408C55A-F998-80F7-221D-6563DF73FF72, firefox, 2018-04-10 09:41:54, contaminated
trace_3.2_fail, FB788789-2AC3-A9FE-ACE5-36C5B12F885F, firefox, 2018-04-10 09:41:54, contaminated
trace_3.2_fail, 3BCD7AC6-9D9D-720E-FE71-983636230BAB, firefox, 2018-04-10 09:41:54, contaminated
trace_3.2_fail, 945AD8C7-1D46-AFDD-D6C9-C53161EDC878, firefox, 2018-04-10 09:41:54, contaminated
trace_3.2_fail, 8EA48CF5-5C13-0F43-71E3-B51645A73018, firefox, 2018-04-10 09:41:54, contaminated
trace_3.2_fail, 3350B581-9631-FFC3-8BD7-DA0A44E8B390, firefox, 2018-04-10 09:41:54, contaminated
trace_3.2_fail, 21B907FA-8386-7702-657A-D700C2AB1E29, firefox, 2018-04-10 09:41:54, contaminated
trace_3.2_fail, 0642D08A-C9CE-49E0-2B3A-9F326D1031E4, firefox, 2018-04-10 09:41:54, contaminated
trace_3.2_fail, F2717595-D508-D942-11D1-46BD64B2CA79, firefox, 2018-04-10 09:41:54, contaminated
trace_3.2_fail, BA4C5D73-3184-9C18-6A4E-F17D8CA7AF21, firefox, 2018-04-10 09:41:54, contaminated
trace_3.2_fail, 9F804479-4908-8CD0-92F7-C7183FFA64AA, firefox, 2018-04-10 09:41:54, contaminated
trace_3.2_fail, 87CB2566-8067-52C1-1E55-EC21B1E7B3C8, firefox, 2018-04-10 09:41:54, contaminated
trace_3.2_fail, 6B751D51-FD77-9CE8-027E-FD1BD856D6E9, firefox, 2018-04-10 09:41:54, contaminated
trace_3.2_fail, 55A5FD80-ABA3-212B-8855-FD382300A91A, firefox, 2018-04-10 09:41:54, contaminated
trace_3.2_fail, 819EF2B3-EA20-99CE-F51C-F11A6500BD11, firefox, 2018-04-10 09:41:54, contaminated
trace_3.2_fail, 3229E8EB-08BB-8480-94FD-1DD292327FA9, firefox, 2018-04-10 09:41:54, contaminated
trace_3.2_fail, F695BDD8-D2AE-2DB3-847D-F784F1416639, firefox, 2018-04-10 09:41:54, contaminated
trace_3.2_fail, 96707AFF-676F-5A73-6D7C-752299B8CF49, firefox, 2018-04-10 09:41:54, contaminated
trace_3.2_fail, 512B4DB3-CD43-20E7-7B3B-2AE44052C9FE, firefox, 2018-04-10 09:41:54, contaminated
trace_3.2_fail, F6D1F027-344E-28B7-A8F3-0CAC286EB52C, firefox, 2018-04-10 09:41:54, contaminated
trace_3.2_fail, F9E60C37-7144-2144-A413-F8649701DF49, firefox, 2018-04-10 09:41:54, contaminated
trace_3.2_fail, 2AC4A092-6D59-6630-D88A-C6EBB07DBBE2, firefox, 2018-04-10 09:41:54, contaminated
trace_3.2_fail, 7C1176D4-681F-5287-1784-063719726B94, firefox, 2018-04-10 09:41:54, contaminated
trace_3.2_fail, 3FEB78D6-E997-9491-9F66-7CEF48373FDF, firefox, 2018-04-10 09:41:54, contaminated
trace_3.2_fail, 7D309E94-0445-D681-0545-9FED2C6380A5, firefox, 2018-04-10 09:41:54, contaminated
trace_3.2_fail, F696EF5F-A3A5-F57A-0E40-F96E27E3873C, firefox, 2018-04-10 09:41:54, contaminated
trace_3.2_fail, 6CE7A297-E3FD-5E8C-493E-7FF2661015F3, firefox, 2018-04-10 09:41:54, contaminated
trace_3.2_fail, 7F2BC795-2A25-4BD2-01AC-10C7533EB7A4, firefox, 2018-04-10 09:41:54, contaminated
trace_3.2_fail, B2261FBB-2684-7429-9546-943DACC1C814, firefox, 2018-04-10 09:41:54, contaminated
trace_3.2_fail, 5CC8976B-F2FA-68B4-3429-FB8886751DE3, firefox, 2018-04-10 09:41:54, contaminated
trace_3.2_fail, 66A43392-41A5-43DF-8E46-DE9C93C95FF7, firefox, 2018-04-10 09:41:54, contaminated
trace_3.2_fail, 7B0B8D74-C2F6-D603-C454-5A667D4C5986, firefox, 2018-04-10 09:41:54, contaminated
trace_3.2_fail, FCF217AD-40D0-34AC-1B0E-B6270C3E971F, firefox, 2018-04-10 09:41:54, contaminated
trace_3.2_fail, 911B1C70-31F7-3F4F-0112-8761E259DE2F, firefox, 2018-04-10 09:41:54, contaminated
trace_3.2_fail, FC8CB61A-E2A0-C704-09DB-256DE720B7C0, firefox, 2018-04-10 09:41:54, contaminated
trace_3.2_fail, B2AE43BD-1E2A-A061-61C0-AD1795736ACC, firefox, 2018-04-10 09:41:54, contaminated
trace_3.2_fail, DB6E1E4A-B017-C6BE-3BFE-5403E0045A48, firefox, 2018-04-10 09:41:54, contaminated
trace_3.2_fail, 522DE005-E253-2A41-C2D8-F663471056C3, firefox, 2018-04-10 09:41:54, contaminated
trace_3.2_fail, E542C722-80F6-F3B2-9552-82C0DED51ECB, firefox, 2018-04-10 09:41:54, contaminated
trace_3.2_fail, CDFBECF7-8BE6-D6DF-78C8-0FEF2BBF11A2, firefox, 2018-04-10 09:41:54, contaminated
trace_3.2_fail, 8AD4A1B7-2187-32F2-39A2-888F92928FFC, firefox, 2018-04-10 09:41:54, contaminated
trace_3.2_fail, AAC47FFF-918A-C5F4-A8EA-C2BC1C045BAE, firefox, 2018-04-10 09:41:54, contaminated
trace_3.2_fail, FC91E9CC-1683-2E54-096E-9D7154ACD1B4, firefox, 2018-04-10 09:41:54, contaminated
trace_3.2_fail, E4948C1C-C9D2-6193-6897-3EA59DF5AAC6, firefox, 2018-04-10 09:41:54, contaminated
trace_3.2_fail, C4A0EBA7-0037-4704-9045-3452A6ED37ED, firefox, 2018-04-10 09:41:54, contaminated
trace_3.2_fail, 8FA9C2B5-F592-CDB8-E022-AF6883FB6673, firefox, 2018-04-10 09:41:54, contaminated
trace_3.2_fail, 5F36A1BA-A4C8-2CD9-2D27-04238AA92275, firefox, 2018-04-10 09:41:54, contaminated
trace_3.2_fail, 7C073FFA-5EFD-081A-1535-D576B6BE501F, firefox, 2018-04-10 09:41:54, contaminated
trace_3.2_fail, 89F9DFE4-C48F-ED70-865E-FE12BCFBF18A, firefox, 2018-04-10 09:41:54, contaminated
trace_3.2_fail, 80F48463-ADE4-401A-8184-C9F4126E8678, firefox, 2018-04-10 09:41:54, contaminated
trace_3.2_fail, 5965110F-BA63-FA88-01B9-A5417220D1D2, firefox, 2018-04-10 09:41:54, contaminated
trace_3.2_fail, 48AE78AE-D3E3-854E-BC0A-0BA0819A8FA3, firefox, 2018-04-10 09:41:54, contaminated
trace_3.2_fail, E1524AD8-0B4C-8E21-1E10-0C3F946B5188, firefox, 2018-04-10 09:41:54, contaminated
trace_3.2_fail, 9E610115-580D-AB4B-4023-2841AD751FDA, firefox, 2018-04-10 09:41:54, contaminated
trace_3.2_fail, 6F6B7434-FB34-5858-6CD9-967FB306AFB1, firefox, 2018-04-10 09:41:54, contaminated
trace_3.2_fail, D1EC1EAF-80DA-8C22-FB14-5F04FD8284F0, firefox, 2018-04-10 09:41:54, contaminated
trace_3.2_fail, CF8D7814-5D1C-DCA3-35EF-E993713F875E, firefox, 2018-04-10 09:41:54, contaminated
trace_3.2_fail, AEE38DBD-B25D-1FA8-4399-9A8AC842638F, firefox, 2018-04-10 09:41:54, contaminated
trace_3.2_fail, 98992E2F-7BBC-C57D-E99A-12E22573460F, firefox, 2018-04-10 09:41:54, contaminated
trace_3.2_fail, A623423E-DD66-DEAC-F6DB-E71ECC97F1E0, firefox, 2018-04-10 09:41:54, contaminated
trace_3.2_fail, 7088898E-9B1E-5D18-1BC7-9C4E11C14C31, firefox, 2018-04-10 09:41:54, contaminated
trace_3.2_fail, 31E68773-3972-6F7F-06E6-EB986A5E7394, firefox, 2018-04-10 09:41:54, contaminated
trace_3.2_fail, D1111665-C003-E859-9405-783FDA011E9B, firefox, 2018-04-10 09:41:54, contaminated
trace_3.2_fail, AFA7319A-40DF-DC7D-4392-514F67268FBF, firefox, 2018-04-10 09:41:54, contaminated
trace_3.2_fail, 46DA09C0-8211-9ECF-7A1B-BE13ECB79E59, firefox, 2018-04-10 09:41:54, contaminated
trace_3.2_fail, 87437022-D530-FE00-DDF0-8620DC835B4C, firefox, 2018-04-10 09:41:54, contaminated
trace_3.2_fail, B0DE4AD9-7B51-3B7D-FEBF-A8E637BF8717, firefox, 2018-04-10 09:41:54, contaminated
trace_3.2_fail, FA2DA799-410E-DD6C-5A40-7AEB255B39BE, firefox, 2018-04-10 09:41:54, contaminated
trace_3.2_fail, A6A38A14-2E29-0A89-993E-BF22D910B05E, firefox, 2018-04-10 09:41:54, contaminated
trace_3.2_fail, 61AB74DB-71CB-E224-C1B4-B216B677903F, firefox, 2018-04-10 09:41:54, contaminated
trace_3.2_fail, E36DC5CF-0C19-A67D-B22D-725205D18293, firefox, 2018-04-10 09:41:54, contaminated
trace_3.2_fail, 97C8E492-3EC2-28CC-D1D6-D8FBB57926F3, firefox, 2018-04-10 09:41:54, contaminated
trace_3.2_fail, 83BF20C9-E8D9-BDA3-AD67-FAF9062F9372, firefox, 2018-04-10 09:41:54, contaminated
trace_3.2_fail, 92E55B98-5E71-44A2-51B4-BA3BA007691D, firefox, 2018-04-10 09:41:54, contaminated
trace_3.2_fail, EAD71E70-7DFF-7F7A-35D8-D6A9A8716A80, firefox, 2018-04-10 09:41:54, contaminated
trace_3.2_fail, 56F04113-0958-A494-C7B8-4D4D5AAE844E, firefox, 2018-04-10 09:41:54, contaminated
trace_3.2_fail, E25C00E5-FB31-CECA-3387-39EA4B7970AE, firefox, 2018-04-10 09:41:54, contaminated
trace_3.2_fail, A6F2AB91-E3B6-17DB-7478-957359A3DD3A, firefox, 2018-04-10 09:41:54, contaminated
trace_3.2_fail, BC521DFB-882A-4EFC-FA03-D40707E466F7, firefox, 2018-04-10 09:41:54, contaminated
trace_3.2_fail, 5E3A07ED-1E02-E3D2-6FEF-0C70408B18DC, firefox, 2018-04-10 09:41:54, contaminated
trace_3.2_fail, 99197E1D-1780-CFDB-D683-D0EA536B7023, firefox, 2018-04-10 09:41:54, contaminated
trace_3.2_fail, 1CBE8BC9-B80C-4D3A-CCCB-BE55CDCBCAD7, firefox, 2018-04-10 09:41:54, contaminated
trace_3.2_fail, FC63FD2A-3299-962B-D2CB-75FA86244A71, firefox, 2018-04-10 09:41:54, contaminated
trace_3.2_fail, A4D04775-8B5F-0358-D669-9D5223A3E58B, firefox, 2018-04-10 09:41:54, contaminated
trace_3.2_fail, 9E50899B-0502-CA1A-2DBF-5F5CA9E3D9F9, firefox, 2018-04-10 09:41:54, contaminated
trace_3.2_fail, 99BE194E-2134-9377-F627-866037C229DA, firefox, 2018-04-10 09:41:54, contaminated
trace_3.2_fail, 5F144F5F-8CBA-A317-61F5-013F707447AC, firefox, 2018-04-10 09:41:54, contaminated
trace_3.2_fail, B758DDAF-96CE-124F-0ADC-FA7A7FC393CE, firefox, 2018-04-10 09:41:54, contaminated
trace_3.2_fail, CA412975-A38C-DF3C-2722-0D535540EA10, firefox, 2018-04-10 09:41:54, contaminated
trace_3.2_fail, 3FEB4928-03D5-4691-6A4D-E13113EA819B, firefox, 2018-04-10 09:41:54, contaminated
trace_3.2_fail, 993F4A7E-6A55-7699-B210-5118C122B500, firefox, 2018-04-10 09:41:54, contaminated
trace_3.2_fail, D0B0B2B6-C6CC-DF6D-9205-69732090E5F7, firefox, 2018-04-10 09:41:54, contaminated
trace_3.2_fail, 1BADA1A2-2063-9F30-0847-9A525739EF00, firefox, 2018-04-10 09:41:54, contaminated
trace_3.2_fail, D0170371-D759-41F3-ECBD-BFB52C2A1A6B, firefox, 2018-04-10 09:41:54, contaminated
trace_3.2_fail, 367FA55F-6614-7084-9D51-D5DBA2D0BF7F, firefox, 2018-04-10 09:41:54, contaminated
trace_3.2_fail, 05DAB3CB-A53C-1721-87EF-F2A44A2B944A, firefox, 2018-04-10 09:41:54, contaminated
trace_3.2_fail, 0A5AF03B-9FE1-B068-0BDA-5D5EE133A4E0, firefox, 2018-04-10 09:41:54, contaminated
trace_3.2_fail, FB7A1856-0D3F-EDF4-7564-09894D4C7D02, firefox, 2018-04-10 09:41:54, contaminated
trace_3.2_fail, 3CB3F57B-33B9-A5DC-7B1E-99AE991884D5, firefox, 2018-04-10 09:41:54, contaminated
trace_3.2_fail, 60CB0B90-F1FA-8EA6-736C-49425B72E178, firefox, 2018-04-10 09:41:54, contaminated
trace_3.2_fail, 7B07144C-6304-F114-B1D4-B42394863910, firefox, 2018-04-10 09:41:54, contaminated
trace_3.2_fail, B8F56FB2-6AD0-4292-B790-0909E00DA569, firefox, 2018-04-10 09:41:54, contaminated
trace_3.2_fail, C852D0D4-E441-8A88-C012-8C6EE59F6818, firefox, 2018-04-10 09:41:54, contaminated
trace_3.2_fail, 7053959F-16AD-E1C3-5A7C-451C9239FAA5, firefox, 2018-04-10 09:41:54, contaminated
trace_3.2_fail, 5A1F0928-0700-8E9F-396E-55F626CE1475, firefox, 2018-04-10 09:41:54, contaminated
trace_3.2_fail, 7BB7D554-7CA6-BA5E-E7B7-2AD01D372D90, firefox, 2018-04-10 09:41:54, contaminated
trace_3.2_fail, C8AE4B19-6F77-1EB2-9BFE-59F98307A127, firefox, 2018-04-10 09:41:54, contaminated
trace_3.2_fail, B089C344-92F8-F83B-ACC6-85C46034ACBF, firefox, 2018-04-10 09:41:54, contaminated
trace_3.2_fail, 00D173D9-54BB-F035-4DD0-A4913B985B59, firefox, 2018-04-10 09:41:54, contaminated
trace_3.2_fail, 2AA6E551-117E-212B-3491-F548DFB75764, firefox, 2018-04-10 09:41:54, contaminated
trace_3.2_fail, A68DC594-BD39-18D2-F0CC-645DEB99DCCE, firefox, 2018-04-10 09:41:54, contaminated
trace_3.2_fail, 974B9638-A850-D12C-2587-34F0B29E03C2, firefox, 2018-04-10 09:41:54, contaminated
trace_3.2_fail, BA3E935B-940C-378E-D819-1B82C7E88243, firefox, 2018-04-10 09:41:54, contaminated
trace_3.2_fail, D04E7A96-AA43-7D15-AFA5-F835F1CF463C, firefox, 2018-04-10 09:41:54, contaminated
trace_3.2_fail, AADA102F-2F25-1B80-D0A2-5FF4A702EA90, firefox, 2018-04-10 09:41:54, contaminated
trace_3.2_fail, 10725327-CA8A-9F99-72FD-B39D3E89D19E, firefox, 2018-04-10 09:41:54, contaminated
trace_3.2_fail, 6B0C5198-45D7-CA7E-E80A-44768FE3069C, firefox, 2018-04-10 09:41:54, contaminated
trace_3.2_fail, 70DAEAAB-45FD-9CC9-3FE5-4AA2B5A18097, firefox, 2018-04-10 09:41:54, contaminated
trace_3.2_fail, 179B2BC3-E7D3-4365-FF30-81D9944807FB, firefox, 2018-04-10 09:41:54, contaminated
trace_3.2_fail, 4353EB35-3617-E418-F7EC-97F155FC0EED, firefox, 2018-04-10 09:41:54, contaminated
trace_3.2_fail, BBC769EF-E208-E967-FF8B-5485972A076C, firefox, 2018-04-10 09:41:54, contaminated
trace_3.2_fail, F08E02B9-782F-74B2-82DA-7A55DF5CF497, firefox, 2018-04-10 09:41:54, contaminated
trace_3.2_fail, 2625656D-5F85-B24C-2761-215B70F319F0, firefox, 2018-04-10 09:41:54, contaminated
trace_3.2_fail, 429C2E78-30A5-E548-D394-5908AD6AE4DE, firefox, 2018-04-10 09:41:54, contaminated
trace_3.2_fail, 02D2D73D-3AF0-4DB2-1609-24B28A61DF0A, firefox, 2018-04-10 09:41:54, contaminated
trace_3.2_fail, 41826D89-8FF1-ABFA-D904-D287A20B3D79, firefox, 2018-04-10 09:41:54, contaminated
trace_3.2_fail, F119BB00-88B0-8284-6A57-1673DF005C1A, firefox, 2018-04-10 09:41:54, contaminated
trace_3.2_fail, C65A26FA-71B3-6ED8-EF73-2C5C3399F7F1, firefox, 2018-04-10 09:41:54, contaminated
trace_3.2_fail, 36D0E2C8-6E12-6FAA-F928-DCF3F1EEDB67, firefox, 2018-04-10 09:41:54, contaminated
trace_3.2_fail, 1F7C278D-DC3A-9D9D-77A5-157843D18066, firefox, 2018-04-10 09:41:54, contaminated
trace_3.2_fail, A3FBD9B3-9691-4C30-EA0C-9259B7F3107B, firefox, 2018-04-10 09:41:54, contaminated
trace_3.2_fail, 3CCB9690-1AFE-5830-7AFA-7498175C6A8D, firefox, 2018-04-10 09:41:54, contaminated
trace_3.2_fail, 329F7363-40FD-64A0-E51E-8F7166CA41E0, firefox, 2018-04-10 09:41:54, contaminated
trace_3.2_fail, 0B993E7E-D353-6E90-2403-0844095B0BFB, firefox, 2018-04-10 09:41:54, contaminated
trace_3.2_fail, FFFE2290-4157-7FFC-FC42-8A14A845A431, firefox, 2018-04-10 09:41:54, contaminated
trace_3.2_fail, 8ACE5C8D-DD30-7F84-38C1-DE52C30B33FE, firefox, 2018-04-10 09:41:54, contaminated
trace_3.2_fail, 6A9F5297-F195-41FD-49B1-7FD30C891263, firefox, 2018-04-10 09:41:54, contaminated
trace_3.2_fail, E2C822FD-319B-50A2-C558-7729189C9890, firefox, 2018-04-10 09:41:54, contaminated
trace_3.2_fail, 2A51AB4D-31E6-68C0-504F-503651CD8585, firefox, 2018-04-10 09:41:54, contaminated
trace_3.2_fail, C8687CE0-04D1-9EF6-82F9-305B8C0BA38D, firefox, 2018-04-10 09:41:54, contaminated
trace_3.2_fail, 238C4460-B18F-06B3-9EEB-17CE7984F115, firefox, 2018-04-10 09:41:54, contaminated
trace_3.2_fail, 667B5E1D-C66C-6C9E-71D8-9CDC09C452AF, firefox, 2018-04-10 09:41:54, contaminated
trace_3.2_fail, C363E2A7-2359-0D96-4C0C-79A41BB7C0D1, firefox, 2018-04-10 09:41:54, contaminated
trace_3.2_fail, 984C0942-E46B-4060-6A99-AB46211E46EE, firefox, 2018-04-10 09:41:54, contaminated
trace_3.2_fail, 58BF8806-54FB-348C-1B81-4BE0D076A435, firefox, 2018-04-10 09:41:54, contaminated
trace_3.2_fail, 6F4C9657-DBB7-5F42-EA90-00C57EC39352, firefox, 2018-04-10 09:41:54, contaminated
trace_3.2_fail, 383B6A0A-B496-B8B1-81E1-FCB01061F5CC, firefox, 2018-04-10 09:41:54, contaminated
trace_3.2_fail, 358AE9B0-1038-B606-9DB2-57FA66356769, firefox, 2018-04-10 09:41:54, contaminated
trace_3.2_fail, A400E425-F22D-7BDD-DBC1-1BC1D96D4BD0, firefox, 2018-04-10 09:41:54, contaminated
trace_3.2_fail, 469886F1-936D-C7F2-C15B-10DC47A9D207, firefox, 2018-04-10 09:41:54, contaminated
trace_3.2_fail, 94484C07-93A1-8796-3EF5-EF1627AAD23F, firefox, 2018-04-10 09:41:54, contaminated
trace_3.2_fail, 0A0B9255-8207-EEA0-118B-88C25F0627E4, firefox, 2018-04-10 09:41:54, contaminated
trace_3.2_fail, AB0EA9A8-F4A3-D196-ECD6-B80DC98DC3F0, firefox, 2018-04-10 09:41:54, contaminated
trace_3.2_fail, DE1F46BC-1938-3E5F-4CFA-37105AA8E4AF, firefox, 2018-04-10 09:41:54, contaminated
trace_3.2_fail, F58DA976-4F3E-B20C-E9E2-3D826D0BBBDB, firefox, 2018-04-10 09:41:54, contaminated
trace_3.2_fail, B2363C48-C687-011D-100E-D4255F1C0EC0, firefox, 2018-04-10 09:41:54, contaminated
trace_3.2_fail, 51384D7C-A6F6-D33C-C840-DCD9A58E6BC7, firefox, 2018-04-10 09:41:54, contaminated
trace_3.2_fail, 6F5622C1-F61D-411C-1112-BF620EDC07ED, firefox, 2018-04-10 09:41:54, contaminated
trace_3.2_fail, A92B22DA-E0A1-AB64-4A5D-DB4922DD7F0B, firefox, 2018-04-10 09:41:54, contaminated
trace_3.2_fail, 3D64644F-FA79-F12E-3920-7A95EFE01A63, firefox, 2018-04-10 09:41:54, contaminated
trace_3.2_fail, 99E0D885-FAB3-2893-53E1-C9DD791BB1B5, firefox, 2018-04-10 09:41:54, contaminated
trace_3.2_fail, 8D9CE801-4FD4-81C4-7424-572A12F65C14, firefox, 2018-04-10 09:41:54, contaminated
trace_3.2_fail, 74B06B4C-BE67-2D45-673C-6BFCD6911D6C, firefox, 2018-04-10 09:41:54, contaminated
trace_3.2_fail, C3FF5B06-5688-FF0D-92D6-C1B28E50D54F, firefox, 2018-04-10 09:41:54, contaminated
trace_3.2_fail, 73BCD3F4-2BE7-C95D-7C99-145DA2F33B63, firefox, 2018-04-10 09:41:54, contaminated
trace_3.2_fail, 7D334359-C00A-66B3-B872-5A61D1FDBB5D, firefox, 2018-04-10 09:41:54, contaminated
trace_3.2_fail, A6BA4780-B165-022C-B292-9BEC43D7ED68, firefox, 2018-04-10 09:41:54, contaminated
trace_3.2_fail, 6BEC0203-027B-EDEB-E234-98BBD599CFA2, firefox, 2018-04-10 09:41:54, contaminated
trace_3.2_fail, C3293495-36F3-4B32-963D-7E3C88D61D5D, firefox, 2018-04-10 09:41:54, contaminated
trace_3.2_fail, BCE5874A-EA96-8074-8017-1822197DB98B, firefox, 2018-04-10 09:41:54, contaminated
trace_3.2_fail, 4AEA48F6-311F-EB8B-1A5D-6E87E13DE9D8, firefox, 2018-04-10 09:41:54, contaminated
trace_3.2_fail, EBAACDC9-8F93-1CA6-BE06-032ECC61BE09, firefox, 2018-04-10 09:41:54, contaminated
trace_3.2_fail, E511B842-6B89-3A1E-107A-0BE4D3B5C11A, firefox, 2018-04-10 09:41:54, contaminated
trace_3.2_fail, AD780D0A-CE3C-8371-02A9-9C0561A2C2EF, firefox, 2018-04-10 09:41:54, contaminated
trace_3.2_fail, 9CC84F3E-9821-35F0-8BC0-841968964698, firefox, 2018-04-10 09:41:54, contaminated
trace_3.2_fail, C1E132B2-8FA5-9748-40CE-159235064FD6, firefox, 2018-04-10 09:41:54, contaminated
trace_3.2_fail, 38A50D38-F6DF-51E0-55AB-6B29EF6B51F2, firefox, 2018-04-10 09:41:54, contaminated
trace_3.2_fail, 68A3D44B-AB89-9797-E7DD-66CEFFDCDA8A, firefox, 2018-04-10 09:41:54, contaminated
trace_3.2_fail, 7E10C463-AFF0-B2E6-FCF4-8EB9FAABF476, firefox, 2018-04-10 09:41:54, contaminated
trace_3.2_fail, B1C27EB6-8878-9FD2-3773-91D3825D1690, firefox, 2018-04-10 09:41:54, contaminated
trace_3.2_fail, DE38CB1C-BD18-7088-D829-3DA403FDDC10, firefox, 2018-04-10 09:41:54, contaminated
trace_3.2_fail, D14096CE-B789-E4F9-C6E4-E11337EC0972, firefox, 2018-04-10 09:41:54, contaminated
trace_3.2_fail, DD907A50-7C0E-E030-FC46-0B5D44165F6A, firefox, 2018-04-10 09:41:54, contaminated
trace_3.2_fail, 76A98214-6990-6B2F-103C-A91A35BC418B, firefox, 2018-04-10 09:41:54, contaminated
trace_3.2_fail, 49299FFF-415E-B6AC-7EE9-3AAD97FA6D8F, firefox, 2018-04-10 09:41:54, contaminated
trace_3.2_fail, 103F16B4-968F-C087-4733-53ED4AAB84E6, firefox, 2018-04-10 09:41:54, contaminated
trace_3.2_fail, 8BA16A60-E30E-023E-5CCD-D7BEE3564A27, firefox, 2018-04-10 09:41:54, contaminated
trace_3.2_fail, BB2B353B-E886-FB65-B853-B2277B3678EF, firefox, 2018-04-10 09:41:54, contaminated
trace_3.2_fail, 0F3E334E-69D8-357F-7834-97F5B5134655, firefox, 2018-04-10 09:41:54, contaminated
trace_3.2_fail, 180CFF95-774A-0B88-6F37-7E74E14AAEF1, firefox, 2018-04-10 09:41:54, contaminated
trace_3.2_fail, 0EEDA048-07D0-CCEF-15AE-7B44B8C5723C, firefox, 2018-04-10 09:41:54, contaminated
trace_3.2_fail, D52DC348-B606-42F1-2A7B-9C72E7C5615D, firefox, 2018-04-10 09:41:54, contaminated
trace_3.2_fail, 8AB465D5-184F-A959-A2AD-022431B2DAF6, firefox, 2018-04-10 09:41:54, contaminated
trace_3.2_fail, 0644CC6C-DDA7-0B09-5AC2-C24618974225, firefox, 2018-04-10 09:41:54, contaminated
trace_3.2_fail, 68E6CAB5-51A6-D534-1D8B-EBA3687C5A84, firefox, 2018-04-10 09:41:54, contaminated
trace_3.2_fail, 3903187C-1945-6985-806B-6E31B9872E46, firefox, 2018-04-10 09:41:54, contaminated
trace_3.2_fail, 61BBCB34-A442-232C-8687-EDA4F89FAF24, firefox, 2018-04-10 09:41:54, contaminated
trace_3.2_fail, A3FBD8EB-84A5-C3E9-0160-19D2E17478D1, firefox, 2018-04-10 09:41:54, contaminated
trace_3.2_fail, AAD548E8-4206-3750-6A1F-612A45B149DB, firefox, 2018-04-10 09:41:54, contaminated
trace_3.2_fail, 4FD17A3E-21C8-359D-4E94-51FDDBACDE88, firefox, 2018-04-10 09:41:54, contaminated
trace_3.2_fail, 6EEB0F82-9177-C628-2D48-117383C76480, firefox, 2018-04-10 09:41:54, contaminated
trace_3.2_fail, EA96D0BE-CAED-B419-01FB-2DA42092759B, firefox, 2018-04-10 09:41:54, contaminated
trace_3.2_fail, E2C7F1AE-4974-DEC2-C682-BC595DB831FE, firefox, 2018-04-10 09:41:54, contaminated
trace_3.2_fail, 4B9652DF-6D84-5AEA-81C2-F81B4CC21D6D, firefox, 2018-04-10 09:41:54, contaminated
trace_3.2_fail, 54DEB73F-9D0D-3F41-EF33-728AA2A72CD3, firefox, 2018-04-10 09:41:54, contaminated
trace_3.2_fail, 55B334F0-2257-0832-5BC0-4E17B1CFA47D, firefox, 2018-04-10 09:41:54, contaminated
trace_3.2_fail, 285163EE-A515-78EC-4C4B-0B43EB2ADE46, firefox, 2018-04-10 09:41:54, contaminated
trace_3.2_fail, 11EC5EF5-328F-E4C7-98A7-437397053AC7, firefox, 2018-04-10 09:41:54, contaminated
trace_3.2_fail, 28E26BE6-58F0-583D-7231-6E5F7F03733F, firefox, 2018-04-10 09:41:54, contaminated
trace_3.2_fail, B1AD13F4-5D2E-4628-5B18-D4608716E1C2, firefox, 2018-04-10 09:41:54, contaminated
trace_3.2_fail, F8AA0E0B-A619-954A-B6B3-4948A69E0C90, firefox, 2018-04-10 09:41:54, contaminated
trace_3.2_fail, 1E928CA0-3CF1-1CFF-C426-74264349433F, firefox, 2018-04-10 09:41:54, contaminated
trace_3.2_fail, 56A74CD8-14E0-9C6E-C626-A3EC1C17FE20, firefox, 2018-04-10 09:41:54, contaminated
trace_3.2_fail, D5E7FAA1-EF00-78F3-471F-60BF37F19507, firefox, 2018-04-10 09:41:54, contaminated
trace_3.2_fail, 61DF1CF9-E1D4-A594-DEC4-30F1FBF2F321, firefox, 2018-04-10 09:41:54, contaminated
trace_3.2_fail, 04B90FFD-757C-3E74-C213-432EDF24D0C1, firefox, 2018-04-10 09:41:54, contaminated
trace_3.2_fail, 5D9180E4-5E4B-5C39-797C-818DF462B38C, firefox, 2018-04-10 09:41:54, contaminated
trace_3.2_fail, A6237E6E-62E5-9111-AD5C-2C6392448C4B, firefox, 2018-04-10 09:41:54, contaminated
trace_3.2_fail, 63635656-62C8-2288-08AE-647B474B72B5, firefox, 2018-04-10 09:41:54, contaminated
trace_3.2_fail, ABD1EE0C-BC4E-5A46-A9C9-08BC1AB549EF, firefox, 2018-04-10 09:41:54, contaminated
trace_3.2_fail, 2319FB4E-717D-1AE4-4D5E-38C3867074AA, firefox, 2018-04-10 09:41:54, contaminated
trace_3.2_fail, 01AB1A3C-8DA8-FD88-85CE-25F505D1AE2B, firefox, 2018-04-10 09:41:54, contaminated
trace_3.2_fail, 0DE39593-14AA-D5D7-25A8-54E69623D715, firefox, 2018-04-10 09:41:54, contaminated
trace_3.2_fail, 8C04EF47-BF35-5732-0D6E-DBE26393C3E2, firefox, 2018-04-10 09:41:54, contaminated
trace_3.2_fail, FA2E4CC0-EE3B-B065-C1DD-3C105DD4A0A7, firefox, 2018-04-10 09:41:54, contaminated
trace_3.2_fail, 0ACE7405-785F-58FE-EBFE-822B25B0B558, firefox, 2018-04-10 09:41:54, contaminated
trace_3.2_fail, 48B454AA-267F-34B1-4FCE-E22E5F625440, firefox, 2018-04-10 09:41:54, contaminated
trace_3.2_fail, 750AA7BF-0F23-5009-4654-F3EE861F5167, firefox, 2018-04-10 09:41:54, contaminated
trace_3.2_fail, 694A8DA0-DE8A-BB2A-5C93-594FB473BC72, firefox, 2018-04-10 09:41:54, contaminated
trace_3.2_fail, 6CFAAD7D-FCDF-03E7-242F-299924E8C9A0, firefox, 2018-04-10 09:41:54, contaminated
trace_3.2_fail, AFE9B10E-320C-942B-FE2D-EA0185182460, firefox, 2018-04-10 09:41:54, contaminated
trace_3.2_fail, D478957B-10B8-5B00-59F0-80D2C5B0A114, firefox, 2018-04-10 09:41:54, contaminated
trace_3.2_fail, 7F87720D-B7C7-DD87-FB44-68C8A139070B, firefox, 2018-04-10 09:41:54, contaminated
trace_3.2_fail, FFDB76B8-EDF2-2E66-FEAC-EEF3133E58FC, firefox, 2018-04-10 09:41:54, contaminated
trace_3.2_fail, 0A2701D9-CBE8-DFD4-8216-AFFC9CB41F19, firefox, 2018-04-10 09:41:54, contaminated
trace_3.2_fail, 402CC141-295E-3C0D-7DDC-B4CB7969F1B8, firefox, 2018-04-10 09:41:54, contaminated
trace_3.2_fail, 73026C0A-0E26-D7C3-8570-BC542868AB4A, firefox, 2018-04-10 09:41:54, contaminated
trace_3.2_fail, AFB51CF9-D8E5-614A-3DC8-CFD6A1EDAAAD, firefox, 2018-04-10 09:41:54, contaminated
trace_3.2_fail, F5EC1AE2-BEDE-B88B-C40B-490B3BD99FA1, firefox, 2018-04-10 09:41:54, contaminated
trace_3.2_fail, 8EFBFF01-6DF0-8068-1E3C-7AB3B6596196, firefox, 2018-04-10 09:41:54, contaminated
trace_3.2_fail, 39D458DC-8660-F8C6-7976-62A898BEC999, firefox, 2018-04-10 09:41:54, contaminated
trace_3.2_fail, D53594D1-2E9D-5CC4-FFCF-6785836347E0, firefox, 2018-04-10 09:41:54, contaminated
trace_3.2_fail, 4337916E-C274-0646-817F-B40600ECBEE1, firefox, 2018-04-10 09:41:54, contaminated
trace_3.2_fail, 201D9FED-B8EF-EFF0-0DDD-163FA22BAC10, firefox, 2018-04-10 09:41:54, contaminated
trace_3.2_fail, 1B34874B-2FDE-8336-35DF-FA3616316147, firefox, 2018-04-10 09:41:54, contaminated
trace_3.2_fail, F459E4B8-6A09-A4FA-B2AC-8369C1E79A35, firefox, 2018-04-10 09:41:54, contaminated
trace_3.2_fail, 5FA25C78-84BC-189D-10CA-E76D8FFA9D74, firefox, 2018-04-10 09:41:54, contaminated
trace_3.2_fail, BF4CE127-56C6-5BA1-F3F4-4A2735CA020D, firefox, 2018-04-10 09:41:54, contaminated
trace_3.2_fail, 020F6A77-EC3C-D359-69FE-612DF78E9CC7, firefox, 2018-04-10 09:41:54, contaminated
trace_3.2_fail, C348368F-0E3D-3D73-CF32-224827E8BBE9, firefox, 2018-04-10 09:41:54, contaminated
trace_3.2_fail, 95629916-4C73-AEE0-C98E-35F134167464, firefox, 2018-04-10 09:41:54, contaminated
trace_3.2_fail, 05EDC595-02F6-1881-4491-DF93AA9A4EE3, firefox, 2018-04-10 09:41:54, contaminated
trace_3.2_fail, C7A0A61A-183F-035D-0966-0E4878A5F8F9, firefox, 2018-04-10 09:41:54, contaminated
trace_3.2_fail, 485CFCA2-CA0B-A2E6-AFDC-425EE3EB4C17, firefox, 2018-04-10 09:41:54, contaminated
trace_3.2_fail, A1A311D9-BAE1-D12B-20EA-1E18F6DA50FD, firefox, 2018-04-10 09:41:54, contaminated
trace_3.2_fail, 4FEC1542-810B-2A60-4A87-72AF3E239E30, firefox, 2018-04-10 09:41:54, contaminated
trace_3.2_fail, D51290DE-D530-1CB7-F82E-5B4DC4195054, firefox, 2018-04-10 09:41:54, contaminated
trace_3.2_fail, 482E8487-2525-953A-364C-3DD6F6CB89E5, firefox, 2018-04-10 09:41:54, contaminated
trace_3.2_fail, 3786ED5C-EF6E-B90B-15D3-BC1C40772B7D, firefox, 2018-04-10 09:41:54, contaminated
trace_3.2_fail, 929F2A20-2E1E-2E10-3187-AEE753D76EF5, firefox, 2018-04-10 09:41:54, contaminated
trace_3.2_fail, CFFFDF46-5C6E-B61E-4176-68FFDBFF178F, firefox, 2018-04-10 09:41:54, contaminated
trace_3.2_fail, F5BCDF7F-D5A5-70BD-286E-1CE1FB61AC76, firefox, 2018-04-10 09:41:54, contaminated
trace_3.2_fail, B1AF01CA-9F9F-4327-4D96-0429C4C27081, firefox, 2018-04-10 09:41:54, contaminated
trace_3.2_fail, 699FDD6E-5EB5-3ECC-DB8D-59622DED0C86, firefox, 2018-04-10 09:41:54, contaminated
trace_3.2_fail, 26CB73ED-6D0A-EDEE-9234-BD42C24810BD, firefox, 2018-04-10 09:41:54, contaminated
trace_3.2_fail, 571C1A8B-A15B-4CD8-0EBB-4A390B7B1A80, firefox, 2018-04-10 09:41:54, contaminated
trace_3.2_fail, 44614435-E336-E45C-719B-2E92DF368D53, firefox, 2018-04-10 09:41:54, contaminated
trace_3.2_fail, 676182CA-03E7-316C-1D0A-2A5DE1295F79, firefox, 2018-04-10 09:41:54, contaminated
trace_3.2_fail, 6F2908DA-6468-8444-26D2-7B68E95EDBD2, firefox, 2018-04-10 09:41:54, contaminated
trace_3.2_fail, B4DBDBC4-FB0C-7FA0-6AC9-4ED17377653A, firefox, 2018-04-10 09:41:54, contaminated
trace_3.2_fail, 43287752-D1FD-FAEA-BE14-A15EF27201AC, firefox, 2018-04-10 09:41:54, contaminated
trace_3.2_fail, 88DA1F40-632F-65F8-11A4-33C0772F9AD1, firefox, 2018-04-10 09:41:54, contaminated
trace_3.2_fail, EB269FBA-5946-ECF3-35C5-E4DC87055CA5, firefox, 2018-04-10 09:41:54, contaminated
trace_3.2_fail, 5E76B2DA-5931-6E9B-0633-6758587A9FEF, firefox, 2018-04-10 09:41:54, contaminated
trace_3.2_fail, BBFAF546-C3D8-352A-0408-181DD9D59515, firefox, 2018-04-10 09:41:54, contaminated
trace_3.2_fail, 55E4B719-4D0C-D540-3C25-8B63B377080B, firefox, 2018-04-10 09:41:54, contaminated
trace_3.2_fail, ED8ED123-7B04-7FF5-51D6-F5EBCC959390, firefox, 2018-04-10 09:41:54, contaminated
trace_3.2_fail, 5E6050D2-497F-0481-4EE1-EF0A6688D54A, firefox, 2018-04-10 09:41:54, contaminated
trace_3.2_fail, 8BDE242C-8F21-06FB-2FC3-08AF08CFCD4D, firefox, 2018-04-10 09:41:54, contaminated
trace_3.2_fail, B699C138-58A2-E9D2-E107-EBDF8702B104, firefox, 2018-04-10 09:41:54, contaminated
trace_3.2_fail, 4366AF7E-8099-648F-3B1A-3E963601CBB9, firefox, 2018-04-10 09:41:54, contaminated
trace_3.2_fail, 394FC152-0B86-B0EE-00DA-411F40D4854D, firefox, 2018-04-10 09:41:54, contaminated
trace_3.2_fail, 523D4B44-F5BA-7295-CD8A-5AB2446B3A7F, firefox, 2018-04-10 09:41:54, contaminated
trace_3.2_fail, 25DE76B2-86AF-C186-E71F-695D9A8AC093, firefox, 2018-04-10 09:41:54, contaminated
trace_3.2_fail, 9DCC296B-7913-06D3-254D-79FF4D9C9F06, firefox, 2018-04-10 09:41:54, contaminated
trace_3.2_fail, 9A406EEF-93CC-E8AE-A20D-C556040CE740, firefox, 2018-04-10 09:41:54, contaminated
trace_3.2_fail, 614753D3-61A5-40B1-6D74-45DAEA1886BF, firefox, 2018-04-10 09:41:54, contaminated
trace_3.2_fail, A14559F8-6050-7340-B3DA-1394AB9BC9E1, firefox, 2018-04-10 09:41:54, contaminated
trace_3.2_fail, 307EF8B7-8359-6032-351D-2F9C1BCB558A, firefox, 2018-04-10 09:41:54, contaminated
trace_3.2_fail, 2C84A81D-D3C6-39B4-C92B-D2E834872C5F, firefox, 2018-04-10 09:41:54, contaminated
trace_3.2_fail, 37A21A8F-D336-27D2-B7F4-2DB04DCE61CE, firefox, 2018-04-10 09:41:54, contaminated
trace_3.2_fail, 3367F3E5-98C9-548F-3622-1A89645BBDFD, firefox, 2018-04-10 09:41:54, contaminated
trace_3.2_fail, 27EA1E43-5542-877A-E197-3EBEC966AEA3, firefox, 2018-04-10 09:41:54, contaminated
trace_3.2_fail, 406E1E15-AF84-3BB4-D0BB-60C3D1A0C5F4, firefox, 2018-04-10 09:41:54, contaminated
trace_3.2_fail, BA18FBDE-34E4-D553-50A5-B8C3695F6C32, firefox, 2018-04-10 09:41:54, contaminated
trace_3.2_fail, 1C6C95DE-DBB2-7C3F-28EF-63D863E0D4ED, firefox, 2018-04-10 09:41:54, contaminated
trace_3.2_fail, 75536B1A-A2F8-AB03-71C9-D385003CB9B4, firefox, 2018-04-10 09:41:54, contaminated
trace_3.2_fail, E8FEACF2-BDF8-A7D3-D667-8631DEBCA87C, firefox, 2018-04-10 09:41:54, contaminated
trace_3.2_fail, 89654DAC-CF57-07A7-BDF6-C0F6D35C817E, firefox, 2018-04-10 09:41:54, contaminated
trace_3.2_fail, 1F7D7D4A-3E98-AF79-47CA-E45054F9EE1D, firefox, 2018-04-10 09:41:54, contaminated
trace_3.2_fail, D3343575-1B4B-1E77-546E-CC7696A2B0C4, firefox, 2018-04-10 09:41:54, contaminated
trace_3.2_fail, A23D3CEF-E496-8620-81AA-2AB99C57E57F, firefox, 2018-04-10 09:41:54, contaminated
trace_3.2_fail, 984391BF-3864-B6BB-9A0A-83FD17D1B907, firefox, 2018-04-10 09:41:54, contaminated
trace_3.2_fail, 23C9C2BD-DA11-70D7-8EA0-F64A1C8E3AFC, firefox, 2018-04-10 09:41:54, contaminated
trace_3.2_fail, 47A98DF6-4D17-2C0C-FAB8-D17D974F9E29, firefox, 2018-04-10 09:41:54, contaminated
trace_3.2_fail, C4947A11-595E-BFB6-FB90-76FFE0F25587, firefox, 2018-04-10 09:41:54, contaminated
trace_3.2_fail, FE5964F2-5A6A-3DCC-EF83-60EE7A6DD0A6, firefox, 2018-04-10 09:41:54, contaminated
trace_3.2_fail, F1B8DB27-95DF-C825-5FD9-487A9F59448B, firefox, 2018-04-10 09:41:54, contaminated
trace_3.2_fail, 38804C54-0CB9-F3F6-0882-CDAE7C987185, firefox, 2018-04-10 09:41:54, contaminated
trace_3.2_fail, 9781C31D-2543-CA94-26A6-7326E90B6CCC, firefox, 2018-04-10 09:41:54, contaminated
trace_3.2_fail, EEE66F74-A60D-4C33-4125-B8A8C70D90D7, firefox, 2018-04-10 09:41:54, contaminated
trace_3.2_fail, 23D23B31-967E-0443-61C3-91A81D567F99, firefox, 2018-04-10 09:41:54, contaminated
trace_3.2_fail, 73DA7A05-3D39-A551-3A40-0605CEB35EBF, firefox, 2018-04-10 09:41:54, contaminated
trace_3.2_fail, 247C3572-7B3A-9BB0-1231-F6BD08845D1F, firefox, 2018-04-10 09:41:54, contaminated
trace_3.2_fail, 7DBE37B4-06A3-94CE-51DD-2533EAC5F62B, firefox, 2018-04-10 09:41:54, contaminated
trace_3.2_fail, 90F6D2DE-78AD-3515-EFE9-C485E6263D7C, firefox, 2018-04-10 09:41:54, contaminated
trace_3.2_fail, A2BA42CE-E9E6-188B-4D2A-5675DE2C7588, firefox, 2018-04-10 09:41:54, contaminated
trace_3.2_fail, 317D7428-0454-A297-7480-8DDE755BF2B5, firefox, 2018-04-10 09:41:54, contaminated
trace_3.2_fail, 6E1C0A3A-126A-0E6D-D3FB-99C622639F29, firefox, 2018-04-10 09:41:54, contaminated
trace_3.2_fail, 4922A662-D8C9-D8B1-C447-C59B402B6563, firefox, 2018-04-10 09:41:54, contaminated
trace_3.2_fail, 388EB603-79D0-1A6D-19ED-E40012201A5E, firefox, 2018-04-10 09:41:54, contaminated
trace_3.2_fail, F686EED0-E121-B7CE-6187-A6B74828C8E6, firefox, 2018-04-10 09:41:54, contaminated
trace_3.2_fail, B0F2A6DE-9241-3361-E711-E2E6C87CB968, firefox, 2018-04-10 09:41:54, contaminated
trace_3.2_fail, 7FBE6040-C5C6-DE2E-4FC3-AA32EE9BDFC9, firefox, 2018-04-10 09:41:54, contaminated
trace_3.2_fail, 5DA6E649-C198-097E-783C-E84EE1BF1CA1, firefox, 2018-04-10 09:41:54, contaminated
trace_3.2_fail, F814C115-1EEC-207D-858E-9A07DA629A83, firefox, 2018-04-10 09:41:54, contaminated
trace_3.2_fail, 5A5F2D33-C721-6A6C-A324-62C0813E10F6, firefox, 2018-04-10 09:41:54, contaminated
trace_3.2_fail, 08A031AB-117B-C1FF-6890-0EE0CB9E0B65, firefox, 2018-04-10 09:41:54, contaminated
trace_3.2_fail, 38954B4B-B6A1-32DA-5545-4FB6BED92663, firefox, 2018-04-10 09:41:54, contaminated
trace_3.2_fail, E5B6E297-E5F2-C2A7-4FEA-B22AC018447D, firefox, 2018-04-10 09:41:54, contaminated
trace_3.2_fail, AC14EFB7-1D05-EAF4-4BB3-C377B8BE4DBA, firefox, 2018-04-10 09:41:54, contaminated
trace_3.2_fail, 37711413-DC2B-E3C9-4177-EE659C3D08D7, firefox, 2018-04-10 09:41:54, contaminated
trace_3.2_fail, 82B0D8F7-98E9-EBC3-DE62-5EFE4C0C54CD, firefox, 2018-04-10 09:41:54, contaminated
trace_3.2_fail, 189CF23F-04BF-878A-A609-A03658C0EA34, firefox, 2018-04-10 09:41:54, contaminated
trace_3.2_fail, 560CB422-685D-185E-F493-78BE5C05B9BF, firefox, 2018-04-10 09:41:54, contaminated
trace_3.2_fail, AB577BB0-EC1C-9F94-6594-59C5BDBD7041, firefox, 2018-04-10 09:41:54, contaminated
trace_3.2_fail, 1F1AFC1B-4C23-8664-C7B0-504075B51984, firefox, 2018-04-10 09:41:54, contaminated
trace_3.2_fail, 65338891-F3B5-9B70-8B0F-494FEF974F53, firefox, 2018-04-10 09:41:54, contaminated
trace_3.2_fail, 69B6E2C7-3C08-3987-1254-6D97EECB5714, firefox, 2018-04-10 09:41:54, contaminated
trace_3.2_fail, AF31C6A9-BD30-AEC8-F2EF-DCA18126F94F, firefox, 2018-04-10 09:41:54, contaminated
trace_3.2_fail, 9BA414FE-CB8E-9C92-8841-CD64640DC967, firefox, 2018-04-10 09:41:54, contaminated
trace_3.2_fail, 63A3C413-59BF-18FF-B837-5001042C654F, firefox, 2018-04-10 09:41:54, contaminated
trace_3.2_fail, 88089984-96D2-E66B-8C0F-A43839822CE7, firefox, 2018-04-10 09:41:54, contaminated
trace_3.2_fail, 2944E66A-10D4-5CDD-E95A-907A3C7A8026, firefox, 2018-04-10 09:41:54, contaminated
trace_3.2_fail, 456FEEE4-282C-1B1A-545D-5B92BAFC90D1, firefox, 2018-04-10 09:41:54, contaminated
trace_3.2_fail, C1F200E6-6D4F-F52A-A38B-E1BC4A1D3CAD, firefox, 2018-04-10 09:41:54, contaminated
trace_3.2_fail, 041B98B0-C423-5A52-BA46-2D4F7EAB74E5, firefox, 2018-04-10 09:41:54, contaminated
trace_3.2_fail, 928FE32E-A779-EB11-27DC-A19674E1C842, firefox, 2018-04-10 09:41:54, contaminated
trace_3.2_fail, 01C9267E-50B8-737D-1B58-E543F68AFA8A, firefox, 2018-04-10 09:41:54, contaminated
trace_3.2_fail, AA5020CC-5E1B-1A80-D943-79C6AC6B6D2E, firefox, 2018-04-10 09:41:54, contaminated
trace_3.2_fail, 6E98BC2A-6379-55D7-FF07-EEE8006A2B69, firefox, 2018-04-10 09:41:54, contaminated
trace_3.2_fail, 7BC6AAA6-3E56-D7A8-38ED-04551C8F7C9B, firefox, 2018-04-10 09:41:54, contaminated
trace_3.2_fail, 790E3206-4011-D3E0-041A-A513C7655F38, firefox, 2018-04-10 09:41:54, contaminated
trace_3.2_fail, 7404D7FE-B104-9851-7057-F2961C49C208, firefox, 2018-04-10 09:41:54, contaminated
trace_3.2_fail, DF66505B-884F-7D92-FD7F-837F2706C552, firefox, 2018-04-10 09:41:54, contaminated
trace_3.2_fail, C7C610A9-A1CA-F748-1002-115C50907247, firefox, 2018-04-10 09:41:54, contaminated
trace_3.2_fail, 2CA3B9E2-D766-E95B-7B81-B43BBCCC7E65, firefox, 2018-04-10 09:41:54, contaminated
trace_3.2_fail, 4586C0DD-C6A9-233D-E4D7-17E6D571DE3F, firefox, 2018-04-10 09:41:54, contaminated
trace_3.2_fail, ADF24559-5BEB-2CBE-F1A6-94DAAF7CDADE, firefox, 2018-04-10 09:41:54, contaminated
trace_3.2_fail, C4459DDB-E7D9-1360-BAA8-100813B5001E, firefox, 2018-04-10 09:41:54, contaminated
trace_3.2_fail, 3011662C-D95D-B060-A512-439FC0D212DF, firefox, 2018-04-10 09:41:54, contaminated
trace_3.2_fail, 7FA8FF7B-B1F7-5F05-2B75-625A9316E262, firefox, 2018-04-10 09:41:54, contaminated
trace_3.2_fail, 6727A71B-8816-2760-AD07-5F5A8E6AF4B4, firefox, 2018-04-10 09:41:54, contaminated
trace_3.2_fail, C1E522DA-72E2-EF3E-45A5-03298E803347, firefox, 2018-04-10 09:41:54, contaminated
trace_3.2_fail, BC601249-211A-91C9-8521-F768B9932398, firefox, 2018-04-10 09:41:54, contaminated
trace_3.2_fail, 949CC893-2A90-BF12-5355-40CF5D34BC06, firefox, 2018-04-10 09:41:54, contaminated
trace_3.2_fail, 516AAC93-DC13-4C2E-9CBB-A7D5CA2489AC, firefox, 2018-04-10 09:41:54, contaminated
trace_3.2_fail, 4C705000-3A4E-CA3F-84B5-495B33423623, firefox, 2018-04-10 09:41:54, contaminated
trace_3.2_fail, D33E8399-8DB4-4FD8-BEB8-883E3CAB8820, firefox, 2018-04-10 09:41:54, contaminated
trace_3.2_fail, 56E0553B-5BC4-2747-EC23-49C6C8BFEA21, firefox, 2018-04-10 09:41:54, contaminated
trace_3.2_fail, 4A63961B-FC81-EB04-436C-958C43E9E743, firefox, 2018-04-10 09:41:54, contaminated
trace_3.2_fail, 1720C635-85A8-F731-4E34-14C7FC34FE1F, firefox, 2018-04-10 09:41:54, contaminated
trace_3.2_fail, E391906E-3CE1-71E6-3309-453FD41EAE13, firefox, 2018-04-10 09:41:54, contaminated
trace_3.2_fail, DA5636F1-81F5-A3DC-91B8-D5FF578C42AB, firefox, 2018-04-10 09:41:54, contaminated
trace_3.2_fail, 19EEDCDF-CE92-7D87-603D-A38DCAC2E4A0, firefox, 2018-04-10 09:41:54, contaminated
trace_3.2_fail, 3DD48491-4423-61A7-8F84-16932721D109, firefox, 2018-04-10 09:41:54, contaminated
trace_3.2_fail, B2EE7108-072A-AE84-F16A-10CA5A973D17, firefox, 2018-04-10 09:41:54, contaminated
trace_3.2_fail, AEAC0AFE-F53F-9EF4-7169-AC460D6B40BD, firefox, 2018-04-10 09:41:54, contaminated
trace_3.2_fail, C860908B-5F70-D8AD-4048-08240DD7ED0C, firefox, 2018-04-10 09:41:54, contaminated
trace_3.2_fail, 418D0A6C-D87F-32B5-3BD8-ED42BD678C0A, firefox, 2018-04-10 09:41:54, contaminated
trace_3.2_fail, B88AA264-4262-6975-DD63-23958C6991BD, firefox, 2018-04-10 09:41:54, contaminated
trace_3.2_fail, 5A96EEC9-B032-F782-ED18-E5AAF84C2150, firefox, 2018-04-10 09:41:54, contaminated
trace_3.2_fail, A92F34EE-8059-91A4-C604-5DEBC9AA86D2, firefox, 2018-04-10 09:41:54, contaminated
trace_3.2_fail, 77F58B11-9F2A-33F0-3304-796165406888, firefox, 2018-04-10 09:41:54, contaminated
trace_3.2_fail, 14B6EA8A-09D1-0F3C-E3F0-A121BF83A80D, firefox, 2018-04-10 09:41:54, contaminated
trace_3.2_fail, E3680E40-7DEC-C451-8907-6355B5C18873, firefox, 2018-04-10 09:41:54, contaminated
trace_3.2_fail, 0F8A25A9-4306-F1B6-3DE1-C0542A7CCE3B, firefox, 2018-04-10 09:41:54, contaminated
trace_3.2_fail, 3DB8635C-CD02-E269-76AB-C39106002C31, firefox, 2018-04-10 09:41:54, contaminated
trace_3.2_fail, 3547A4A1-BCB0-BF19-B907-9C8962BBB719, firefox, 2018-04-10 09:41:54, contaminated
trace_3.2_fail, 2BFC5B4A-42C0-BD1B-9D55-EE2CF3317A5A, firefox, 2018-04-10 09:41:54, contaminated
trace_3.2_fail, 04153C02-E859-380B-101D-46014D5C2D5A, firefox, 2018-04-10 09:41:54, contaminated
trace_3.2_fail, A00D63B8-11B9-DB7B-4B2F-C0F5DD8B8A58, firefox, 2018-04-10 09:41:54, contaminated
trace_3.2_fail, FD6D6BB4-C76E-5329-1E35-42C8D7B3AE24, firefox, 2018-04-10 09:41:54, contaminated
trace_3.2_fail, 4D844DC5-F62A-9C7F-B9AE-6A0225E51B69, firefox, 2018-04-10 09:41:54, contaminated
trace_3.2_fail, 73F71ED5-BCC0-B4D1-25BB-60A391785A4C, firefox, 2018-04-10 09:41:54, contaminated
trace_3.2_fail, 85B90D47-6639-EB69-3446-7755C6F6C384, firefox, 2018-04-10 09:41:54, contaminated
trace_3.2_fail, 72DC5F6E-693F-0D7C-4106-A2C0594546F3, firefox, 2018-04-10 09:41:54, contaminated
trace_3.2_fail, CE47A197-816F-EAC7-574A-7562ABC2C46E, firefox, 2018-04-10 09:41:54, contaminated
trace_3.2_fail, 04890FCE-9D55-6596-F959-1AF215A84B5A, firefox, 2018-04-10 09:41:54, contaminated
trace_3.2_fail, 845D1DA5-5D36-3D33-6160-F110530F1C4D, firefox, 2018-04-10 09:41:54, contaminated
trace_3.2_fail, 251831C0-7711-72F2-E632-9B025A97E095, firefox, 2018-04-10 09:41:54, contaminated
trace_3.2_fail, 4E0A9EB7-F4F9-4158-8089-5362FECEA303, firefox, 2018-04-10 09:41:54, contaminated
trace_3.2_fail, DF168DF9-4A24-11BB-FAC0-2001F943BB63, firefox, 2018-04-10 09:41:54, contaminated
trace_3.2_fail, 4ED1605E-4CA4-A456-F42C-76AACB33CC3F, firefox, 2018-04-10 09:41:54, contaminated
trace_3.2_fail, BAE52294-4953-A722-6037-CFB598A8337B, firefox, 2018-04-10 09:41:54, contaminated
trace_3.2_fail, 5B9789D6-7143-D819-DFF4-6A4141EA5FF5, firefox, 2018-04-10 09:41:54, contaminated
trace_3.2_fail, D5F2F625-200A-0ED5-3689-C8062E617B7B, firefox, 2018-04-10 09:41:54, contaminated
trace_3.2_fail, ABF3A6DD-B986-E7B1-6CD0-78F05DF7C38A, firefox, 2018-04-10 09:41:54, contaminated
trace_3.2_fail, C517999B-0C34-57F5-3098-505A74880EEB, firefox, 2018-04-10 09:41:54, contaminated
trace_3.2_fail, 67089CBB-4F90-A714-27FE-08ABA52D0BEF, firefox, 2018-04-10 09:41:54, contaminated
trace_3.2_fail, 40DA1949-409F-8294-9F1C-DCF3F7EE6B71, firefox, 2018-04-10 09:41:54, contaminated
trace_3.2_fail, F249969B-5439-0823-1A9C-AE944C9757B5, firefox, 2018-04-10 09:41:54, contaminated
trace_3.2_fail, 50A54A8A-7E70-0664-E239-30316DD0AF05, firefox, 2018-04-10 09:41:54, contaminated
trace_3.2_fail, C3F98013-5C34-6AFC-DDB9-00BE003E13EA, firefox, 2018-04-10 09:41:54, contaminated
trace_3.2_fail, 156792F9-9470-3FFF-E335-87FECA417168, firefox, 2018-04-10 09:41:54, contaminated
trace_3.2_fail, E02764D1-2731-6A0E-D538-C56FE6840DFF, firefox, 2018-04-10 09:41:54, contaminated
trace_3.2_fail, D9B578BE-9FA5-81BE-A8EB-D862029ACFFF, firefox, 2018-04-10 09:41:54, contaminated
trace_3.2_fail, FD3450DC-A132-75C6-9788-8FD85A29EED3, firefox, 2018-04-10 09:41:54, contaminated
trace_3.2_fail, 60C83C17-758C-533D-7D2A-7E970ADD8910, firefox, 2018-04-10 09:41:54, contaminated
trace_3.2_fail, C0610FEA-59B2-D0F1-B0EF-2EA501E6EE72, firefox, 2018-04-10 09:41:54, contaminated
trace_3.2_fail, 82A72BAE-4FB7-20E7-F2F4-95051EC1BDED, firefox, 2018-04-10 09:41:54, contaminated
trace_3.2_fail, 92BCF1C2-329A-C4B5-24B8-C0D60A156BEA, firefox, 2018-04-10 09:41:54, contaminated
trace_3.2_fail, EE895F1A-0CB4-7235-7CEB-ECF8D421F965, firefox, 2018-04-10 09:41:54, contaminated
trace_3.2_fail, FE31AB6F-D5E1-4889-558C-3387B94411EC, firefox, 2018-04-10 09:41:54, contaminated
trace_3.2_fail, 74A37FC9-5BB2-C53E-BAEF-04F18E918613, firefox, 2018-04-10 09:41:54, contaminated
trace_3.2_fail, 7E4D53A6-64C3-1855-ABAE-558EA6D5830C, firefox, 2018-04-10 09:41:54, contaminated
trace_3.2_fail, 31908A6B-DABF-7F9B-6E62-BC9B2265A2B0, firefox, 2018-04-10 09:41:54, contaminated
trace_3.2_fail, 65421322-DD9C-34BB-E327-BEC909A2D701, firefox, 2018-04-10 09:41:54, contaminated
trace_3.2_fail, 4D8A5450-9A86-2BFC-75B6-D7F46478B9C8, firefox, 2018-04-10 09:41:54, contaminated
trace_3.2_fail, 110B3155-0606-CA66-BC26-C244B2DFFF32, firefox, 2018-04-10 09:41:54, contaminated
trace_3.2_fail, 7CF1517C-3891-1545-B497-D4E9BEAA5685, firefox, 2018-04-10 09:41:54, contaminated
trace_3.2_fail, 3EE4FEAA-0CDE-B0BE-98BE-294935C6ECA2, firefox, 2018-04-10 09:41:54, contaminated
trace_3.2_fail, 9EBD673C-024C-DEE4-34D4-160B7A3FDEA5, firefox, 2018-04-10 09:41:54, contaminated
trace_3.2_fail, 259CBDAD-B171-9926-9160-B82A6EE59D5B, firefox, 2018-04-10 09:41:54, contaminated
trace_3.2_fail, 880829A5-14D6-A6EC-941B-5E5C55289986, firefox, 2018-04-10 09:41:54, contaminated
trace_3.2_fail, 0027B122-0F46-17B4-D383-4965CFE28745, firefox, 2018-04-10 09:41:54, contaminated
trace_3.2_fail, 86495B9D-C8C1-3A7F-55CC-2B90D74ED129, firefox, 2018-04-10 09:41:54, contaminated
trace_3.2_fail, 3F61F12D-7B3D-2037-8E7C-0B57C469E753, firefox, 2018-04-10 09:41:54, contaminated
trace_3.2_fail, D2613817-68D1-9610-C0E6-CDFFE8A99734, firefox, 2018-04-10 09:41:54, contaminated
trace_3.2_fail, 312A8C61-BF03-E4F4-2AA0-70A0BB81356B, firefox, 2018-04-10 09:41:54, contaminated
trace_3.2_fail, 645B83D0-4819-C1E3-CC73-C3C5AC32FB87, firefox, 2018-04-10 09:41:54, contaminated
trace_3.2_fail, 396DA968-4B75-0552-FA37-C7D60A052256, firefox, 2018-04-10 09:41:54, contaminated
trace_3.2_fail, 69432DCA-696D-2B58-A7DA-D5A7D674B95A, firefox, 2018-04-10 09:41:54, contaminated
trace_3.2_fail, 3AFB2DB0-C16D-0089-117C-96365CBF8574, firefox, 2018-04-10 09:41:54, contaminated
trace_3.2_fail, 1EA625EC-57BF-6730-5CB9-3C32D1DE3567, firefox, 2018-04-10 09:41:54, contaminated
trace_3.2_fail, 06EE7C95-6332-DE24-E19F-BDCA613ED60E, firefox, 2018-04-10 09:41:54, contaminated
trace_3.2_fail, C88969CA-2CCD-67FD-D212-DCB8172B690C, firefox, 2018-04-10 09:41:54, contaminated
trace_3.2_fail, 03C5D3AD-8C3E-EFC6-29F0-C3AFDAA1EBA3, firefox, 2018-04-10 09:41:54, contaminated
trace_3.2_fail, DC17FE80-7685-8EC7-48DB-C2FA475CAB47, firefox, 2018-04-10 09:41:54, contaminated
trace_3.2_fail, 7A149B17-A040-99A7-66FE-2DCFD02FBD75, firefox, 2018-04-10 09:41:54, contaminated
trace_3.2_fail, 2CB5C554-B248-A46F-7882-467B22227301, firefox, 2018-04-10 09:41:54, contaminated
trace_3.2_fail, DF01E099-C8CA-30BF-42D6-1B001AE8ED2C, firefox, 2018-04-10 09:41:54, contaminated
trace_3.2_fail, 366F489D-D7E1-782E-2C75-B674CC4D6570, firefox, 2018-04-10 09:41:54, contaminated
trace_3.2_fail, BCA4BE17-17C4-74DD-34B4-1B74EF3B0992, firefox, 2018-04-10 09:41:54, contaminated
trace_3.2_fail, E6B0DA20-68F8-F174-D7C3-646860B25901, firefox, 2018-04-10 09:41:54, contaminated
trace_3.2_fail, 8259DE6B-0DC5-14F9-F4F1-C69CA1D7FBB1, firefox, 2018-04-10 09:41:54, contaminated
trace_3.2_fail, 530636C9-6A93-394D-C136-736A077D4B7E, firefox, 2018-04-10 09:41:54, contaminated
trace_3.2_fail, E5B2EEA5-F1AB-15AC-7CF2-851F857978FA, firefox, 2018-04-10 09:41:54, contaminated
trace_3.2_fail, AFFC03E2-8EA2-D5C2-34D3-297DFE73AB21, firefox, 2018-04-10 09:41:54, contaminated
trace_3.2_fail, DC822615-8621-B4C3-EDAD-20468F689D44, firefox, 2018-04-10 09:41:54, contaminated
trace_3.2_fail, 1F12DECC-B0AE-4A4E-12EE-5413A30A0B67, firefox, 2018-04-10 09:41:54, contaminated
trace_3.2_fail, 098B9235-4760-8054-33AD-424FF99C57A2, firefox, 2018-04-10 09:41:54, contaminated
trace_3.2_fail, 7A302B48-3BD4-B069-334C-134C11A8A4EC, firefox, 2018-04-10 09:41:54, contaminated
trace_3.2_fail, 3CBD1457-5C03-1BF5-4324-4BE15CB927D2, firefox, 2018-04-10 09:41:54, contaminated
trace_3.2_fail, E93258C3-8E43-3C7B-63C4-5F25BA5FB257, firefox, 2018-04-10 09:41:54, contaminated
trace_3.2_fail, CF5EEC45-720D-9B68-3E90-6A757EAC178E, firefox, 2018-04-10 09:41:54, contaminated
trace_3.2_fail, 4B4332D1-E137-E333-3EAA-60828ADAD9A4, firefox, 2018-04-10 09:41:54, contaminated
trace_3.2_fail, 77705324-A6EC-DA9F-C137-9CB40AFB35A4, firefox, 2018-04-10 09:41:54, contaminated
trace_3.2_fail, 4652CBAA-271E-88C0-9A70-CAAE8F9EF7EC, firefox, 2018-04-10 09:41:54, contaminated
trace_3.2_fail, 9DA270D4-84B6-173A-83A6-064B6F195742, firefox, 2018-04-10 09:41:54, contaminated
trace_3.2_fail, 9FB312B0-BE8E-4A7E-009F-D31C85CBDC0F, firefox, 2018-04-10 09:41:54, contaminated
trace_3.2_fail, D3D3854E-8E57-7BCF-4AD4-41DEE513B7AF, firefox, 2018-04-10 09:41:54, contaminated
trace_3.2_fail, 7EDBBDD8-580E-84D3-67F0-C5E8589CCFBD, firefox, 2018-04-10 09:41:54, contaminated
trace_3.2_fail, 85A99283-6A84-9F7A-D75F-3B38CB8275F5, firefox, 2018-04-10 09:41:54, contaminated
trace_3.2_fail, AAB0E562-9A47-43A5-67FB-C9F57B604368, firefox, 2018-04-10 09:41:54, contaminated
trace_3.2_fail, 2CA0ED0D-A756-7456-3195-C138BD401C9F, firefox, 2018-04-10 09:41:54, contaminated
trace_3.2_fail, 7F50F9CD-C75B-806F-F1A8-0E8D7373CBB1, firefox, 2018-04-10 09:41:54, contaminated
trace_3.2_fail, F0EA5D4D-3398-AB80-985D-198407F137FF, firefox, 2018-04-10 09:41:54, contaminated
trace_3.2_fail, 7AC76DA5-1A92-13F0-96A3-F562FD32D7A3, firefox, 2018-04-10 09:41:54, contaminated
trace_3.2_fail, 10817519-B94E-6DCA-F0B6-C7DB920A31AF, firefox, 2018-04-10 09:41:54, contaminated
trace_3.2_fail, C229315A-F968-1F22-789E-E2FF094D4AEE, firefox, 2018-04-10 09:41:54, contaminated
trace_3.2_fail, 5C97DFFA-E4F9-6974-738C-79F3E6D49A5C, firefox, 2018-04-10 09:41:54, contaminated
trace_3.2_fail, 5AEBD5EB-B8F4-F82C-4C6D-226A440BD22A, firefox, 2018-04-10 09:41:54, contaminated
trace_3.2_fail, 0D6F244C-93B8-A56F-1863-12662B5E4719, firefox, 2018-04-10 09:41:54, contaminated
trace_3.2_fail, 555DA3D0-3843-08CD-D25C-8310407DC8E6, firefox, 2018-04-10 09:41:54, contaminated
trace_3.2_fail, 3193823D-DA6B-521F-9412-A2CBB0B0C8F2, firefox, 2018-04-10 09:41:54, contaminated
trace_3.2_fail, 18F58502-D3E6-A4C7-DA51-9DB55F0CDEDA, firefox, 2018-04-10 09:41:54, contaminated
trace_3.2_fail, 2F788DA2-2B3E-AAA3-094F-68B05E1D99AE, firefox, 2018-04-10 09:41:54, contaminated
trace_3.2_fail, 794DDA65-59B4-64C6-FE85-F566E180899C, firefox, 2018-04-10 09:41:54, contaminated
trace_3.2_fail, E3D938CE-1DFE-83E5-8C1F-5E15FBB389CF, firefox, 2018-04-10 09:41:54, contaminated
trace_3.2_fail, FF4CA6BF-2AC2-BEEF-0CC4-AB5CDE2D43DE, firefox, 2018-04-10 09:41:54, contaminated
trace_3.2_fail, E3C27296-52BD-2FB7-2800-5CB198558F22, firefox, 2018-04-10 09:41:54, contaminated
trace_3.2_fail, 2C6E566C-55DE-52C9-5DA1-E6B427B36579, firefox, 2018-04-10 09:41:54, contaminated
trace_3.2_fail, 1E869F91-328B-0812-6FAC-E525C1F51A4F, firefox, 2018-04-10 09:41:54, contaminated
trace_3.2_fail, F46EEB82-E1F7-3FB6-A220-BD6F68DC6C5C, firefox, 2018-04-10 09:41:54, contaminated
trace_3.2_fail, 46A1F5BF-0B87-7719-6B22-67505A3251F8, firefox, 2018-04-10 09:41:54, contaminated
trace_3.2_fail, 7EBC07C6-6190-57B7-1387-20CEE4860B93, firefox, 2018-04-10 09:41:54, contaminated
trace_3.2_fail, 00070488-CD6A-D712-A0B3-1D27A1F5D12F, firefox, 2018-04-10 09:41:54, contaminated
trace_3.2_fail, 469619EF-EC30-4082-EDCC-50AA04568915, firefox, 2018-04-10 09:41:54, contaminated
trace_3.2_fail, C3392BDC-0984-249F-F4C4-3A72209ACDD2, firefox, 2018-04-10 09:41:54, contaminated
trace_3.2_fail, 9EC3AD59-D965-8DCC-91FE-EF7A5EC39102, firefox, 2018-04-10 09:41:54, contaminated
trace_3.2_fail, D39ECF43-B43F-BFBB-5225-0DB2EC50FD4E, firefox, 2018-04-10 09:41:54, contaminated
trace_3.2_fail, 64FA8673-844B-E7B5-D169-E8861E2EFE12, firefox, 2018-04-10 09:41:54, contaminated
trace_3.2_fail, 6CE1A5B8-D3D1-2D6D-F89C-A4EE7B191B9B, firefox, 2018-04-10 09:41:54, contaminated
trace_3.2_fail, 132B5D67-B7B6-802A-4773-DE233889CFFF, firefox, 2018-04-10 09:41:54, contaminated
trace_3.2_fail, A022DCEC-4EF1-6383-BE37-17ED233B3A46, firefox, 2018-04-10 09:41:54, contaminated
trace_3.2_fail, 81A5B785-EFA0-C1CE-1F08-E7258C7878F4, firefox, 2018-04-10 09:41:54, contaminated
trace_3.2_fail, FC388E62-249D-824C-749B-F3C16C88A566, firefox, 2018-04-10 09:41:54, contaminated
trace_3.2_fail, 29171604-7861-5E83-C125-7DBE8230DEEA, firefox, 2018-04-10 09:41:54, contaminated
trace_3.2_fail, 9D264459-EA5D-3744-F446-DE4E4DE6AFDF, firefox, 2018-04-10 09:41:54, contaminated
trace_3.2_fail, 0A60BBF8-E6D3-2F87-CF9F-AEEC07430CF6, firefox, 2018-04-10 09:41:54, contaminated
trace_3.2_fail, 6538546F-5C20-E8FC-B3C0-A0F704A7B264, firefox, 2018-04-10 09:41:54, contaminated
trace_3.2_fail, 8E8D58BD-36AC-7532-AEA2-C936D56F3CA6, firefox, 2018-04-10 09:41:54, contaminated
trace_3.2_fail, D2C39571-C3F2-E402-ECAC-2A4B11B94096, firefox, 2018-04-10 09:41:54, contaminated
trace_3.2_fail, EF969032-E1F0-10CF-F76B-CDC34C663EF6, firefox, 2018-04-10 09:41:54, contaminated
trace_3.2_fail, 375C5FEB-E96A-372C-3331-005586EB9E30, firefox, 2018-04-10 09:41:54, contaminated
trace_3.2_fail, 0FDDEA3B-13EB-13BE-53F5-F57B0DEA96F8, firefox, 2018-04-10 09:41:54, contaminated
trace_3.2_fail, CD1651D5-2B8F-59CA-358C-9B823F20CA9B, firefox, 2018-04-10 09:41:54, contaminated
trace_3.2_fail, 61EAD213-C1D9-824C-4D40-D8AF55E2567B, firefox, 2018-04-10 09:41:54, contaminated
trace_3.2_fail, 17947FBC-DC78-72C8-069C-BEB3C2CDCC52, firefox, 2018-04-10 09:41:54, contaminated
trace_3.2_fail, 575B6D46-A921-300E-3999-C641A8AAD0D2, firefox, 2018-04-10 09:41:54, contaminated
trace_3.2_fail, 5D9AE199-323A-5808-8E91-739E4720F99E, firefox, 2018-04-10 09:41:54, contaminated
trace_3.2_fail, 30F94BB8-53E9-BA09-1844-93633976888A, firefox, 2018-04-10 09:41:54, contaminated
trace_3.2_fail, 6AA13F69-11F2-3326-5E82-414B543138C1, firefox, 2018-04-10 09:41:54, contaminated
trace_3.2_fail, C601B91B-EBB5-B497-9A8F-185F2E589D0A, firefox, 2018-04-10 09:41:54, contaminated
trace_3.2_fail, FC57E514-C1D5-6935-5AD8-8E905BE0496F, firefox, 2018-04-10 09:41:54, contaminated
trace_3.2_fail, 94F3EE4A-8D3D-8482-089E-AFA8EF16A507, firefox, 2018-04-10 09:41:54, contaminated
trace_3.2_fail, CBAE0E07-9D69-296E-9EFB-BDAAABE3DCAB, firefox, 2018-04-10 09:41:54, contaminated
trace_3.2_fail, 220D8281-6E0E-BD3F-03DF-2EE74C36EFDA, firefox, 2018-04-10 09:41:54, contaminated
trace_3.2_fail, 0F693443-709E-DF1C-4575-F05E52C54EC1, firefox, 2018-04-10 09:41:54, contaminated
trace_3.2_fail, D634FFD1-3E56-8559-9A9C-80D9EE84094D, firefox, 2018-04-10 09:41:54, contaminated
trace_3.2_fail, 1FC9F54E-EE8E-DD35-F404-A71681DF1435, firefox, 2018-04-10 09:41:54, contaminated
trace_3.2_fail, 4BD6D164-0E48-3C54-C658-7259C0426E81, firefox, 2018-04-10 09:41:54, contaminated
trace_3.2_fail, 98618872-454C-F9C7-CAF8-66A6B0228DDE, firefox, 2018-04-10 09:41:54, contaminated
trace_3.2_fail, 6C47BA3C-280B-8C40-89F2-CD66E00C915B, firefox, 2018-04-10 09:41:54, contaminated
trace_3.2_fail, CF3A511D-E060-B0A3-3F33-16ABABE3AA04, firefox, 2018-04-10 09:41:54, contaminated
trace_3.2_fail, FFA33E05-FC23-E3CA-E5BE-8C68D6B0BC0F, firefox, 2018-04-10 09:41:54, contaminated
trace_3.2_fail, A8B874C8-6740-E091-CBB1-295A3B1ACD40, firefox, 2018-04-10 09:41:54, contaminated
trace_3.2_fail, E88ECCC9-486B-6F78-669F-48A68D7E29D4, firefox, 2018-04-10 09:41:54, contaminated
trace_3.2_fail, 30BD9FEB-2861-79C1-C469-1CBE75BF87EB, firefox, 2018-04-10 09:41:54, contaminated
trace_3.2_fail, 10D9A937-5B77-5A9B-CCE7-A601DDCEA45D, firefox, 2018-04-10 09:41:54, contaminated
trace_3.2_fail, 1EF4D61F-E73A-7B2E-EB77-F137EA5AA5B5, firefox, 2018-04-10 09:41:54, contaminated
trace_3.2_fail, 3C0ED9B5-9BBA-8E32-E1A6-0470101D3F4B, firefox, 2018-04-10 09:41:54, contaminated
trace_3.2_fail, 8FE6DFDD-D25D-0E05-B416-58B000784451, firefox, 2018-04-10 09:41:54, contaminated
trace_3.2_fail, 7D8B1B42-79AE-645E-D57E-EA6A0620A096, firefox, 2018-04-10 09:41:54, contaminated
trace_3.2_fail, 900DE057-C4D5-421A-5865-40258C80BB41, firefox, 2018-04-10 09:41:54, contaminated
trace_3.2_fail, 18120A84-6A70-14B2-134C-A8D3F88F3565, firefox, 2018-04-10 09:41:54, contaminated
trace_3.2_fail, B0216927-3B0F-D3C0-4868-64C417733F4B, firefox, 2018-04-10 09:41:54, contaminated
trace_3.2_fail, CE137542-64A0-CEFC-C7A3-2B97262CD328, firefox, 2018-04-10 09:41:54, contaminated
trace_3.2_fail, B5B92FFE-5D67-5A79-CF6B-B4BB65675A6D, firefox, 2018-04-10 09:41:54, contaminated
trace_3.2_fail, DE9DDC47-50BF-0A57-BD2B-71E2FBB8FD44, firefox, 2018-04-10 09:41:54, contaminated
trace_3.2_fail, 17A48667-FDBE-9453-2FE9-406523E8C4EC, firefox, 2018-04-10 09:41:54, contaminated
trace_3.2_fail, 67447AA1-CE53-14AA-838F-A551B5246548, firefox, 2018-04-10 09:41:54, contaminated
trace_3.2_fail, 8D612CD3-EA93-A8D7-D3CE-2E2FD28DC852, firefox, 2018-04-10 09:41:54, contaminated
trace_3.2_fail, 6FA36A03-12D3-0C2F-7F62-71CE3EF81799, firefox, 2018-04-10 09:41:54, contaminated
trace_3.2_fail, EAFE0BFD-639E-170B-CFF6-C72F699994A2, firefox, 2018-04-10 09:41:54, contaminated
trace_3.2_fail, 1CA00E3C-0826-22F6-0E51-A1D28926C4B0, firefox, 2018-04-10 09:41:54, contaminated
trace_3.2_fail, 1BC7E4ED-4D4F-8982-CD71-B8E4A6C11713, firefox, 2018-04-10 09:41:54, contaminated
trace_3.2_fail, 297D211F-72FF-47FB-6ED7-2E252DC82A07, firefox, 2018-04-10 09:41:54, contaminated
trace_3.2_fail, D37F8562-810B-A372-B083-DAE9E7E315AB, firefox, 2018-04-10 09:41:54, contaminated
trace_3.2_fail, 5FDF6ECA-E83B-8D03-570A-0C5E9DE779F7, firefox, 2018-04-10 09:41:54, contaminated
trace_3.2_fail, F18949D7-A61C-3683-EA30-9D23AA6A24EE, firefox, 2018-04-10 09:41:54, contaminated
trace_3.2_fail, DB55794D-E02A-217B-13E5-8F189F5C045F, firefox, 2018-04-10 09:41:54, contaminated
trace_3.2_fail, AE4B62A4-5686-F735-6296-B5744DF769C9, firefox, 2018-04-10 09:41:54, contaminated
trace_3.2_fail, B3B5B2D9-38F2-BA0B-7170-10F2394C5EB4, firefox, 2018-04-10 09:41:54, contaminated
trace_3.2_fail, 181574B3-4954-9B41-342A-E0FF05D5A7E2, firefox, 2018-04-10 09:41:54, contaminated
trace_3.2_fail, 4BE2ED9F-5177-44AF-4C6C-23C225125679, firefox, 2018-04-10 09:41:54, contaminated
trace_3.2_fail, 88CB4A91-96FA-1A5D-4D68-E6777A6C0B32, firefox, 2018-04-10 09:41:54, contaminated
trace_3.2_fail, C7DF705D-8E41-8672-34DA-4024AC254FAF, firefox, 2018-04-10 09:41:54, contaminated
trace_3.2_fail, 8383DCC0-D48D-29E6-4F04-BA48143234FB, firefox, 2018-04-10 09:41:54, contaminated
trace_3.2_fail, 4A6DF7CD-C26B-7756-6921-5B51E1F6B4BA, firefox, 2018-04-10 09:41:54, contaminated
trace_3.2_fail, B1575CE4-7199-94B3-5A23-1A9E52D6958A, firefox, 2018-04-10 09:41:54, contaminated
trace_3.2_fail, 7EC5AE16-7BEA-5D28-997E-FBAC45D2554C, firefox, 2018-04-10 09:41:54, contaminated
trace_3.2_fail, 52B2DA07-7065-ED66-94E0-E311781E9D6C, firefox, 2018-04-10 09:41:54, contaminated
trace_3.2_fail, 89E4FC78-2518-7951-F0D5-DEE6A2AFCCB6, firefox, 2018-04-10 09:41:54, contaminated
trace_3.2_fail, 465FCE7D-C57C-1787-236B-401718DF59A3, firefox, 2018-04-10 09:41:54, contaminated
trace_3.2_fail, 66EC0CB7-2389-15BC-48FE-DF0601FCCDF1, firefox, 2018-04-10 09:41:54, contaminated
trace_3.2_fail, 04401523-9C2E-D289-C7EF-6C962E0FF5C2, firefox, 2018-04-10 09:41:54, contaminated
trace_3.2_fail, D37BC112-802C-A094-01CF-8625B801D8AE, firefox, 2018-04-10 09:41:54, contaminated
trace_3.2_fail, 6F0FB32F-E750-F94A-5BC1-AC3DFE4F927E, firefox, 2018-04-10 09:41:54, contaminated
trace_3.2_fail, 26242F38-318D-488A-7399-FFBBC9846979, firefox, 2018-04-10 09:41:54, contaminated
trace_3.2_fail, 461F8CB2-34E8-DF65-E133-5131F34DAAA1, firefox, 2018-04-10 09:41:54, contaminated
trace_3.2_fail, 85A7D85F-608B-E3DB-7A50-E9F1E91CDFF9, firefox, 2018-04-10 09:41:54, contaminated
trace_3.2_fail, B042E418-6E41-72FF-C9F6-7F311F99E439, firefox, 2018-04-10 09:41:54, contaminated
trace_3.2_fail, 5B1E38E9-EEA1-B7B3-719E-A3370D7BFD93, firefox, 2018-04-10 09:41:54, contaminated
trace_3.2_fail, AC65FEC6-97C9-E96A-E383-D8A7A1A24EA9, firefox, 2018-04-10 09:41:54, contaminated
trace_3.2_fail, 43387397-6C07-B191-1254-38394633EEFA, firefox, 2018-04-10 09:41:54, contaminated
trace_3.2_fail, BC0661FB-29EA-8508-D0CD-DF6AD9A7CE35, firefox, 2018-04-10 09:41:54, contaminated
trace_3.2_fail, 8AF3297C-60AA-7667-4E83-F5656FCFF96F, firefox, 2018-04-10 09:41:54, contaminated
trace_3.2_fail, 4D6CD233-246A-9A10-7553-86C8DFC0BF4F, firefox, 2018-04-10 09:41:54, contaminated
trace_3.2_fail, F1666041-28B1-BB30-F1F1-82D97ECD8A53, firefox, 2018-04-10 09:41:54, contaminated
trace_3.2_fail, 44DA870E-1431-F948-172C-9D5E4C9214D0, firefox, 2018-04-10 09:41:54, contaminated
trace_3.2_fail, 60FDE428-AE95-0B80-A0FD-90B265EDB312, firefox, 2018-04-10 09:41:54, contaminated
trace_3.2_fail, BD8BFEF8-8011-66E6-0C1B-9FFD95871652, firefox, 2018-04-10 09:41:54, contaminated
trace_3.2_fail, 65BE0E1F-35CA-AA66-9DBF-238ACA0537B4, firefox, 2018-04-10 09:41:54, contaminated
trace_3.2_fail, 99107450-59B1-DFFA-6666-F3063228941C, firefox, 2018-04-10 09:41:54, contaminated
trace_3.2_fail, 9D0DCB74-4F4E-03F8-ECAE-EBB5AB5A411B, firefox, 2018-04-10 09:41:54, contaminated
trace_3.2_fail, 14B87C4D-CBFF-BB30-B483-D58197AD8C79, firefox, 2018-04-10 09:41:54, contaminated
trace_3.2_fail, C059B31C-2060-44E0-2643-9604C74F4154, firefox, 2018-04-10 09:41:54, contaminated
trace_3.2_fail, B6A47FA6-8B36-5441-423F-057C7DA57645, firefox, 2018-04-10 09:41:54, contaminated
trace_3.2_fail, 95B8D898-A281-DC5B-CA57-101ED6DB24F2, firefox, 2018-04-10 09:41:54, contaminated
trace_3.2_fail, A4727BDF-70CF-A30C-75A2-AD02F00CF976, firefox, 2018-04-10 09:41:54, contaminated
trace_3.2_fail, 0466870C-C58B-52DE-47BC-4D1BB2FF6E5E, firefox, 2018-04-10 09:41:54, contaminated
trace_3.2_fail, BA8A7D56-42D2-6579-3F2E-D6A32FF9BC22, firefox, 2018-04-10 09:41:54, contaminated
trace_3.2_fail, 29B8EB16-520D-515F-3B94-6089FE9453D8, firefox, 2018-04-10 09:41:54, contaminated
trace_3.2_fail, ABA8EB3A-358B-E4A2-A8D3-3AE0E4A5A319, firefox, 2018-04-10 09:41:54, contaminated
trace_3.2_fail, F7AA540A-8FAC-775E-B959-BE589EDCEFF8, firefox, 2018-04-10 09:41:54, contaminated
trace_3.2_fail, 9FB12D1D-4187-6CB3-E70E-60EFCA6C02FA, firefox, 2018-04-10 09:41:54, contaminated
trace_3.2_fail, 77561DDD-AB4D-961E-1AF3-769DA5F0E0A1, firefox, 2018-04-10 09:41:54, contaminated
trace_3.2_fail, 19AE1CA3-D817-7110-A3E0-182F56481165, firefox, 2018-04-10 09:41:54, contaminated
trace_3.2_fail, 5D776C20-C6E1-46AA-DD2D-4CBDA6781919, firefox, 2018-04-10 09:41:54, contaminated
trace_3.2_fail, 62DB8A27-4154-6A28-ACCD-3B1D556C08D5, firefox, 2018-04-10 09:41:54, contaminated
trace_3.2_fail, 39589453-E510-E876-DA9D-4B717B781B46, firefox, 2018-04-10 09:41:54, contaminated
trace_3.2_fail, B8B359AB-7DAC-0E66-D27E-04BA820E2B64, firefox, 2018-04-10 09:41:54, contaminated
trace_3.2_fail, FF42D7B2-9FB0-458B-C368-3618F5006793, firefox, 2018-04-10 09:41:54, contaminated
trace_3.2_fail, C69C1158-85DB-B7F1-A8FC-27E96E6D0C22, firefox, 2018-04-10 09:41:54, contaminated
trace_3.2_fail, F46942CE-7E53-9D87-7CDE-959028D283EE, firefox, 2018-04-10 09:41:54, contaminated
trace_3.2_fail, 520AB19D-5AC9-4E10-7349-6CC2BC588125, firefox, 2018-04-10 09:41:54, contaminated
trace_3.2_fail, 0DC33691-839B-32F9-02C3-99016C775E45, firefox, 2018-04-10 09:41:54, contaminated
trace_3.2_fail, 08F59DD1-422F-22F3-5F83-780BCC91DCE7, firefox, 2018-04-10 09:41:54, contaminated
trace_3.2_fail, 5017350A-F266-7F25-C6B3-2294709CDD4C, firefox, 2018-04-10 09:41:54, contaminated
trace_3.2_fail, 341302A1-8F3B-ABA9-7820-3BDA1A767651, firefox, 2018-04-10 09:41:54, contaminated
trace_3.2_fail, 79C61CAC-309E-6218-72A5-F3DE473110D6, firefox, 2018-04-10 09:41:54, contaminated
trace_3.2_fail, D5C6F4DA-C039-033A-D699-11E80DB9D311, firefox, 2018-04-10 09:41:54, contaminated
trace_3.2_fail, ED06CC0E-9A85-88C3-FCFE-9B83BFCA5338, firefox, 2018-04-10 09:41:54, contaminated
trace_3.2_fail, 1BCA7FE1-FF6D-6873-82BC-9D97B338CEE8, firefox, 2018-04-10 09:41:54, contaminated
trace_3.2_fail, D5C7BBC3-FB7D-DA71-1753-43D000B4C763, firefox, 2018-04-10 09:41:54, contaminated
trace_3.2_fail, A5DEFD7F-4AB2-1464-AF5E-C14CB184D948, firefox, 2018-04-10 09:41:54, contaminated
trace_3.2_fail, 0B26CAA4-D926-A232-92F9-B07BCDEEA80C, firefox, 2018-04-10 09:41:54, contaminated
trace_3.2_fail, 2E15439C-A2ED-8DE1-2101-B42A75CDF7F5, firefox, 2018-04-10 09:41:54, contaminated
trace_3.2_fail, 1FC4D8F4-CDF4-AE58-4C7D-C05A7106F013, firefox, 2018-04-10 09:41:54, contaminated
trace_3.2_fail, 7005D288-6FCE-54D9-B61D-7DF73423AC22, firefox, 2018-04-10 09:41:54, contaminated
trace_3.2_fail, 37CD0652-15F5-D039-9765-430EE921862A, firefox, 2018-04-10 09:41:54, contaminated
trace_3.2_fail, 80E96FD6-BC33-392C-01B1-1D673EB215C9, firefox, 2018-04-10 09:41:54, contaminated
trace_3.2_fail, BBA68CF2-F717-2B43-4473-2132DF31CA3C, firefox, 2018-04-10 09:41:54, contaminated
trace_3.2_fail, DC9EAA00-E071-01A3-7835-6BBD7FDEF77C, firefox, 2018-04-10 09:41:54, contaminated
trace_3.2_fail, 29ED621E-DCCF-1760-176D-88D78E30ADBF, firefox, 2018-04-10 09:41:54, contaminated
trace_3.2_fail, 9E1C11CF-30ED-E100-45E1-F6273BC7B6C7, firefox, 2018-04-10 09:41:54, contaminated
trace_3.2_fail, E17D3501-C3A2-A34C-02D3-8B7DB8C3F9F4, firefox, 2018-04-10 09:41:54, contaminated
trace_3.2_fail, ECC4DB20-7FA7-C152-AF0E-4A0AF2FCAC78, firefox, 2018-04-10 09:41:54, contaminated
trace_3.2_fail, 9023566B-A14D-3070-C59C-B5F1463C00D7, firefox, 2018-04-10 09:41:54, contaminated
trace_3.2_fail, E5D62734-F52A-EFDA-79E6-8ED21348A6A2, firefox, 2018-04-10 09:41:54, contaminated
trace_3.2_fail, 67C4F2CE-2C67-C535-77FA-4360A8FF8DA1, firefox, 2018-04-10 09:41:54, contaminated
trace_3.2_fail, 3354D7EF-3897-C8F0-350D-694772FFE885, firefox, 2018-04-10 09:41:54, contaminated
trace_3.2_fail, A7ED6115-1114-A601-54F7-FD7FF6AE51D4, firefox, 2018-04-10 09:41:54, contaminated
trace_3.2_fail, 8C70EC71-34A2-497F-55F4-3D95B72689D9, firefox, 2018-04-10 09:41:54, contaminated
trace_3.2_fail, 15108020-AC50-6CA3-498B-2B801C92586B, firefox, 2018-04-10 09:41:54, contaminated
trace_3.2_fail, 3DA259B4-2C6A-EA30-5CF7-62F5A11EFC53, firefox, 2018-04-10 09:41:54, contaminated
trace_3.2_fail, 201447DB-0B22-9460-AC4B-D946B44E87B9, firefox, 2018-04-10 09:41:54, contaminated
trace_3.2_fail, CE13279A-E626-814F-3160-7A5FD7E74D7C, firefox, 2018-04-10 09:41:54, contaminated
trace_3.2_fail, A11F166D-AFE3-927A-3464-7271EAC63D53, firefox, 2018-04-10 09:41:54, contaminated
trace_3.2_fail, BDF6EFF9-0B4B-3589-4FCD-06BC897743F6, firefox, 2018-04-10 09:41:54, contaminated
trace_3.2_fail, 9548D62B-D763-719E-8E75-AC170A110D0D, firefox, 2018-04-10 09:41:54, contaminated
trace_3.2_fail, CAE6643E-9DF4-6006-87EB-24065E7BD176, firefox, 2018-04-10 09:41:54, contaminated
trace_3.2_fail, E3F11FAA-1254-E580-0F8C-D4B2B41FA7B2, firefox, 2018-04-10 09:41:54, contaminated
trace_3.2_fail, 992FE969-B855-70F9-5F16-FF5344216E77, firefox, 2018-04-10 09:41:54, contaminated
trace_3.2_fail, 481FF0AF-71FE-A6B0-861F-3BB08CFCD205, firefox, 2018-04-10 09:41:54, contaminated
trace_3.2_fail, 3CE0E0D5-30FE-8E7F-6260-9B27F8D982F1, firefox, 2018-04-10 09:41:54, contaminated
trace_3.2_fail, 0CCBE533-1E56-B83D-08A5-9952CD89FD44, firefox, 2018-04-10 09:41:54, contaminated
trace_3.2_fail, 03693AB8-6E65-4A7D-4CDC-ADF5B85896EB, firefox, 2018-04-10 09:41:54, contaminated
trace_3.2_fail, A6D07C59-C33D-D40C-70CC-4FDD5E37FB67, firefox, 2018-04-10 09:41:54, contaminated
trace_3.2_fail, 1905C6B3-C577-C996-D8B6-E3A9E08EE03E, firefox, 2018-04-10 09:41:54, contaminated
trace_3.2_fail, CAFD4C1E-B1F8-287C-AEBD-E3891E9DE920, firefox, 2018-04-10 09:41:54, contaminated
trace_3.2_fail, 344B1C1D-B16D-6DD7-03E6-C1963D5FC302, firefox, 2018-04-10 09:41:54, contaminated
trace_3.2_fail, 53E68852-D769-750A-073F-2E4EAF9C93C3, firefox, 2018-04-10 09:41:54, contaminated
trace_3.2_fail, AD7CF01C-C599-C035-33B9-4CB2B2B22606, firefox, 2018-04-10 09:41:54, contaminated
trace_3.2_fail, 6EE21267-75FA-BC6F-367B-449CC817C8F8, firefox, 2018-04-10 09:41:54, contaminated
trace_3.2_fail, F38512ED-27D5-E054-4A6B-9608F78B48DD, firefox, 2018-04-10 09:41:54, contaminated
trace_3.2_fail, 46E2A42C-E13C-38E3-1C7A-334BC868FB21, firefox, 2018-04-10 09:41:54, contaminated
trace_3.2_fail, 4E37D272-BBCA-2728-A1F8-96912AA77141, firefox, 2018-04-10 09:41:54, contaminated
trace_3.2_fail, 83D6F8D4-CCA9-021F-1391-7C1F1D7B595A, firefox, 2018-04-10 09:41:54, contaminated
trace_3.2_fail, 920CABB9-AB9B-59AE-4E61-1A4E5D0BA9ED, firefox, 2018-04-10 09:41:54, contaminated
trace_3.2_fail, E018C3C5-7AF2-89F7-61E1-738F215474FA, firefox, 2018-04-10 09:41:54, contaminated
trace_3.2_fail, DF9592B9-DCB6-EFF9-5889-3DA5D2660C84, firefox, 2018-04-10 09:41:54, contaminated
trace_3.2_fail, 63F5CD77-73F5-72B6-526D-85C9E748650E, firefox, 2018-04-10 09:41:54, contaminated
trace_3.2_fail, 65CAC21D-3F1D-8865-B2F8-BB6C507A1AFF, firefox, 2018-04-10 09:41:54, contaminated
trace_3.2_fail, 966201AB-3AC3-FE2B-B77F-4F6B89DC2328, firefox, 2018-04-10 09:41:54, contaminated
trace_3.2_fail, 337826A1-76D7-F824-7EC2-3EB378BECD21, firefox, 2018-04-10 09:41:54, contaminated
trace_3.2_fail, 5A02299F-68C5-8D39-1AE0-457C994452FB, firefox, 2018-04-10 09:41:54, contaminated
trace_3.2_fail, FAB792ED-9214-A507-E882-428E896191A2, firefox, 2018-04-10 09:41:54, contaminated
trace_3.2_fail, AAB1BFEA-2EE0-6DB5-AF97-E77CBAAC7004, firefox, 2018-04-10 09:41:54, contaminated
trace_3.2_fail, 64F2F037-9B50-EFDC-37E6-973B629BFC9C, firefox, 2018-04-10 09:41:54, contaminated
trace_3.2_fail, EF29D352-7BFF-A14E-A580-21C137489BFB, firefox, 2018-04-10 09:41:54, contaminated
trace_3.2_fail, 976E230E-21FD-CE3E-9D9E-015133C44C62, firefox, 2018-04-10 09:41:54, contaminated
trace_3.2_fail, 13BC71DA-87BC-3F19-14E9-3EA9F66F6E66, firefox, 2018-04-10 09:41:54, contaminated
trace_3.2_fail, 5BF689C4-6258-03E9-B6E2-8226946DB6F7, firefox, 2018-04-10 09:41:54, contaminated
trace_3.2_fail, D2F624D0-030C-BA57-66DA-53CAAD165ED2, firefox, 2018-04-10 09:41:54, contaminated
trace_3.2_fail, 2F54B41C-58D7-6DB5-1790-6C6150128C4B, firefox, 2018-04-10 09:41:54, contaminated
trace_3.2_fail, 22A28A75-8DF0-C208-5F11-81DA1E768FE4, firefox, 2018-04-10 09:41:54, contaminated
trace_3.2_fail, 469E67BA-A0F8-8BE2-65F6-04935E259ADF, firefox, 2018-04-10 09:41:54, contaminated
trace_3.2_fail, 0239281B-58CC-0D97-0298-A59B42DE6649, firefox, 2018-04-10 09:41:54, contaminated
trace_3.2_fail, E71A2674-1707-5227-278A-3FCA6DD8B58F, firefox, 2018-04-10 09:41:54, contaminated
trace_3.2_fail, 4D24B14A-E76F-EC8E-A2F7-33A8D656B44E, firefox, 2018-04-10 09:41:54, contaminated
trace_3.2_fail, 9CB00F2D-DA14-096A-5713-99EE01E48CFE, firefox, 2018-04-10 09:41:54, contaminated
trace_3.2_fail, 87D79704-6C13-A49B-839F-0FBA1D238508, firefox, 2018-04-10 09:41:54, contaminated
trace_3.2_fail, 6844255B-8B97-7EEA-A0E2-DDCCF18A243D, firefox, 2018-04-10 09:41:54, contaminated
trace_3.2_fail, 39100778-AAEE-88CF-7F2D-4106BB696FE7, firefox, 2018-04-10 09:41:54, contaminated
trace_3.2_fail, 0EE72134-EB32-C6EB-6812-41EC0114D405, firefox, 2018-04-10 09:41:54, contaminated
trace_3.2_fail, 2D16407C-FA55-94A5-B898-F72DE2D826EE, firefox, 2018-04-10 09:41:54, contaminated
trace_3.2_fail, 185C4B9E-18C2-7B17-A885-E798B52BF3C1, firefox, 2018-04-10 09:41:54, contaminated
trace_3.2_fail, 9921BC98-FBC6-759F-06AC-FC47C0AF713F, firefox, 2018-04-10 09:41:54, contaminated
trace_3.2_fail, 036DB2F1-C794-D5C5-92CA-AA014F4EB974, firefox, 2018-04-10 09:41:54, contaminated
trace_3.2_fail, 8E450896-E05B-58AD-45F3-A3C83097589D, firefox, 2018-04-10 09:41:54, contaminated
trace_3.2_fail, 723E2357-92AE-6C03-5D17-955BA03629F9, firefox, 2018-04-10 09:41:54, contaminated
trace_3.2_fail, 0E7EB328-EEA9-9657-C667-F48F1F0E9AE5, firefox, 2018-04-10 09:41:54, contaminated
trace_3.2_fail, 353C1BB2-EBBB-5B35-8724-76010F64319F, firefox, 2018-04-10 09:41:54, contaminated
trace_3.2_fail, 86249DCF-314F-FA46-B7A6-F304C4643843, firefox, 2018-04-10 09:41:54, contaminated
trace_3.2_fail, 85538A2A-DF61-FD06-6839-7346BF782827, firefox, 2018-04-10 09:41:54, contaminated
trace_3.2_fail, 7E360E26-A76E-0DCF-BE7B-19105F15394E, firefox, 2018-04-10 09:41:54, contaminated
trace_3.2_fail, EE0F220C-EFF3-2BAC-CCDA-7C4A4F091895, firefox, 2018-04-10 09:41:54, contaminated
trace_3.2_fail, 185C4342-5CB3-4AAA-9DA0-7157AC4D95EA, firefox, 2018-04-10 09:41:54, contaminated
trace_3.2_fail, AF7F5F04-31B0-5DA1-FDA9-3FB5A56D5B6F, firefox, 2018-04-10 09:41:54, contaminated
trace_3.2_fail, 584768E1-B17D-FB54-A140-7C0D71910ACD, firefox, 2018-04-10 09:41:54, contaminated
trace_3.2_fail, 08A94B14-1707-CA0F-AB47-69AE90731FC1, firefox, 2018-04-10 09:41:54, contaminated
trace_3.2_fail, B273A5A5-E8E6-8398-2CE5-F41C34FE6B1D, firefox, 2018-04-10 09:41:54, contaminated
trace_3.2_fail, D6940AE5-1303-B0B1-D1A6-6F941CE4A5BC, firefox, 2018-04-10 09:41:54, contaminated
trace_3.2_fail, F7CD7604-DC0D-9621-8DFA-0FC5C7ACDF03, firefox, 2018-04-10 09:41:54, contaminated
trace_3.2_fail, DF3178A4-32EC-42D6-61CC-3F651637E078, firefox, 2018-04-10 09:41:54, contaminated
trace_3.2_fail, 58F927FC-3F8F-D91A-E330-D1DA1FD0E043, firefox, 2018-04-10 09:41:54, contaminated
trace_3.2_fail, E44CF719-4D8F-7F2B-C266-F9641866B204, firefox, 2018-04-10 09:41:54, contaminated
trace_3.2_fail, 8F18B037-0B19-F507-17D3-089574535B69, firefox, 2018-04-10 09:41:54, contaminated
trace_3.2_fail, AB9A42CE-912D-AE3B-7531-D217E143861B, firefox, 2018-04-10 09:41:54, contaminated
trace_3.2_fail, D428E3C0-6AF8-81FC-D0E8-B7258C2B6BC1, firefox, 2018-04-10 09:41:54, contaminated
trace_3.2_fail, 556C9428-D77A-CB08-9E9B-431EF5E4858F, firefox, 2018-04-10 09:41:54, contaminated
trace_3.2_fail, 7964F463-7034-CECF-16FB-B2DCEE715A8C, firefox, 2018-04-10 09:41:54, contaminated
trace_3.2_fail, 2B4C855F-FBDA-8467-F6C8-983B6308366A, firefox, 2018-04-10 09:41:54, contaminated
trace_3.2_fail, 6EFE2A8C-42BB-53CE-2E1B-0C94251084BA, firefox, 2018-04-10 09:41:54, contaminated
trace_3.2_fail, 8D2CFFBA-B60D-ACE7-D907-26BA9D069693, firefox, 2018-04-10 09:41:54, contaminated
trace_3.2_fail, 5FCE1810-DA01-CD0E-E9BE-C30AF7D2B446, firefox, 2018-04-10 09:41:54, contaminated
trace_3.2_fail, B231F5D7-907B-BB04-06CB-C2312450B65C, firefox, 2018-04-10 09:41:54, contaminated
trace_3.2_fail, 458489D6-E887-5A2B-9AC2-7667EBFF9DD9, firefox, 2018-04-10 09:41:54, contaminated
trace_3.2_fail, D009035C-079F-3D7B-0989-498B06E00E37, firefox, 2018-04-10 09:41:54, contaminated
trace_3.2_fail, C844AE6E-F94C-BD96-864A-9C86E9DA8D50, firefox, 2018-04-10 09:41:54, contaminated
trace_3.2_fail, 416F9865-2932-FB72-F273-3AD2E81A2804, firefox, 2018-04-10 09:41:54, contaminated
trace_3.2_fail, 0DB9FC09-9A08-0140-CC10-AF29CAD452AD, firefox, 2018-04-10 09:41:54, contaminated
trace_3.2_fail, 740F1B80-7A3B-631F-170A-00146E634F01, firefox, 2018-04-10 09:41:54, contaminated
trace_3.2_fail, B3703618-CE04-7270-E263-8F161BEEF3C4, firefox, 2018-04-10 09:41:54, contaminated
trace_3.2_fail, BB786078-7CD2-AFC7-32CA-5BB6068C949D, firefox, 2018-04-10 09:41:54, contaminated
trace_3.2_fail, BA8EC838-0CDA-DFD6-1E29-A76116057177, firefox, 2018-04-10 09:41:54, contaminated
trace_3.2_fail, 0901B146-97D7-1F37-4C9D-FA03D345F9B8, firefox, 2018-04-10 09:41:54, contaminated
trace_3.2_fail, FF75E8B8-F2F8-CCAB-E12A-E0633AA80070, firefox, 2018-04-10 09:41:54, contaminated
trace_3.2_fail, BCC73D56-6730-50C0-1C73-AC353DAA3956, firefox, 2018-04-10 09:41:54, contaminated
trace_3.2_fail, 8C16B3A5-6AED-0329-F451-5191F913D253, firefox, 2018-04-10 09:41:54, contaminated
trace_3.2_fail, 3171F66D-37E4-A83C-235B-E82F3598EC5A, firefox, 2018-04-10 09:41:54, contaminated
trace_3.2_fail, 949984BA-03A4-33A6-491F-D07BF0C71F70, firefox, 2018-04-10 09:41:54, contaminated
trace_3.2_fail, 6F994C08-FB97-84E1-8CBF-55E8EE3A0765, firefox, 2018-04-10 09:41:54, contaminated
trace_3.2_fail, 7120E44A-FDAB-28AA-AE54-8B5233199631, firefox, 2018-04-10 09:41:54, contaminated
trace_3.2_fail, 945EA8DD-BE3A-50CB-44B3-F6F685C30DD1, firefox, 2018-04-10 09:41:54, contaminated
trace_3.2_fail, 7AA35A7D-6964-0F1D-D43C-CB7818883624, firefox, 2018-04-10 09:41:54, contaminated
trace_3.2_fail, 1A051FB0-497C-350F-9710-8EB1F2ACE4C1, firefox, 2018-04-10 09:41:54, contaminated
trace_3.2_fail, 2CABFE5A-2C52-310C-D4CC-ACB81BE1EDD2, firefox, 2018-04-10 09:41:54, contaminated
trace_3.2_fail, 9324DD08-D3D3-B29F-33BB-254DC91543CA, firefox, 2018-04-10 09:41:54, contaminated
trace_3.2_fail, 3D6359AE-2837-5F37-65EB-4949D2E4FFD3, firefox, 2018-04-10 09:41:54, contaminated
trace_3.2_fail, 66207A1B-4455-6572-3100-B06F72F68715, firefox, 2018-04-10 09:41:54, contaminated
trace_3.2_fail, 61BC8403-A7E3-4199-59FB-758504CE3049, firefox, 2018-04-10 09:41:54, contaminated
trace_3.2_fail, 43AC68B9-7854-0985-8172-2FB982CBC861, firefox, 2018-04-10 09:41:54, contaminated
trace_3.2_fail, 9D570AD9-189E-294A-9D68-D99A34779E4A, firefox, 2018-04-10 09:41:54, contaminated
trace_3.2_fail, AE9BF691-A2B7-DEE0-6EC4-D0AD78F9BE23, firefox, 2018-04-10 09:41:54, contaminated
trace_3.2_fail, 9A694BED-680D-7D36-3D59-94A20B725D32, firefox, 2018-04-10 09:41:54, contaminated
trace_3.2_fail, A4312795-004B-7BA4-2AD7-61743C76FD29, firefox, 2018-04-10 09:41:54, contaminated
trace_3.2_fail, 16E5E38C-AF5B-D8CD-6046-893C947B4FBB, firefox, 2018-04-10 09:41:54, contaminated
trace_3.2_fail, 6D3E0EC5-C0CA-D8A1-1337-C08D3323C469, firefox, 2018-04-10 09:41:54, contaminated
trace_3.2_fail, 71B9FFD0-BD12-81C3-D356-E28DEEEE6218, firefox, 2018-04-10 09:41:54, contaminated
trace_3.2_fail, 3AB7BBC6-2E5B-AA4C-A88F-03B3AB49E801, firefox, 2018-04-10 09:41:54, contaminated
trace_3.2_fail, CD11D3BD-E5F1-2C15-3420-8A2EABE4D181, firefox, 2018-04-10 09:41:54, contaminated
trace_3.2_fail, A260E5B4-ADCF-62D9-FFCF-9896F9564B79, firefox, 2018-04-10 09:41:54, contaminated
trace_3.2_fail, 53430BDD-CDD5-76F1-4320-7DACB6084A68, firefox, 2018-04-10 09:41:54, contaminated
trace_3.2_fail, 56C1E89D-8077-B72B-85C7-FFF117DC1FBE, firefox, 2018-04-10 09:41:54, contaminated
trace_3.2_fail, 128F70B9-9E5E-0DE6-8EA1-FD0F2469195E, firefox, 2018-04-10 09:41:54, contaminated
trace_3.2_fail, 2DB874A9-0EC8-510F-EA34-A5D696444D31, firefox, 2018-04-10 09:41:54, contaminated
trace_3.2_fail, A69042A5-2103-293E-0EF3-76F727035A44, firefox, 2018-04-10 09:41:54, contaminated
trace_3.2_fail, C6E007CD-C9AC-5347-171B-B0AE199CBE62, firefox, 2018-04-10 09:41:54, contaminated
trace_3.2_fail, C82A0104-5DD1-A720-D735-6A085B506D23, firefox, 2018-04-10 09:41:54, contaminated
trace_3.2_fail, F6A7EEC8-56FB-E416-3120-F67F1E2FD2EC, firefox, 2018-04-10 09:41:54, contaminated
trace_3.2_fail, A3707814-2007-9DF4-9C61-4C51AAD0EF12, firefox, 2018-04-10 09:41:54, contaminated
trace_3.2_fail, 17DCC7A0-AC86-FCD0-C3D5-E92AF1CAE7D8, firefox, 2018-04-10 09:41:54, contaminated
trace_3.2_fail, 75A8063A-BCCD-67A1-95A8-EFA58872FEA1, firefox, 2018-04-10 09:41:54, contaminated
trace_3.2_fail, F5D80521-A1FE-D6DD-45ED-471296C407A2, firefox, 2018-04-10 09:41:54, contaminated
trace_3.2_fail, 0D175390-959C-8893-DF00-FDE2BC4E239C, firefox, 2018-04-10 09:41:54, contaminated
trace_3.2_fail, 4244A2D7-9324-C01B-0E52-B4A27C1B939C, firefox, 2018-04-10 09:41:54, contaminated
trace_3.2_fail, 584CBD04-5FCE-86CC-8CFE-37871A1FB82C, firefox, 2018-04-10 09:41:54, contaminated
trace_3.2_fail, AA5B12CC-F27A-48D8-B093-91985F40558D, firefox, 2018-04-10 09:41:54, contaminated
trace_3.2_fail, 26F18F14-E183-953A-BF11-263690789486, firefox, 2018-04-10 09:41:54, contaminated
trace_3.2_fail, 76153814-D829-5BF5-3747-DDA6BC8A6C83, firefox, 2018-04-10 09:41:54, contaminated
trace_3.2_fail, 8ABFCB7C-A5AA-6C24-5CCC-2CE8EC374D15, firefox, 2018-04-10 09:41:54, contaminated
trace_3.2_fail, 08197FD1-5702-E0A4-210B-9E943EEF182B, firefox, 2018-04-10 09:41:54, contaminated
trace_3.2_fail, 8F0D7799-74E1-63E5-74C1-C4FBE5400C0E, firefox, 2018-04-10 09:41:54, contaminated
trace_3.2_fail, 10E200EA-4868-91E2-F7F9-087187993047, firefox, 2018-04-10 09:41:54, contaminated
trace_3.2_fail, F5369A9F-4AC6-74D0-2928-4B0D0B9A4B82, firefox, 2018-04-10 09:41:54, contaminated
trace_3.2_fail, 58AF432A-2F45-C020-2184-1C8495648E82, firefox, 2018-04-10 09:41:54, contaminated
trace_3.2_fail, E95B0AE3-0DD5-4E3F-5019-75ACB69AB718, firefox, 2018-04-10 09:41:54, contaminated
trace_3.2_fail, 4E2DD25A-998D-082F-DC13-B0F6E9A7483F, firefox, 2018-04-10 09:41:54, contaminated
trace_3.2_fail, 0794372A-786F-08C8-8F1A-BD1554633A02, firefox, 2018-04-10 09:41:54, contaminated
trace_3.2_fail, 46B354A4-9717-8C95-050E-2FE02657E6C0, firefox, 2018-04-10 09:41:54, contaminated
trace_3.2_fail, 364BD5F9-A300-D930-197A-60C62B4FD969, firefox, 2018-04-10 09:41:54, contaminated
trace_3.2_fail, D4F25F63-834D-7206-170C-F868ADA5ACAD, firefox, 2018-04-10 09:41:54, contaminated
trace_3.2_fail, 4FFA989A-B263-4C2E-5148-2099D457BBF4, firefox, 2018-04-10 09:41:54, contaminated
trace_3.2_fail, AF9B1CFB-0020-8B15-86DA-0AA5237089B3, firefox, 2018-04-10 09:41:54, contaminated
trace_3.2_fail, 2ED7A17D-2561-A78F-6675-08A4DFED8BC6, firefox, 2018-04-10 09:41:54, contaminated
trace_3.2_fail, 20A7EF98-EA81-48CC-9752-67A96C5080AB, firefox, 2018-04-10 09:41:54, contaminated
trace_3.2_fail, E7C5D9B5-198C-78D8-22B6-4B2423CCB867, firefox, 2018-04-10 09:41:54, contaminated
trace_3.2_fail, C53E027F-67F4-F659-0B2D-39C269E7F46B, firefox, 2018-04-10 09:41:54, contaminated
trace_3.2_fail, E22153EF-73D7-B742-3B8C-E4F81D529945, firefox, 2018-04-10 09:41:54, contaminated
trace_3.2_fail, E1FA1999-51B5-3F93-8D31-2114530A1341, firefox, 2018-04-10 09:41:54, contaminated
trace_3.2_fail, 59F44047-549F-5B1F-7B92-378758F04812, firefox, 2018-04-10 09:41:54, contaminated
trace_3.2_fail, 7A233558-AC35-9827-D9B6-895ED3EF1FC8, firefox, 2018-04-10 09:41:54, contaminated
trace_3.2_fail, 85200ED9-DE4E-56C5-BF1F-EB8023971EA3, firefox, 2018-04-10 09:41:54, contaminated
trace_3.2_fail, 78A3FD5A-F979-DDFC-41E8-2F4BB30FD5DD, firefox, 2018-04-10 09:41:54, contaminated
trace_3.2_fail, 1ABC9C28-F4AA-C14F-B9EC-B800FEAFDED3, firefox, 2018-04-10 09:41:54, contaminated
trace_3.2_fail, 7DCD2D5A-47C7-6BE1-AAB9-BC9A73D6ABA4, firefox, 2018-04-10 09:41:54, contaminated
trace_3.2_fail, 92390781-C76F-3094-0201-BF28D35930DD, firefox, 2018-04-10 09:41:54, contaminated
trace_3.2_fail, A6342221-17C8-168C-7A6E-4E1257CB50A3, firefox, 2018-04-10 09:41:54, contaminated
trace_3.2_fail, FAFF3582-A829-DBF2-4ED7-88731B668793, firefox, 2018-04-10 09:41:54, contaminated
trace_3.2_fail, 91A954EC-EF7F-33E7-76B1-E62DA56A3F00, firefox, 2018-04-10 09:41:54, contaminated
trace_3.2_fail, 6D9A3D9E-272B-F8AA-3086-D5A366D1D88E, firefox, 2018-04-10 09:41:54, contaminated
trace_3.2_fail, B29A723F-0372-411B-CF7E-CDD0A46FB336, firefox, 2018-04-10 09:41:54, contaminated
trace_3.2_fail, CE182D4B-D1BE-A06D-762A-97EEA3656B57, firefox, 2018-04-10 09:41:54, contaminated
trace_3.2_fail, 2CAD0FDC-531A-9A29-3C5A-B3958454FA20, firefox, 2018-04-10 09:41:54, contaminated
trace_3.2_fail, A16C55C5-3193-49A6-8DF5-C37530BD08D2, firefox, 2018-04-10 09:41:54, contaminated
trace_3.2_fail, 220B5F07-3E49-3867-F573-2893FB59F2ED, firefox, 2018-04-10 09:41:54, contaminated
trace_3.2_fail, 86CC2368-247B-4B9B-B01B-DD91FF02747B, firefox, 2018-04-10 09:41:54, contaminated
trace_3.2_fail, 41ADAD00-E2BE-A5AE-6D5A-486ACE7A7FA3, firefox, 2018-04-10 09:41:54, contaminated
trace_3.2_fail, 9903FAF8-F6B4-1C00-EEFF-727D750EB3E3, firefox, 2018-04-10 09:41:54, contaminated
trace_3.2_fail, B0B37A06-ACB7-0ECA-0EE5-C4F678CAAC5E, firefox, 2018-04-10 09:41:54, contaminated
trace_3.2_fail, A8559203-CDD1-0F6F-F413-2022B79A33E0, firefox, 2018-04-10 09:41:54, contaminated
trace_3.2_fail, 2FA4F8D0-AF31-AC87-8015-6A0F5A99B846, firefox, 2018-04-10 09:41:54, contaminated
trace_3.2_fail, F2BDBC41-A2E0-39A2-5F92-D519D271C8F1, firefox, 2018-04-10 09:41:54, contaminated
trace_3.2_fail, 90D2CDE8-B24C-FB40-35DF-034184B50F00, firefox, 2018-04-10 09:41:54, contaminated
trace_3.2_fail, CE94D168-5569-19D8-F64A-2FEF4775E4DE, firefox, 2018-04-10 09:41:54, contaminated
trace_3.2_fail, B55EC6A6-D755-2013-4281-24B840E86869, firefox, 2018-04-10 09:41:54, contaminated
trace_3.2_fail, 0C82AF84-0C66-A726-ECE5-6F91C0BE4D7F, firefox, 2018-04-10 09:41:54, contaminated
trace_3.2_fail, 8FBCBE2A-62FF-CACF-8058-FADF4A9829A2, firefox, 2018-04-10 09:41:54, contaminated
trace_3.2_fail, 3505E6C6-41B6-5B2A-EECA-37EAF0FCFBD0, firefox, 2018-04-10 09:41:54, contaminated
trace_3.2_fail, 4F9E41AC-8F31-438F-46D5-367827961917, firefox, 2018-04-10 09:41:54, contaminated
trace_3.2_fail, 4FE6B683-E1F6-8823-82B4-6966029C3A0F, firefox, 2018-04-10 09:41:54, contaminated
trace_3.2_fail, 2C6507E5-9895-D54B-21AE-98B08E6C5E9C, firefox, 2018-04-10 09:41:54, contaminated
trace_3.2_fail, 5C7D238E-4CD5-61DF-8496-702D37F39C85, firefox, 2018-04-10 09:41:54, contaminated
trace_3.2_fail, 404157F3-0E6F-FD1B-F675-DFF889787D71, firefox, 2018-04-10 09:41:54, contaminated
trace_3.2_fail, 2BA22A6A-0082-B002-F14E-232D90DFFD4A, firefox, 2018-04-10 09:41:54, contaminated
trace_3.2_fail, 2478E869-6475-5B11-A481-69EAFADF449B, firefox, 2018-04-10 09:41:54, contaminated
trace_3.2_fail, F95FEB32-F84E-BC2C-EC3C-FF4FD6E0AD94, firefox, 2018-04-10 09:41:54, contaminated
trace_3.2_fail, EB51FE69-E46D-3E7F-8FDC-50EAB3FDEEC6, firefox, 2018-04-10 09:41:54, contaminated
trace_3.2_fail, 04B8F45D-1216-5AB1-D540-D7F853102B35, firefox, 2018-04-10 09:41:54, contaminated
trace_3.2_fail, 34689431-0C7B-4C90-1A72-261036CC6F7F, firefox, 2018-04-10 09:41:54, contaminated
trace_3.2_fail, D805EAFC-5142-B4EC-C7CE-4C471DEEA954, firefox, 2018-04-10 09:41:54, contaminated
trace_3.2_fail, 99347306-77D0-ABD2-1089-614BD3E862D2, firefox, 2018-04-10 09:41:54, contaminated
trace_3.2_fail, 4C0B619A-F2C9-088C-3E71-3A745968E427, firefox, 2018-04-10 09:41:54, contaminated
trace_3.2_fail, 029DF49C-A8A0-4AA2-142D-04D3ECC986F5, firefox, 2018-04-10 09:41:54, contaminated
trace_3.2_fail, 70EBCB9E-E6BB-2680-7002-55867231F3F2, firefox, 2018-04-10 09:41:54, contaminated
trace_3.2_fail, 20651E66-13FD-F58C-A015-C1AA536A34EC, firefox, 2018-04-10 09:41:54, contaminated
trace_3.2_fail, 0C04B802-5FE1-4B31-369F-B01A49528D1B, firefox, 2018-04-10 09:41:54, contaminated
trace_3.2_fail, 96EF26EB-DB21-B788-1B51-55A8BFCA2715, firefox, 2018-04-10 09:41:54, contaminated
trace_3.2_fail, 4F9AD420-87A7-1B42-183B-20930D1499C0, firefox, 2018-04-10 09:41:54, contaminated
trace_3.2_fail, 7902BCF4-2F5D-9A21-C2F0-8248BB7713EA, firefox, 2018-04-10 09:41:54, contaminated
trace_3.2_fail, 5F3EBB30-E177-BFA1-A973-32DFDBC56F78, firefox, 2018-04-10 09:41:54, contaminated
trace_3.2_fail, 35580820-2E1A-FDFD-87D1-BA783A602BB7, firefox, 2018-04-10 09:41:54, contaminated
trace_3.2_fail, 59B6CCBD-B099-F198-F1F0-B5BA970F1445, firefox, 2018-04-10 09:41:54, contaminated
trace_3.2_fail, 0FAADA09-C50E-72F2-FD98-66DE3CA17CB5, firefox, 2018-04-10 09:41:54, contaminated
trace_3.2_fail, 168638B6-5531-2870-AB79-F4EFD993D97B, firefox, 2018-04-10 09:41:54, contaminated
trace_3.2_fail, 957DAE11-5E59-3B69-6416-08C1624663A0, firefox, 2018-04-10 09:41:54, contaminated
trace_3.2_fail, DBD34221-3149-A415-B21E-4FCF94675DB5, firefox, 2018-04-10 09:41:54, contaminated
trace_3.2_fail, 9D6E0FCC-1D7A-B711-5894-001438B8A1C8, firefox, 2018-04-10 09:41:54, contaminated
trace_3.2_fail, E90587ED-6185-05A0-F360-9F26BC7E3016, firefox, 2018-04-10 09:41:54, contaminated
trace_3.2_fail, F03CA2EF-4EB0-3B16-94DA-BD1864151C79, firefox, 2018-04-10 09:41:54, contaminated
trace_3.2_fail, 51764457-410A-9C5E-6E0C-AAC0084A6372, firefox, 2018-04-10 09:41:54, contaminated
trace_3.2_fail, 8B95C342-8C63-5E3C-9530-85727E4C1D61, firefox, 2018-04-10 09:41:54, contaminated
trace_3.2_fail, 786D0BE8-30F0-5AF4-2BC8-C0B097EBA6C7, firefox, 2018-04-10 09:41:54, contaminated
trace_3.2_fail, D19F727F-8805-BA19-1EB0-E8CEF1A13CA6, firefox, 2018-04-10 09:41:54, contaminated
trace_3.2_fail, 7ABF5DD7-7908-A657-A4CC-6AE0FC07FDEA, firefox, 2018-04-10 09:41:54, contaminated
trace_3.2_fail, 3463156C-F6E9-9AA3-F559-E3026917226A, firefox, 2018-04-10 09:41:54, contaminated
trace_3.2_fail, 0A7E06C5-E57C-6044-F42D-5258597FAB9E, firefox, 2018-04-10 09:41:54, contaminated
trace_3.2_fail, 1C9B4A70-B2C2-B9ED-C982-1EC5876EABC0, firefox, 2018-04-10 09:41:54, contaminated
trace_3.2_fail, 184ECA45-C2C8-A125-6C9B-1D7B880CD9A3, firefox, 2018-04-10 09:41:54, contaminated
trace_3.2_fail, 92235910-BD19-C40A-FBA8-483B4C7C14FC, firefox, 2018-04-10 09:41:54, contaminated
trace_3.2_fail, B9877053-1AAF-1587-498F-2A7EBD653A80, firefox, 2018-04-10 09:41:54, contaminated
trace_3.2_fail, 9F05F420-5F1D-62D8-0CFA-235C29ECFD28, firefox, 2018-04-10 09:41:54, contaminated
trace_3.2_fail, AD0C1F20-2134-8DA6-9AE9-94CC1FEDDCF1, firefox, 2018-04-10 09:41:54, contaminated
trace_3.2_fail, FE86EBA0-F44D-8B86-5AAA-9E0183A23ADA, firefox, 2018-04-10 09:41:54, contaminated
trace_3.2_fail, 9D0F2BB5-672D-5387-413C-E0D47F675DA2, firefox, 2018-04-10 09:41:54, contaminated
trace_3.2_fail, 912ED20D-398E-DDC5-1D26-CBD474AE8C82, firefox, 2018-04-10 09:41:54, contaminated
trace_3.2_fail, C0FAF68E-AF34-24DB-DF9E-4068B3A115AD, firefox, 2018-04-10 09:41:54, contaminated
trace_3.2_fail, C4DE796A-32ED-8040-6BEF-16219AE2E887, firefox, 2018-04-10 09:41:54, contaminated
trace_3.2_fail, 893593F7-A775-C418-86F1-1517AAE44037, firefox, 2018-04-10 09:41:54, contaminated
trace_3.2_fail, ED6C3B69-AF5A-4124-A6F4-C40A1F23ED3D, firefox, 2018-04-10 09:41:54, contaminated
trace_3.2_fail, 5878A9BA-68F7-73AE-F376-9FC7366F1932, firefox, 2018-04-10 09:41:54, contaminated
trace_3.2_fail, C29D1C19-065D-CBE3-DE43-FAD1AF6FB793, firefox, 2018-04-10 09:41:54, contaminated
trace_3.2_fail, 573AE959-2DEF-29F8-4A40-1CDB9EC942A4, firefox, 2018-04-10 09:41:54, contaminated
trace_3.2_fail, 648A5B6C-00AA-44EA-C2BF-B3EADE11D2BE, firefox, 2018-04-10 09:41:54, contaminated
trace_3.2_fail, BB275729-030E-54A4-419B-EC9CE8564DEC, firefox, 2018-04-10 09:41:54, contaminated
trace_3.2_fail, 552A7513-DC8C-E464-3E92-D7CD95D384E0, firefox, 2018-04-10 09:41:54, contaminated
trace_3.2_fail, 73CFF353-BE36-D682-7715-02065B54A211, firefox, 2018-04-10 09:41:54, contaminated
trace_3.2_fail, 42FFFD2A-0724-BD85-39FC-8AAD9F1CE034, firefox, 2018-04-10 09:41:54, contaminated
trace_3.2_fail, A120ABCD-8AB6-5553-F212-5FAD16A004FA, firefox, 2018-04-10 09:41:54, contaminated
trace_3.2_fail, A1FC5924-8264-C14B-7F77-DB149222443D, firefox, 2018-04-10 09:41:54, contaminated
trace_3.2_fail, 81D7F531-D930-7205-0536-26DF5F06B011, firefox, 2018-04-10 09:41:54, contaminated
trace_3.2_fail, A27F3F73-A4E8-7C32-F905-EEFAC3A88310, firefox, 2018-04-10 09:41:54, contaminated
trace_3.2_fail, 509CA2EC-0308-660B-A5DF-D5921E978E64, firefox, 2018-04-10 09:41:54, contaminated
trace_3.2_fail, 79300C94-333F-E438-0D8F-39CD9ECA69E0, firefox, 2018-04-10 09:41:54, contaminated
trace_3.2_fail, AA27680A-A23B-ACB3-D0AD-B4BC930E999D, firefox, 2018-04-10 09:41:54, contaminated
trace_3.2_fail, 1CC43351-767F-3384-8707-ADBD774609B9, firefox, 2018-04-10 09:41:54, contaminated
trace_3.2_fail, E16B5E02-960C-D8F0-3CEA-B75FF402E04A, firefox, 2018-04-10 09:41:54, contaminated
trace_3.2_fail, 23947E2B-5A77-870D-3D4F-E5F667B21FC3, firefox, 2018-04-10 09:41:54, contaminated
trace_3.2_fail, 3938BED4-77D5-9C44-EAEF-63D6001E3C46, firefox, 2018-04-10 09:41:54, contaminated
trace_3.2_fail, 2C481C6B-762D-2918-1115-B13FD500CD65, firefox, 2018-04-10 09:41:54, contaminated
trace_3.2_fail, C232D7B9-4C4D-10EC-F0B4-1EEEF710ED4D, firefox, 2018-04-10 09:41:54, contaminated
trace_3.2_fail, 8386BBA1-7EE7-6DC8-C75B-2F8FAC0BBDE7, firefox, 2018-04-10 09:41:54, contaminated
trace_3.2_fail, 0C093905-AB9E-BBD5-FB68-6C9F0D2C62B4, firefox, 2018-04-10 09:41:54, contaminated
trace_3.2_fail, 828530AA-3F3B-9D93-693C-9AA069C8AA45, firefox, 2018-04-10 09:41:54, contaminated
trace_3.2_fail, 31B98863-FE5D-4010-C9AC-56E98C2FFD53, firefox, 2018-04-10 09:41:54, contaminated
trace_3.2_fail, 410B552C-8C89-35C4-F31E-3B9AAFF0134F, firefox, 2018-04-10 09:41:54, contaminated
trace_3.2_fail, A14E50A5-B970-B88C-22FC-A74A1DC21AFB, firefox, 2018-04-10 09:41:54, contaminated
trace_3.2_fail, BF10EFDD-C3E3-14D0-630F-C0AF5A391248, firefox, 2018-04-10 09:41:54, contaminated
trace_3.2_fail, 2929E953-8440-9D84-D040-B5A3A5E89E21, firefox, 2018-04-10 09:41:54, contaminated
trace_3.2_fail, 69727F4C-0E7A-E698-711C-CC7966500C6D, firefox, 2018-04-10 09:41:54, contaminated
trace_3.2_fail, D2589DB3-6409-5094-E477-39F70D8AF743, firefox, 2018-04-10 09:41:54, contaminated
trace_3.2_fail, 1A4F496A-1906-ED2D-A7EA-136A7A0CACF0, firefox, 2018-04-10 09:41:54, contaminated
trace_3.2_fail, 2CF096B4-641E-9CB8-358B-47158187071B, firefox, 2018-04-10 09:41:54, contaminated
trace_3.2_fail, 89CE34A2-6ACF-D394-50F0-91C6B0F57FB5, firefox, 2018-04-10 09:41:54, contaminated
trace_3.2_fail, 98177998-1629-038C-F375-0D4596A846C3, firefox, 2018-04-10 09:41:54, contaminated
trace_3.2_fail, 59C79A1D-D851-D030-EAD7-FF509953A8D7, firefox, 2018-04-10 09:41:54, contaminated
trace_3.2_fail, 5AA95D3D-3AA0-B881-B173-8C0EDFB29CC5, firefox, 2018-04-10 09:41:54, contaminated
trace_3.2_fail, 04052805-E3AD-5D89-541F-3228EB353F5C, firefox, 2018-04-10 09:41:54, contaminated
trace_3.2_fail, 3E4C3368-C4CE-9653-8017-EB2242E18E72, firefox, 2018-04-10 09:41:54, contaminated
trace_3.2_fail, D985798D-A4DA-2B08-96C5-1A40579BC2D4, firefox, 2018-04-10 09:41:54, contaminated
trace_3.2_fail, 1A672670-5768-CF64-0676-688925C614AA, firefox, 2018-04-10 09:41:54, contaminated
trace_3.2_fail, 988BA0EF-CB83-2D0C-0A3A-44ED859199AB, firefox, 2018-04-10 09:41:54, contaminated
trace_3.2_fail, 7EC41D28-D746-F732-BB83-3DDB7A2A36C6, firefox, 2018-04-10 09:41:54, contaminated
trace_3.2_fail, 6098B32D-D96D-6A47-C666-D4FFEF3491EE, firefox, 2018-04-10 09:41:54, contaminated
trace_3.2_fail, 710CF2E6-0526-5AEE-AB73-2A159B916373, firefox, 2018-04-10 09:41:54, contaminated
trace_3.2_fail, 47887927-272D-B517-9D8B-55863161244E, firefox, 2018-04-10 09:41:54, contaminated
trace_3.2_fail, 38965B7E-1680-4F43-3834-5B7D2F5F3781, firefox, 2018-04-10 09:41:54, contaminated
trace_3.2_fail, D7FA4265-FADF-5786-8687-E69F6895FA60, firefox, 2018-04-10 09:41:54, contaminated
trace_3.2_fail, F42C3C43-8763-672F-F88E-CFF098974599, firefox, 2018-04-10 09:41:54, contaminated
trace_3.2_fail, 66FF5CAE-20F3-49C1-31C4-80B2ED579747, firefox, 2018-04-10 09:41:54, contaminated
trace_3.2_fail, E368DCDC-EA4A-3B9A-D715-9AA9A5E5D7C5, firefox, 2018-04-10 09:41:54, contaminated
trace_3.2_fail, B01CB493-E01F-DCF1-4A79-39E44780511D, firefox, 2018-04-10 09:41:54, contaminated
trace_3.2_fail, 3AEF9839-A348-8DCC-93AA-422304823400, firefox, 2018-04-10 09:41:54, contaminated
trace_3.2_fail, 23B539F2-AC89-3BB6-04C8-E319FD0C609A, firefox, 2018-04-10 09:41:54, contaminated
trace_3.2_fail, 191670F9-731E-1C31-EFA7-E5EB1FE22880, firefox, 2018-04-10 09:41:54, contaminated
trace_3.2_fail, F64B57AC-890F-F536-A961-A1D714252507, firefox, 2018-04-10 09:41:54, contaminated
trace_3.2_fail, 30C12257-ED7D-70C0-3105-FC719BAFB6B2, firefox, 2018-04-10 09:41:54, contaminated
trace_3.2_fail, 286296BB-B3D5-15E5-527D-585C8918243D, firefox, 2018-04-10 09:41:54, contaminated
trace_3.2_fail, F6EDB151-DC59-7FA1-383A-263E92237532, firefox, 2018-04-10 09:41:54, contaminated
trace_3.2_fail, 3BF60F71-8CBE-1EF4-F439-72D79EAC5610, firefox, 2018-04-10 09:41:54, contaminated
trace_3.2_fail, BDA90A78-AF75-8EA4-5674-0126571A9346, firefox, 2018-04-10 09:41:54, contaminated
trace_3.2_fail, 66BCA29B-43F4-5194-23B8-AC54AFCA8658, firefox, 2018-04-10 09:41:54, contaminated
trace_3.2_fail, 27E1DFFC-0521-20B9-3033-3E0A1237EFE1, firefox, 2018-04-10 09:41:54, contaminated
trace_3.2_fail, B768C118-A998-33E4-1A72-44079AC6FA9B, firefox, 2018-04-10 09:41:54, contaminated
trace_3.2_fail, BA2757A8-99B8-6755-C866-A3ED864047FE, firefox, 2018-04-10 09:41:54, contaminated
trace_3.2_fail, D89045B3-939C-0784-404C-DE71BEF433EE, firefox, 2018-04-10 09:41:54, contaminated
trace_3.2_fail, F76C2E6E-D93B-EF92-AB7B-BD9DA18566E2, firefox, 2018-04-10 09:41:54, contaminated
trace_3.2_fail, 2E236B36-9CA8-94CE-BA36-A1222C6E65DB, firefox, 2018-04-10 09:41:54, contaminated
trace_3.2_fail, 8B0CA2E6-5367-3C9F-DF1D-B63B5511CC9C, firefox, 2018-04-10 09:41:54, contaminated
trace_3.2_fail, 46A9678D-D4B0-1776-91D2-0AF837BFC35F, firefox, 2018-04-10 09:41:54, contaminated
trace_3.2_fail, BA01AC7C-0813-5EB6-FD56-4BFFD00239A3, firefox, 2018-04-10 09:41:54, contaminated
trace_3.2_fail, 3ABBC247-5CB9-98E2-28E6-F36AE7E3E41C, firefox, 2018-04-10 09:41:54, contaminated
trace_3.2_fail, 4FFF1E6E-FE6F-4D2C-CB66-7E295278E357, firefox, 2018-04-10 09:41:54, contaminated
trace_3.2_fail, 74A67494-9615-FAAB-7C17-07F005DB1B34, firefox, 2018-04-10 09:41:54, contaminated
trace_3.2_fail, A4D68FF9-CBA5-0128-E6AF-3DA1DCB70BFA, firefox, 2018-04-10 09:41:54, contaminated
trace_3.2_fail, 9A42B190-DB8C-F4F2-610B-F4071BC6646D, firefox, 2018-04-10 09:41:54, contaminated
trace_3.2_fail, 52E84300-8A42-5FD7-A4CA-915F4FB3E2C1, firefox, 2018-04-10 09:41:54, contaminated
trace_3.2_fail, F0004A31-C3BF-E09B-B64F-6355AE95DC03, firefox, 2018-04-10 09:41:54, contaminated
trace_3.2_fail, 385F3A9B-CB83-0830-1460-9E0A2FD5D021, firefox, 2018-04-10 09:41:54, contaminated
trace_3.2_fail, 03A474EA-632E-9E65-CD7F-56A332F532B1, firefox, 2018-04-10 09:41:54, contaminated
trace_3.2_fail, 52943712-E395-063D-8357-2B243E3FA971, firefox, 2018-04-10 09:41:54, contaminated
trace_3.2_fail, 33FE537E-582C-A27B-6E6D-5A3045F24EAC, firefox, 2018-04-10 09:41:54, contaminated
trace_3.2_fail, 0C77F221-3733-3C82-1122-AA957ED66E4B, firefox, 2018-04-10 09:41:54, contaminated
trace_3.2_fail, BA55CF12-86E8-8362-575A-A1928F05D6C9, firefox, 2018-04-10 09:41:54, contaminated
trace_3.2_fail, 06262D19-7C3C-8D88-25F5-BE7D67A1D608, firefox, 2018-04-10 09:41:54, contaminated
trace_3.2_fail, 08E96B94-285E-C79B-3843-3D1BDE0D9352, firefox, 2018-04-10 09:41:54, contaminated
trace_3.2_fail, BFCD8809-3CD6-CD33-A856-2CD69D2468C4, firefox, 2018-04-10 09:41:54, contaminated
trace_3.2_fail, 7F461F00-623A-74F7-B1B8-343AAC93C06D, firefox, 2018-04-10 09:41:54, contaminated
trace_3.2_fail, 6568310C-F9BE-4AB4-B036-C0EE4CDA2EE9, firefox, 2018-04-10 09:41:54, contaminated
trace_3.2_fail, 45413CFC-C823-F765-2E32-6326C3A9B637, firefox, 2018-04-10 09:41:54, contaminated
trace_3.2_fail, D63D3741-5487-DB82-03D6-C2B34D449589, firefox, 2018-04-10 09:41:54, contaminated
trace_3.2_fail, 746AAC0E-5ED9-2C9B-41A0-B536467DC77D, firefox, 2018-04-10 09:41:54, contaminated
trace_3.2_fail, 4BFDA7C8-F7CD-1299-F487-9171ED258968, firefox, 2018-04-10 09:41:54, contaminated
trace_3.2_fail, 4A9750C6-B919-6326-FC0E-B77B1D7C7818, firefox, 2018-04-10 09:41:54, contaminated
trace_3.2_fail, 9D310B45-78B4-6317-0087-FF501AC32D4F, firefox, 2018-04-10 09:41:54, contaminated
trace_3.2_fail, 826FA130-BC74-4BD7-BF9A-5349E3A38EA9, firefox, 2018-04-10 09:41:54, contaminated
trace_3.2_fail, B080A51E-C2AB-A112-B7D5-8C915E2D5AF5, firefox, 2018-04-10 09:41:54, contaminated
trace_3.2_fail, 30EDEF1B-11F6-AD4B-98C6-A56532636DFC, firefox, 2018-04-10 09:41:54, contaminated
trace_3.2_fail, A52C00D1-6CDD-FE94-7F42-8AE0EFFF435B, firefox, 2018-04-10 09:41:54, contaminated
trace_3.2_fail, FC6740BE-9A3C-A47D-51B6-5FB2BC50CB05, firefox, 2018-04-10 09:41:54, contaminated
trace_3.2_fail, 2181681C-765F-D43F-79A0-C9C5646CFBB6, firefox, 2018-04-10 09:41:54, contaminated
trace_3.2_fail, BA5FB504-00FC-CB3E-0B73-9328C61FB005, firefox, 2018-04-10 09:41:54, contaminated
trace_3.2_fail, E4FFDFA6-ECC3-42A7-647F-B727FA05998C, firefox, 2018-04-10 09:41:54, contaminated
trace_3.2_fail, 347BC9A1-1879-2D30-6943-B903D4FA2B91, firefox, 2018-04-10 09:41:54, contaminated
trace_3.2_fail, ECD87ADC-E70D-B25B-E627-E2A60B0B956E, firefox, 2018-04-10 09:41:54, contaminated
trace_3.2_fail, E9B1FE29-4013-A3A1-096F-E2A86882D33E, firefox, 2018-04-10 09:41:54, contaminated
trace_3.2_fail, B33DE7ED-8224-247C-3CBA-AF312184C921, firefox, 2018-04-10 09:41:54, contaminated
trace_3.2_fail, DF613846-CB08-8A87-EFFF-0F1E5F31C57C, firefox, 2018-04-10 09:41:54, contaminated
trace_3.2_fail, 4F5D94D5-CCCE-45FA-2EF6-49A4F195BEB4, firefox, 2018-04-10 09:41:54, contaminated
trace_3.2_fail, F614BBEA-D18D-80FD-AD3A-9BCBDFC49269, firefox, 2018-04-10 09:41:54, contaminated
trace_3.2_fail, 03BD9350-EF0D-4FA4-456C-C541AB18B815, firefox, 2018-04-10 09:41:54, contaminated
trace_3.2_fail, D858D53B-94F2-0033-D714-6982CF0DB549, firefox, 2018-04-10 09:41:54, contaminated
trace_3.2_fail, C089E4B8-4B6C-2FCA-DF2E-5DC541D202DA, firefox, 2018-04-10 09:41:54, contaminated
trace_3.2_fail, B6E3E3A9-B063-F8C3-19CA-05A0996D771D, firefox, 2018-04-10 09:41:54, contaminated
trace_3.2_fail, 32E265B7-63F4-C2D8-7A88-9B3426498C8C, firefox, 2018-04-10 09:41:54, contaminated
trace_3.2_fail, 0441D09F-6FBC-3D39-85D6-50EE832EDFF0, firefox, 2018-04-10 09:41:54, contaminated
trace_3.2_fail, 4FD5C453-6747-B281-C35E-3D82AA7915E9, firefox, 2018-04-10 09:41:54, contaminated
trace_3.2_fail, 2D95C4EA-CA91-B2D4-C06D-7AF02BF3D102, firefox, 2018-04-10 09:41:54, contaminated
trace_3.2_fail, 1A38BC92-4672-CCDA-DF7F-52D81F0EC992, firefox, 2018-04-10 09:41:54, contaminated
trace_3.2_fail, 123E2D8E-0B63-F875-1E04-F49E21888856, firefox, 2018-04-10 09:41:54, contaminated
trace_3.2_fail, 35D8BCC0-F03F-1052-70BF-D77BAF4E17A6, firefox, 2018-04-10 09:41:54, contaminated
trace_3.2_fail, 4E7F8FFF-E1B5-84D5-99B3-F7B81214C9C1, firefox, 2018-04-10 09:41:54, contaminated
trace_3.2_fail, 274FF8EF-D6D2-C033-1C3B-212A5A76E0B0, firefox, 2018-04-10 09:41:54, contaminated
trace_3.2_fail, 762ED488-9B30-0E16-76F8-6200582FF8DE, firefox, 2018-04-10 09:41:54, contaminated
trace_3.2_fail, 30100B08-3EF2-757F-7EE4-4B38297B1D96, firefox, 2018-04-10 09:41:54, contaminated
trace_3.2_fail, 26B22CDE-D4A0-73C7-FD1C-CB1BC072AEF8, firefox, 2018-04-10 09:41:54, contaminated
trace_3.2_fail, 4AEFDC06-F76F-C995-F6DD-C9F8F9A5B434, firefox, 2018-04-10 09:41:54, contaminated
trace_3.2_fail, 898B07F8-7322-BF84-BB24-4457E0E645FE, firefox, 2018-04-10 09:41:54, contaminated
trace_3.2_fail, 61EBB750-C63C-CE6B-FDC3-4258BE9A24A7, firefox, 2018-04-10 09:41:54, contaminated
trace_3.2_fail, 5CE42A8C-71F0-A09E-1884-62337E39E681, firefox, 2018-04-10 09:41:54, contaminated
trace_3.2_fail, 0AC7AC10-5D89-482C-ED56-2E4F98C8AB87, firefox, 2018-04-10 09:41:54, contaminated
trace_3.2_fail, 2AAB488B-4AC1-EBE7-EACA-E9DC7B66BE1D, firefox, 2018-04-10 09:41:54, contaminated
trace_3.2_fail, 814D8F8D-FDB4-1BC2-DA04-E353289EB228, firefox, 2018-04-10 09:41:54, contaminated
trace_3.2_fail, B1B27F3B-AEAC-70F1-2881-0671C1BAF47E, firefox, 2018-04-10 09:41:54, contaminated
trace_3.2_fail, C5B36C9A-A5DC-136D-D286-836B9A623847, firefox, 2018-04-10 09:41:54, contaminated
trace_3.2_fail, F7C0C281-EDAB-D4B1-5DCC-9731A238E5A9, firefox, 2018-04-10 09:41:54, contaminated
trace_3.2_fail, 57F05663-AC1D-E644-4791-4CAB23558404, firefox, 2018-04-10 09:41:54, contaminated
trace_3.2_fail, 25C718F4-C6D4-C79D-0064-FB3124AA9C6C, firefox, 2018-04-10 09:41:54, contaminated
trace_3.2_fail, BAF1A9F5-2F12-4F57-A186-527EDEA9EA92, firefox, 2018-04-10 09:41:54, contaminated
trace_3.2_fail, B14EA546-77C0-2BAC-1F19-C11CD232005E, firefox, 2018-04-10 09:41:54, contaminated
trace_3.2_fail, 21D42FDC-4531-1658-A2FD-A98A1F30A6D0, firefox, 2018-04-10 09:41:54, contaminated
trace_3.2_fail, B4FEC5ED-98FC-EB42-B52C-1140A82FF3C4, firefox, 2018-04-10 09:41:54, contaminated
trace_3.2_fail, B6D0BE46-FCF9-6380-7762-5C52A2873D92, firefox, 2018-04-10 09:41:54, contaminated
trace_3.2_fail, 02034200-B438-370B-AAA0-5E6487D5F582, firefox, 2018-04-10 09:41:54, contaminated
trace_3.2_fail, 9B26694F-F3E6-8A1C-242C-119B58BA0BD3, firefox, 2018-04-10 09:41:54, contaminated
trace_3.2_fail, 624EA887-B63B-96A5-0FDD-D8F766BC01E4, firefox, 2018-04-10 09:41:54, contaminated
trace_3.2_fail, FB12538A-6193-220F-F03A-1AD7CCFF0F6A, firefox, 2018-04-10 09:41:54, contaminated
trace_3.2_fail, 250E3AEE-39CA-9531-23B3-93FABF4BB40C, firefox, 2018-04-10 09:41:54, contaminated
trace_3.2_fail, DE158E3A-A92D-CFDF-C428-EEEB4F61648E, firefox, 2018-04-10 09:41:54, contaminated
trace_3.2_fail, 5207B57D-D26C-856A-96D8-D649BFE2756D, firefox, 2018-04-10 09:41:54, contaminated
trace_3.2_fail, 7CFE4307-FEA2-055E-B305-DA5B73DAF69F, firefox, 2018-04-10 09:41:54, contaminated
trace_3.2_fail, CD7DC835-FF1D-3B79-BA56-3617EAF54982, firefox, 2018-04-10 09:41:54, contaminated
trace_3.2_fail, 5FFEFC2F-2B3D-C7AE-C76F-8CFAF8EC3DE2, firefox, 2018-04-10 09:41:54, contaminated
trace_3.2_fail, 388AC4A1-4DED-4082-A39C-395AB043063E, firefox, 2018-04-10 09:41:54, contaminated
trace_3.2_fail, C4F6F399-DD16-DACC-4703-E5FED4E9E56F, firefox, 2018-04-10 09:41:54, contaminated
trace_3.2_fail, 18AF3B68-07C7-1937-894D-99751A995028, firefox, 2018-04-10 09:41:54, contaminated
trace_3.2_fail, CDAAD406-237C-98DA-5870-6CB58E084A8E, firefox, 2018-04-10 09:41:54, contaminated
trace_3.2_fail, 28B5DA33-953B-AEF2-AD5F-ED9CC0D6C492, firefox, 2018-04-10 09:41:54, contaminated
trace_3.2_fail, 9D2316E7-9AD7-E144-79AA-CF791F14CE11, firefox, 2018-04-10 09:41:54, contaminated
trace_3.2_fail, F7FC0065-D39D-E87F-8834-DD14B1DE9F00, firefox, 2018-04-10 09:41:54, contaminated
trace_3.2_fail, 91E5D431-8217-37FB-21ED-C3005051C0A2, firefox, 2018-04-10 09:41:54, contaminated
trace_3.2_fail, 97D049B3-4FF4-9ED1-CE49-763D98CA46B6, firefox, 2018-04-10 09:41:54, contaminated
trace_3.2_fail, 12D11A5B-EF39-5AB4-EBFA-BC7FFEA6916C, firefox, 2018-04-10 09:41:54, contaminated
trace_3.2_fail, 0CB8FA31-EA80-C1EA-F136-1CE05416417D, firefox, 2018-04-10 09:41:54, contaminated
trace_3.2_fail, 8BF331CB-9728-DFC4-5778-8B89DA16BE0B, firefox, 2018-04-10 09:41:54, contaminated
trace_3.2_fail, EAE56232-EFA0-4659-5ECA-EA71B47F7D81, firefox, 2018-04-10 09:41:54, contaminated
trace_3.2_fail, 852D6BA2-30BB-6A77-AA42-11A0D0C075A4, firefox, 2018-04-10 09:41:54, contaminated
trace_3.2_fail, 36E94A65-2B13-8E9D-DD17-C4FDC1820C3E, firefox, 2018-04-10 09:41:54, contaminated
trace_3.2_fail, FB212177-7988-A49E-3E32-451D7A6B251B, firefox, 2018-04-10 09:41:54, contaminated
trace_3.2_fail, 998C5C75-DEF1-5899-F9E8-DFAC0FA893C1, firefox, 2018-04-10 09:41:54, contaminated
trace_3.2_fail, 16BBAE0F-F6C0-DFB4-EEBE-14068706A602, firefox, 2018-04-10 09:41:54, contaminated
trace_3.2_fail, 4C8B7326-BF0E-1E67-29DE-2ECF978EDF89, firefox, 2018-04-10 09:41:54, contaminated
trace_3.2_fail, 6DA00F22-729F-5B89-24AC-67D0A891A028, firefox, 2018-04-10 09:41:54, contaminated
trace_3.2_fail, 3A1C77E5-3A06-8CC5-E89A-738B2F5212A1, firefox, 2018-04-10 09:41:54, contaminated
trace_3.2_fail, 71F51C60-CDB2-5D13-CAE9-0D5A98817049, firefox, 2018-04-10 09:41:54, contaminated
trace_3.2_fail, 1B6B019F-0CCF-CFAE-A4CC-AE0915389B94, firefox, 2018-04-10 09:41:54, contaminated
trace_3.2_fail, CD9CB499-0F31-CDBC-B9AF-377A9C799E64, firefox, 2018-04-10 09:41:54, contaminated
trace_3.2_fail, 726FDE8A-62B0-5E54-19FF-49792712BF82, firefox, 2018-04-10 09:41:54, contaminated
trace_3.2_fail, F1D43AD0-38B1-B8C5-99C7-8F17C6D0BFBB, firefox, 2018-04-10 09:41:54, contaminated
trace_3.2_fail, 00DBA230-BF09-A426-F338-10AA3553A266, firefox, 2018-04-10 09:41:54, contaminated
trace_3.2_fail, 6A635724-A399-E398-2CC2-2D97EE3B3B36, firefox, 2018-04-10 09:41:54, contaminated
trace_3.2_fail, 242C238A-AAAC-5D29-68AE-7B491F84477A, firefox, 2018-04-10 09:41:54, contaminated
trace_3.2_fail, 0B11B539-D692-7155-52CD-BA07C808FBFD, firefox, 2018-04-10 09:41:54, contaminated
trace_3.2_fail, C60D120C-50DD-9170-51EC-7DC5B3C7134B, firefox, 2018-04-10 09:41:54, contaminated
trace_3.2_fail, 10F7FFA5-021B-CC25-AF6A-8B1A8998148B, firefox, 2018-04-10 09:41:54, contaminated
trace_3.2_fail, 95F11E8B-7BEC-E76D-CBC8-B7774754A1B8, firefox, 2018-04-10 09:41:54, contaminated
trace_3.2_fail, 8C033E9D-0575-93FE-D5B5-08D856C35EF9, firefox, 2018-04-10 09:41:54, contaminated
trace_3.2_fail, 4CB8335D-B978-A151-7F89-18D9F2178268, firefox, 2018-04-10 09:41:54, contaminated
trace_3.2_fail, 2394C47F-66FC-2652-6F69-F1DA92C141AE, firefox, 2018-04-10 09:41:54, contaminated
trace_3.2_fail, 7CCBE2C0-85E1-5D69-01F1-322274E00DD4, firefox, 2018-04-10 09:41:54, contaminated
trace_3.2_fail, 59968C26-B73B-9262-5E3A-4D021D0A0C8C, firefox, 2018-04-10 09:41:54, contaminated
trace_3.2_fail, 564D25F5-C431-F734-AE95-66D4BEAA8A9D, firefox, 2018-04-10 09:41:54, contaminated
trace_3.2_fail, 2EEEB4BE-6340-53F1-FC99-575485ABF4DB, firefox, 2018-04-10 09:41:54, contaminated
trace_3.2_fail, 7C14E2FD-0A31-F65E-E1B2-3BEA5072ED5D, firefox, 2018-04-10 09:41:54, contaminated
trace_3.2_fail, B30AB79D-7253-DA34-CFD2-0B0C3802E967, firefox, 2018-04-10 09:41:54, contaminated
trace_3.2_fail, A7B038A8-E415-0C60-09EE-6E0A54785374, firefox, 2018-04-10 09:41:54, contaminated
trace_3.2_fail, D703E369-C385-55E3-BF1B-674EF128E0F7, firefox, 2018-04-10 09:41:54, contaminated
trace_3.2_fail, 57C8CC48-157E-7A6D-CB12-3F7078F37B06, firefox, 2018-04-10 09:41:54, contaminated
trace_3.2_fail, BC2C4F25-3BA9-17CF-CC9A-A71247AC1F1C, firefox, 2018-04-10 09:41:54, contaminated
trace_3.2_fail, 9B4CBACF-484F-34D4-5BEF-3D8D00681D53, firefox, 2018-04-10 09:41:54, contaminated
trace_3.2_fail, 28C50F72-9F2F-3F2F-F5E0-E40083E1B90E, firefox, 2018-04-10 09:41:54, contaminated
trace_3.2_fail, 5EB94708-DF16-9E43-4E8D-EBEE70741822, firefox, 2018-04-10 09:41:54, contaminated
trace_3.2_fail, 7AD6BF1E-2678-B5E0-F53D-DAA44FBA8C2A, firefox, 2018-04-10 09:41:54, contaminated
trace_3.2_fail, 0BA68014-6FAB-EEAC-D78C-DDE110E9CCF2, firefox, 2018-04-10 09:41:54, contaminated
trace_3.2_fail, 4CDB2426-BC53-A5D3-BFDA-14A5C1AE50C9, firefox, 2018-04-10 09:41:54, contaminated
trace_3.2_fail, 9469877C-0AD5-5146-A2BF-F1AE1259ED6C, firefox, 2018-04-10 09:41:54, contaminated
trace_3.2_fail, 9C8A9FBD-EDE3-9422-51BA-EC1A8DC81211, firefox, 2018-04-10 09:41:54, contaminated
trace_3.2_fail, B6980154-6C57-75BD-2355-9326D25608E0, firefox, 2018-04-10 09:41:54, contaminated
trace_3.2_fail, 7031C132-0998-38BB-A157-C57192193BDE, firefox, 2018-04-10 09:41:54, contaminated
trace_3.2_fail, A3495E6C-45AB-4ABD-29D2-A31D75F6BAA6, firefox, 2018-04-10 09:41:54, contaminated
trace_3.2_fail, BA02C220-D21F-4275-DC7C-552DE574D516, firefox, 2018-04-10 09:41:54, contaminated
trace_3.2_fail, F0545858-D6B1-CB90-D2A8-51CE05275632, firefox, 2018-04-10 09:41:54, contaminated
trace_3.2_fail, 2BCFC1F6-3C4B-0FDB-68EB-44CA93D4A7BE, firefox, 2018-04-10 09:41:54, contaminated
trace_3.2_fail, 0B035508-A171-89FA-8443-BCCAD362A47C, firefox, 2018-04-10 09:41:54, contaminated
trace_3.2_fail, 700FD7D0-DA89-0BEC-E2E6-9892CBDB9E0F, firefox, 2018-04-10 09:41:54, contaminated
trace_3.2_fail, CD63B057-234E-C239-3314-933342BFB7DD, firefox, 2018-04-10 09:41:54, contaminated
trace_3.2_fail, 8CD75CEA-564B-74A6-4A31-7041915C978E, firefox, 2018-04-10 09:41:54, contaminated
trace_3.2_fail, 2362BD53-9131-459C-D7F4-17E32B355CCE, firefox, 2018-04-10 09:41:54, contaminated
trace_3.2_fail, F1D9F1E5-8023-32BD-801F-436582225EAD, firefox, 2018-04-10 09:41:54, contaminated
trace_3.2_fail, 036FDAEC-85E0-56B2-9990-127A955F4254, firefox, 2018-04-10 09:41:54, contaminated
trace_3.2_fail, 6254C6EE-6909-366F-271F-EC6D4171FFD7, firefox, 2018-04-10 09:41:54, contaminated
trace_3.2_fail, 7A2B985A-666E-8B03-225B-0BF1A4E5C270, firefox, 2018-04-10 09:41:54, contaminated
trace_3.2_fail, 4D00CFCB-72D2-A42E-35A4-8C6B4ECD0FDD, firefox, 2018-04-10 09:41:54, contaminated
trace_3.2_fail, B6B66B9E-9556-728C-3C6A-E8F95F61D10B, firefox, 2018-04-10 09:41:54, contaminated
trace_3.2_fail, 93D5405B-7FB4-18C9-E3B9-E4ED7D355078, firefox, 2018-04-10 09:41:54, contaminated
trace_3.2_fail, F92DB023-AF47-3222-67CF-6B84D08333DE, firefox, 2018-04-10 09:41:54, contaminated
trace_3.2_fail, D4F213CB-36C3-07E2-2D2C-991385976344, firefox, 2018-04-10 09:41:54, contaminated
trace_3.2_fail, C1AB3BA6-4B91-3554-F35C-0CADCB8294FC, firefox, 2018-04-10 09:41:54, contaminated
trace_3.2_fail, 391C6972-EDEA-4B49-60FB-6BE5FA3F6706, firefox, 2018-04-10 09:41:54, contaminated
trace_3.2_fail, 411E181A-2D75-F1F0-5461-7889600018F0, firefox, 2018-04-10 09:41:54, contaminated
trace_3.2_fail, 3493E6FB-532A-6F51-9952-F8AAE69F9021, firefox, 2018-04-10 09:41:54, contaminated
trace_3.2_fail, 4E9A2084-C5E3-419F-72A7-BDF0ED217D77, firefox, 2018-04-10 09:41:54, contaminated
trace_3.2_fail, 067D36FB-F425-91D7-945D-E0E29A2731D9, firefox, 2018-04-10 09:41:54, contaminated
trace_3.2_fail, BFCFD730-B170-1F38-E8AE-3E289208DB4F, firefox, 2018-04-10 09:41:54, contaminated
trace_3.2_fail, DEECBCB3-AAA9-3437-31BC-487D78AE3A91, firefox, 2018-04-10 09:41:54, contaminated
trace_3.2_fail, 57F67F3F-695B-9FD7-7538-E172F28EFF2D, firefox, 2018-04-10 09:41:54, contaminated
trace_3.2_fail, 88FB6636-B19D-58C7-33A8-2C7D871D2AF0, firefox, 2018-04-10 09:41:54, contaminated
trace_3.2_fail, C0F4B10C-D2D9-CC1F-78CF-11CAB1228665, firefox, 2018-04-10 09:41:54, contaminated
trace_3.2_fail, DD48166D-7E94-6916-F3FD-13C3597CD09A, firefox, 2018-04-10 09:41:54, contaminated
trace_3.2_fail, C25B0E7A-6DAD-E8BA-CB4E-EA5C78A67423, firefox, 2018-04-10 09:41:54, contaminated
trace_3.2_fail, 052A2B47-F243-9971-AAF9-428A1A326179, firefox, 2018-04-10 09:41:54, contaminated
trace_3.2_fail, 420ADAD5-FC50-58BD-2211-8B4680FAC2D0, firefox, 2018-04-10 09:41:54, contaminated
trace_3.2_fail, 4320EC5B-3DBF-2EE3-594D-3B856B72A49E, firefox, 2018-04-10 09:41:54, contaminated
trace_3.2_fail, 893D82CD-32E6-0DAC-A3CC-91E614961E5B, firefox, 2018-04-10 09:41:54, contaminated
trace_3.2_fail, F03AA602-22C5-704E-91E9-916BB68EC9D5, firefox, 2018-04-10 09:41:54, contaminated
trace_3.2_fail, CF5A458C-E3F3-1F5F-C804-352A2FF905AA, firefox, 2018-04-10 09:41:54, contaminated
trace_3.2_fail, F3204AB0-0731-BED4-628E-22219FE3063A, firefox, 2018-04-10 09:41:54, contaminated
trace_3.2_fail, E7F9630F-4D10-B392-51A8-9114527E44BD, firefox, 2018-04-10 09:41:54, contaminated
trace_3.2_fail, A8532FA7-1BD0-BE69-9778-F302CA5B5693, firefox, 2018-04-10 09:41:54, contaminated
trace_3.2_fail, 99DD8202-5C26-A8FB-FB14-4FCF6E893726, firefox, 2018-04-10 09:41:54, contaminated
trace_3.2_fail, AA6C6966-0377-54CB-3EA0-CA9760158521, firefox, 2018-04-10 09:41:54, contaminated
trace_3.2_fail, B54019B6-2E8C-07B9-0DB1-D39329043841, firefox, 2018-04-10 09:41:54, contaminated
trace_3.2_fail, 56C27653-88A5-F7A4-2266-1FD00021A42D, firefox, 2018-04-10 09:41:54, contaminated
trace_3.2_fail, 6042B67F-ADC8-FECB-8C43-09E11573798E, firefox, 2018-04-10 09:41:54, contaminated
trace_3.2_fail, 070825D4-62E3-2985-5C6D-E143EAE4E4AA, firefox, 2018-04-10 09:41:54, contaminated
trace_3.2_fail, 08AF9414-86E7-921D-7B4C-7CFFBF82FD32, firefox, 2018-04-10 09:41:54, contaminated
trace_3.2_fail, F34853EE-8804-D01E-22CB-40947F3FEBD1, firefox, 2018-04-10 09:41:54, contaminated
trace_3.2_fail, 65BE1E15-660F-5BD0-9B73-7A908AA04690, firefox, 2018-04-10 09:41:54, contaminated
trace_3.2_fail, AAD8FEFF-5C75-BC0C-EED7-0F184623D174, firefox, 2018-04-10 09:41:54, contaminated
trace_3.2_fail, 0F74FB8E-6A03-D6C9-454E-DE5CA56BBFB2, firefox, 2018-04-10 09:41:54, contaminated
trace_3.2_fail, 9B296CA3-C915-7D83-4A6A-7D4C48ACB2CC, firefox, 2018-04-10 09:41:54, contaminated
trace_3.2_fail, 3B1790D1-A00C-C951-7032-2CB351AB01DC, firefox, 2018-04-10 09:41:54, contaminated
trace_3.2_fail, B28A9C6B-D7B6-10E2-505E-B717814B242C, firefox, 2018-04-10 09:41:54, contaminated
trace_3.2_fail, F5ABE2EE-5173-9ADB-F088-E5FB2823283D, firefox, 2018-04-10 09:41:54, contaminated
trace_3.2_fail, BBD079E9-DDD6-D78D-785F-4C2E8B73C2E3, firefox, 2018-04-10 09:41:54, contaminated
trace_3.2_fail, E5A12AE1-6832-F4A8-F228-8D09AAC1BF9B, firefox, 2018-04-10 09:41:54, contaminated
trace_3.2_fail, 01560A66-F1FA-C5FE-454E-146BE3A9E395, firefox, 2018-04-10 09:41:54, contaminated
trace_3.2_fail, FBB26347-77A3-F893-0414-D2552466FC5C, firefox, 2018-04-10 09:41:54, contaminated
trace_3.2_fail, 1BD4A34C-4255-BC9E-C72F-5B55EA8D01AA, firefox, 2018-04-10 09:41:54, contaminated
trace_3.2_fail, 4C2A3533-A0F0-FD6D-590C-6FA978468171, firefox, 2018-04-10 09:41:54, contaminated
trace_3.2_fail, E7B392BF-F596-E101-5635-0817312D9DC9, firefox, 2018-04-10 09:41:54, contaminated
trace_3.2_fail, EED1B1D0-1951-A40E-C2ED-E11BF5BCEE11, firefox, 2018-04-10 09:41:54, contaminated
trace_3.2_fail, 1EEDEAD3-8CFF-7909-EFAC-B68C8B19BEA7, firefox, 2018-04-10 09:41:54, contaminated
trace_3.2_fail, D793D126-12E1-1C6E-FB66-51E746B5C6AF, firefox, 2018-04-10 09:41:54, contaminated
trace_3.2_fail, 035F83F2-364B-6FF0-7411-D96482529293, firefox, 2018-04-10 09:41:54, contaminated
trace_3.2_fail, 14C3517D-F5F5-1D60-E806-9A201320608F, firefox, 2018-04-10 09:41:54, contaminated
trace_3.2_fail, AD77E575-0852-7993-A8CB-08B781FED727, firefox, 2018-04-10 09:41:54, contaminated
trace_3.2_fail, 145FA20A-BD1F-A181-1955-7EEA62669C74, firefox, 2018-04-10 09:41:54, contaminated
trace_3.2_fail, 46F0A963-4569-6FF7-82A4-381842C5CB8E, firefox, 2018-04-10 09:41:54, contaminated
trace_3.2_fail, A110954B-BB4E-4145-28C2-B857651F9AF8, firefox, 2018-04-10 09:41:54, contaminated
trace_3.2_fail, 6972F7F4-3B72-4E55-376B-7AB55A655B6B, firefox, 2018-04-10 09:41:54, contaminated
trace_3.2_fail, 0F348CBF-4123-4B23-2B95-8A9F9C57A330, firefox, 2018-04-10 09:41:54, contaminated
trace_3.2_fail, 32D6C9AB-63BA-F6FF-4A16-A4319EC856C5, firefox, 2018-04-10 09:41:54, contaminated
trace_3.2_fail, E467C711-A343-837E-D2CD-FD7D5A8518A1, firefox, 2018-04-10 09:41:54, contaminated
trace_3.2_fail, AC2EDF90-BC59-94BD-CF9E-662C4E9C4485, firefox, 2018-04-10 09:41:54, contaminated
trace_3.2_fail, 9DCBCF5D-203D-6414-0730-10B3F5C90EE5, firefox, 2018-04-10 09:41:54, contaminated
trace_3.2_fail, 6078B2FE-C302-7136-BEB7-5A7EE560CAB0, firefox, 2018-04-10 09:41:54, contaminated
trace_3.2_fail, FA0CB022-9D9B-8400-712F-00F16D22824F, firefox, 2018-04-10 09:41:54, contaminated
trace_3.2_fail, E053992B-DBDB-719D-2D10-BC1AE452B101, firefox, 2018-04-10 09:41:54, contaminated
trace_3.2_fail, 3B50D3E8-173F-C4AA-F23E-494C645FC854, firefox, 2018-04-10 09:41:54, contaminated
trace_3.2_fail, 1EE5B85B-4D08-7257-9F69-0D7ECD950D0C, firefox, 2018-04-10 09:41:54, contaminated
trace_3.2_fail, 7F513640-2839-27FB-AF9D-488CB8764D3C, firefox, 2018-04-10 09:41:54, contaminated
trace_3.2_fail, 6BFAC9EE-6E08-C37C-4F2A-D74E7B6BE541, firefox, 2018-04-10 09:41:54, contaminated
trace_3.2_fail, 76078923-A4BF-20CC-96DA-0A426DCFF1CE, firefox, 2018-04-10 09:41:54, contaminated
trace_3.2_fail, F12C6C95-2D96-DC46-5DAF-2A44EFEC7F69, firefox, 2018-04-10 09:41:54, contaminated
trace_3.2_fail, EB75698A-3B1F-F387-0A90-6DBB0FAE66D6, firefox, 2018-04-10 09:41:54, contaminated
trace_3.2_fail, C1D96F7A-A1DC-6D98-9E93-37E2A014761A, firefox, 2018-04-10 09:41:54, contaminated
trace_3.2_fail, 013BE406-32A5-00B7-3442-D16471B5D1FC, firefox, 2018-04-10 09:41:54, contaminated
trace_3.2_fail, 6137BAC3-C3C3-E3E0-5511-72F0EE682992, firefox, 2018-04-10 09:41:54, contaminated
trace_3.2_fail, 9C2AB91D-F48B-5C46-ED91-FF098B0D3EA4, firefox, 2018-04-10 09:41:54, contaminated
trace_3.2_fail, 577AD8AC-112E-28DF-7EF7-31D36D2CA6AC, firefox, 2018-04-10 09:41:54, contaminated
trace_3.2_fail, 3BE99361-06AF-EA17-7496-B4387DDB309D, firefox, 2018-04-10 09:41:54, contaminated
trace_3.2_fail, 1334ADB0-CA46-0DE0-9FF5-AA5E85C2A3DC, firefox, 2018-04-10 09:41:54, contaminated
trace_3.2_fail, 4AD4EBB4-080E-4CCE-5040-61B91C108E57, firefox, 2018-04-10 09:41:54, contaminated
trace_3.2_fail, 55D18B6E-73B0-D8A5-1D37-67A1A1874FF7, firefox, 2018-04-10 09:41:54, contaminated
trace_3.2_fail, 530CF965-D729-CB45-E18C-3BCE4FE90B40, firefox, 2018-04-10 09:41:54, contaminated
trace_3.2_fail, 80539370-BE21-CA58-147F-AA33AE4C32EE, firefox, 2018-04-10 09:41:54, contaminated
trace_3.2_fail, D0057179-FC46-F592-D308-B83C236D7A47, firefox, 2018-04-10 09:41:54, contaminated
trace_3.2_fail, C82E42EC-C1C3-3C55-EBD5-2AF8163B6654, firefox, 2018-04-10 09:41:54, contaminated
trace_3.2_fail, 8262C15C-C801-8D65-3B5C-C9DB09874C86, firefox, 2018-04-10 09:41:54, contaminated
trace_3.2_fail, A4D28593-C06F-FF53-EC95-733EC7864A6F, firefox, 2018-04-10 09:41:54, contaminated
trace_3.2_fail, 731A699D-6068-8DFD-920A-73E7BA2849F3, firefox, 2018-04-10 09:41:54, contaminated
trace_3.2_fail, 32469D29-E0F2-A88F-0468-529E02266464, firefox, 2018-04-10 09:41:54, contaminated
trace_3.2_fail, A916D595-EAB2-7805-5FD1-16B34A745B2D, firefox, 2018-04-10 09:41:54, contaminated
trace_3.2_fail, 96F53288-CE60-734C-E89B-FF554F023F19, firefox, 2018-04-10 09:41:54, contaminated
trace_3.2_fail, D049E9E4-B310-1625-72B1-B7882CB0BF7B, firefox, 2018-04-10 09:41:54, contaminated
trace_3.2_fail, CA78B0C7-CC45-F590-E314-23C91D50F3FA, firefox, 2018-04-10 09:41:54, contaminated
trace_3.2_fail, D9443E2A-64DD-F08E-B3E3-6B664B4FD7AA, firefox, 2018-04-10 09:41:54, contaminated
trace_3.2_fail, F0555F6D-F42C-A55A-6DCC-83762A97D2A6, firefox, 2018-04-10 09:41:54, contaminated
trace_3.2_fail, AFC74210-CBA2-F3E5-DBE2-D0F6B337848F, firefox, 2018-04-10 09:41:54, contaminated
trace_3.2_fail, E5868503-48B8-B859-6331-7391302A7DEE, firefox, 2018-04-10 09:41:54, contaminated
trace_3.2_fail, EA69D8D5-F803-1661-8E64-37C24AA04161, firefox, 2018-04-10 09:41:54, contaminated
trace_3.2_fail, 8CBE8587-4807-23BA-D667-53D7E8258509, firefox, 2018-04-10 09:41:54, contaminated
trace_3.2_fail, D803E8D8-8CE9-F92E-4CE1-5E306F400109, firefox, 2018-04-10 09:41:54, contaminated
trace_3.2_fail, 81FF1BA2-9CAB-09C3-A68C-53A1EC8BBBBA, firefox, 2018-04-10 09:41:54, contaminated
trace_3.2_fail, 1F9837FF-3777-FDBF-81F3-3B3F6F1658B3, firefox, 2018-04-10 09:41:54, contaminated
trace_3.2_fail, E4AD4FAE-A92D-DD77-3C40-DD580EB83EF2, firefox, 2018-04-10 09:41:54, contaminated
trace_3.2_fail, 1006E6EE-2E6B-9784-EB94-C8FFAB09DC08, firefox, 2018-04-10 09:41:54, contaminated
trace_3.2_fail, 77846F9D-55F3-1BFB-3C66-5EAFAFE14CA0, firefox, 2018-04-10 09:41:54, contaminated
trace_3.2_fail, 2CA4FB4C-C410-AAE6-7C6D-2A59475CA4C4, firefox, 2018-04-10 09:41:54, contaminated
trace_3.2_fail, 420B0CEE-4BFA-7F54-67C9-1A07BF14847C, firefox, 2018-04-10 09:41:54, contaminated
trace_3.2_fail, 137847BE-30B1-FE3F-6682-4267DA1F0CD1, firefox, 2018-04-10 09:41:54, contaminated
trace_3.2_fail, 881E3488-A416-9DB7-67A5-7E04432565BC, firefox, 2018-04-10 09:41:54, contaminated
trace_3.2_fail, 36697B6F-A88B-C04F-5BAA-FF13DA1F6B51, firefox, 2018-04-10 09:41:54, contaminated
trace_3.2_fail, 8DC22EEC-F273-1AB0-7289-CA872C45D16E, firefox, 2018-04-10 09:41:54, contaminated
trace_3.2_fail, 294F4273-7670-375D-EEB2-6B28C6CCD8FC, firefox, 2018-04-10 09:41:54, contaminated
trace_3.2_fail, FF9CB1F4-B5C7-235C-2A70-C85CA41052C6, firefox, 2018-04-10 09:41:54, contaminated
trace_3.2_fail, 9F3A0D46-D3F5-36F9-A353-CA9C505DDB06, firefox, 2018-04-10 09:41:54, contaminated
trace_3.2_fail, 666D0AE2-E943-F9F9-CE8C-E7F5ADAD6135, firefox, 2018-04-10 09:41:54, contaminated
trace_3.2_fail, 30484AFD-CAA8-D854-8C19-4287D9C6C114, firefox, 2018-04-10 09:41:54, contaminated
trace_3.2_fail, FC7371A8-FFF1-5DEA-89E9-C456C1318227, firefox, 2018-04-10 09:41:54, contaminated
trace_3.2_fail, F843627F-0BE0-A086-C9EE-34BFA31CC3F8, firefox, 2018-04-10 09:41:54, contaminated
trace_3.2_fail, 09BAB273-3326-C4EA-04CF-1EFCEB34D914, firefox, 2018-04-10 09:41:54, contaminated
trace_3.2_fail, F5B9A83F-0BB3-743E-97E4-DDB65881F9EF, firefox, 2018-04-10 09:41:54, contaminated
trace_3.2_fail, 4A46DD27-780A-B151-3E0D-5A8B39A72E26, firefox, 2018-04-10 09:41:54, contaminated
trace_3.2_fail, 7146E2A3-F36A-4CB9-999A-97ADDDBC6036, firefox, 2018-04-10 09:41:54, contaminated
trace_3.2_fail, 8DCBF9B9-4DAC-09E1-8830-319B29AF668C, firefox, 2018-04-10 09:41:54, contaminated
trace_3.2_fail, 905C325D-6B6D-8B86-5305-F25C11F7C733, firefox, 2018-04-10 09:41:54, contaminated
trace_3.2_fail, 9CDA3C0F-3F4E-506A-BA73-E74667CFE00F, firefox, 2018-04-10 09:41:54, contaminated
trace_3.2_fail, E0F7AF88-9CA8-548F-62D7-EF37D93E62AE, firefox, 2018-04-10 09:41:54, contaminated
trace_3.2_fail, 837DE34C-433B-3903-5F69-F8C1FFFEB094, firefox, 2018-04-10 09:41:54, contaminated
trace_3.2_fail, E2F304C0-02CD-125A-DC63-D18E13BE3CCC, firefox, 2018-04-10 09:41:54, contaminated
trace_3.2_fail, 6D876189-290B-A556-FA1D-1DB705D45041, firefox, 2018-04-10 09:41:54, contaminated
trace_3.2_fail, 11CEB832-671F-1959-EB01-889E24ABD578, firefox, 2018-04-10 09:41:54, contaminated
trace_3.2_fail, 2CB3914F-D800-FC79-AA47-6E95BB971ED7, firefox, 2018-04-10 09:41:54, contaminated
trace_3.2_fail, 1370ECF6-65D9-BD57-58F5-0F26826481B7, firefox, 2018-04-10 09:41:54, contaminated
trace_3.2_fail, 1AD17DEB-FAE7-92B5-4B86-18D156EB813E, firefox, 2018-04-10 09:41:54, contaminated
trace_3.2_fail, 2DEABE2E-7FCC-3734-589F-A1B5C757981E, firefox, 2018-04-10 09:41:54, contaminated
trace_3.2_fail, 1F880C4F-8B2C-90D2-F000-F6BD78745F18, firefox, 2018-04-10 09:41:54, contaminated
trace_3.2_fail, D3F9A6D5-CF72-A511-D0DE-A0C960BD0756, firefox, 2018-04-10 09:41:54, contaminated
trace_3.2_fail, 7CA7AC11-CA4C-CDEE-CECE-850C23D49DB7, firefox, 2018-04-10 09:41:54, contaminated
trace_3.2_fail, 8A1B07AA-4645-996A-5F78-6E9D6E3C503C, firefox, 2018-04-10 09:41:54, contaminated
trace_3.2_fail, EB701EB0-03A9-DF89-9156-36DFEE4F86CC, firefox, 2018-04-10 09:41:54, contaminated
trace_3.2_fail, 7576094F-579E-92C2-241A-7191BC5269FB, firefox, 2018-04-10 09:41:54, contaminated
trace_3.2_fail, 4658C55B-9487-1DC8-AC48-66317A062A02, firefox, 2018-04-10 09:41:54, contaminated
trace_3.2_fail, 151BB7EC-45A7-C59A-E723-36C9888D8081, firefox, 2018-04-10 09:41:54, contaminated
trace_3.2_fail, 9661FF81-16F1-33BF-4484-8EA2EB008484, firefox, 2018-04-10 09:41:54, contaminated
trace_3.2_fail, 313623A8-F367-7C5C-378A-1F4B1AE2AAE6, firefox, 2018-04-10 09:41:54, contaminated
trace_3.2_fail, 6B1A271D-8274-7D3D-B544-99B6DE8D6E32, firefox, 2018-04-10 09:41:54, contaminated
trace_3.2_fail, 2F8DA88F-D4F5-3904-0C9C-41A24F02DA1A, firefox, 2018-04-10 09:41:54, contaminated
trace_3.2_fail, BD304DD7-C61E-2415-50DD-E207A4F8B6C8, firefox, 2018-04-10 09:41:54, contaminated
trace_3.2_fail, 03D6DE33-A143-BB49-0EB8-6FD41D768F11, firefox, 2018-04-10 09:41:54, contaminated
trace_3.2_fail, 15BF28AA-0A0E-C698-8137-CE61B78BFB56, firefox, 2018-04-10 09:41:54, contaminated
trace_3.2_fail, 7620D59D-2A4F-CF35-3FA3-B729834B302A, firefox, 2018-04-10 09:41:54, contaminated
trace_3.2_fail, 6ECECB6B-EFF3-9DAF-9D6D-AEA41640618F, firefox, 2018-04-10 09:41:54, contaminated
trace_3.2_fail, 11DB4081-C9D2-C2C4-EF37-EAD03137BB84, firefox, 2018-04-10 09:41:54, contaminated
trace_3.2_fail, 37BDE776-6566-B2C4-2874-11E01151B5DB, firefox, 2018-04-10 09:41:54, contaminated
trace_3.2_fail, F7B0DAA1-EDF3-C186-FCC2-C55FBD91ECD1, firefox, 2018-04-10 09:41:54, contaminated
trace_3.2_fail, 2184EE22-0924-9E73-1C42-AFA78538713E, firefox, 2018-04-10 09:41:54, contaminated
trace_3.2_fail, 66AABF17-7BC0-3DD7-9AF1-0D007556A973, firefox, 2018-04-10 09:41:54, contaminated
trace_3.2_fail, 412D6C60-F113-8B42-C711-FF121344220A, firefox, 2018-04-10 09:41:54, contaminated
trace_3.2_fail, 3D396A5B-549A-264A-7C84-89D101AEFE93, firefox, 2018-04-10 09:41:54, contaminated
trace_3.2_fail, FB76E2FF-D7D9-CB8A-653F-9A40611BDF5C, firefox, 2018-04-10 09:41:54, contaminated
trace_3.2_fail, 35259216-A88B-5098-A866-74700C2346E0, firefox, 2018-04-10 09:41:54, contaminated
trace_3.2_fail, 555E6BFD-F518-3F23-D547-53734B1F0E91, firefox, 2018-04-10 09:41:54, contaminated
trace_3.2_fail, 9E23E04E-B7C5-9DE3-DE3D-FEB9A9B56714, firefox, 2018-04-10 09:41:54, contaminated
trace_3.2_fail, 9A1291A3-0420-6281-569E-2DD46573E46B, firefox, 2018-04-10 09:41:54, contaminated
trace_3.2_fail, 771941BB-E4C3-B7DB-5A13-32054E6C415A, firefox, 2018-04-10 09:41:54, contaminated
trace_3.2_fail, F8E56076-DF79-769B-3431-75B2DF1B38FE, firefox, 2018-04-10 09:41:54, contaminated
trace_3.2_fail, 3E9E8C92-D307-40A9-3A5B-C512ABFC2723, firefox, 2018-04-10 09:41:54, contaminated
trace_3.2_fail, 91632CE9-3EC7-BB0C-C7D2-0512971319BC, firefox, 2018-04-10 09:41:54, contaminated
trace_3.2_fail, 795E6D31-F48F-664F-46CB-572DB3BA56CF, firefox, 2018-04-10 09:41:54, contaminated
trace_3.2_fail, 0EDB4105-8233-C23A-F575-799982595C9F, firefox, 2018-04-10 09:41:54, contaminated
trace_3.2_fail, 880AED33-96FE-1F0F-5291-7C72D7AA89A4, firefox, 2018-04-10 09:41:54, contaminated
trace_3.2_fail, 3E289461-DDA3-99FA-0180-B0276454E903, firefox, 2018-04-10 09:41:54, contaminated
trace_3.2_fail, 1D42CA68-E0B6-5BAB-81EA-2EFA7284B2FC, firefox, 2018-04-10 09:41:54, contaminated
trace_3.2_fail, C89EBCC6-1D26-801A-C0E8-AC49B7BC743B, firefox, 2018-04-10 09:41:54, contaminated
trace_3.2_fail, 5733D381-600D-7C27-47F0-0426FE54EC59, firefox, 2018-04-10 09:41:54, contaminated
trace_3.2_fail, C14A14EE-05B4-BD74-6433-F9ACD09B0560, firefox, 2018-04-10 09:41:54, contaminated
trace_3.2_fail, E531B0E2-FE98-C329-20AF-7525484FAFE1, firefox, 2018-04-10 09:41:54, contaminated
trace_3.2_fail, 26557D5F-43C2-0DE9-F880-066AA886F841, firefox, 2018-04-10 09:41:54, contaminated
trace_3.2_fail, F9F14BA9-8FD6-C7BC-218E-663744406336, firefox, 2018-04-10 09:41:54, contaminated
trace_3.2_fail, C827D1AF-B27B-AFF7-30B7-6D1283389B76, firefox, 2018-04-10 09:41:54, contaminated
trace_3.2_fail, 8DED1DEC-C663-7AC6-D4E4-7922623D345D, firefox, 2018-04-10 09:41:54, contaminated
trace_3.2_fail, 416F2012-F817-C4FC-0777-9AD5822F1A1B, firefox, 2018-04-10 09:41:54, contaminated
trace_3.2_fail, F363C303-EDFF-1170-4C5F-C7601EF026BC, firefox, 2018-04-10 09:41:54, contaminated
trace_3.2_fail, 78063762-6C72-4FB4-6883-3F8FB3D1DCED, firefox, 2018-04-10 09:41:54, contaminated
trace_3.2_fail, CFE925FF-18F4-D7A7-BAA4-320718DAB3E4, firefox, 2018-04-10 09:41:54, contaminated
trace_3.2_fail, ACDF9016-EFFC-0F60-4C7A-829EB6F37339, firefox, 2018-04-10 09:41:54, contaminated
trace_3.2_fail, 131B6281-30BD-6395-17F2-F06020F7DF7C, firefox, 2018-04-10 09:41:54, contaminated
trace_3.2_fail, 9E3F7DE8-BBD5-0BF7-3E2F-3AAD6643D084, firefox, 2018-04-10 09:41:54, contaminated
trace_3.2_fail, DA7B0253-C79E-B595-725F-92BC1DE6311C, firefox, 2018-04-10 09:41:54, contaminated
trace_3.2_fail, D6810AA9-A495-EDAA-D932-3E4675012B4B, firefox, 2018-04-10 09:41:54, contaminated
trace_3.2_fail, BE248BF3-02AA-47C0-8E06-C102BD254388, firefox, 2018-04-10 09:41:54, contaminated
trace_3.2_fail, 6FBC3C35-881E-FE13-E70E-8E42139EF839, firefox, 2018-04-10 09:41:54, contaminated
trace_3.2_fail, 9CDF2069-32E0-6B36-AAAE-17D5B5FDB509, firefox, 2018-04-10 09:41:54, contaminated
trace_3.2_fail, 538D2F71-0B05-1FEC-2BAB-47548E5721A9, firefox, 2018-04-10 09:41:54, contaminated
trace_3.2_fail, 0C281BC1-1F59-9473-D899-2FF8A9EA3D12, firefox, 2018-04-10 09:41:54, contaminated
trace_3.2_fail, C5FAB736-FB66-022C-1B8F-5E42597D74FD, firefox, 2018-04-10 09:41:54, contaminated
trace_3.2_fail, 11E13B57-8910-6B28-7DE4-57C652681CDF, firefox, 2018-04-10 09:41:54, contaminated
trace_3.2_fail, 9A8F7090-7195-127C-60A3-3130D4FD13D8, firefox, 2018-04-10 09:41:54, contaminated
trace_3.2_fail, BE98CE06-F8D0-2D2F-E9B1-1243F37656E7, firefox, 2018-04-10 09:41:54, contaminated
trace_3.2_fail, 8B607990-839F-FE88-97F0-CE3F0AC4B2D4, firefox, 2018-04-10 09:41:54, contaminated
trace_3.2_fail, B9256B75-2EC3-8D9E-003D-E7ED07FDA51F, firefox, 2018-04-10 09:41:54, contaminated
trace_3.2_fail, BA81E854-F0DA-042C-441B-0CE111D8752E, firefox, 2018-04-10 09:41:54, contaminated
trace_3.2_fail, 89B609A8-4FDA-9446-5371-CE01DC6BEC42, firefox, 2018-04-10 09:41:54, contaminated
trace_3.2_fail, 8A2300BB-720A-7D0B-927A-778F0C77AF24, firefox, 2018-04-10 09:41:54, contaminated
trace_3.2_fail, B2942F38-8CC9-8296-2F59-338E4BD8428D, firefox, 2018-04-10 09:41:54, contaminated
trace_3.2_fail, AF58D28B-33DA-143C-587C-0EC01A26917D, firefox, 2018-04-10 09:41:54, contaminated
trace_3.2_fail, 74368657-CAD5-4B03-5868-EBE72901CF1A, firefox, 2018-04-10 09:41:54, contaminated
trace_3.2_fail, 59CDB0D6-D6D7-98FD-99B7-59E2BF608894, firefox, 2018-04-10 09:41:54, contaminated
trace_3.2_fail, 85FCB16D-59BB-1840-F858-2ABE8B2DE84D, firefox, 2018-04-10 09:41:54, contaminated
trace_3.2_fail, 14B88220-C0F3-9DED-65EB-0218D5D98615, firefox, 2018-04-10 09:41:54, contaminated
trace_3.2_fail, A8C0CC93-7BF2-88DE-D840-42BCE2D42C75, firefox, 2018-04-10 09:41:54, contaminated
trace_3.2_fail, 9CB1FC03-B02A-E4E4-0750-4375E48DEDAC, firefox, 2018-04-10 09:41:54, contaminated
trace_3.2_fail, 94A9E61E-DC26-A6F9-ED9C-A65B6B08B647, firefox, 2018-04-10 09:41:54, contaminated
trace_3.2_fail, ACACB5B0-42BA-E9F4-4DDC-F54ED2F3A663, firefox, 2018-04-10 09:41:54, contaminated
trace_3.2_fail, 8DEE2CE7-838E-24D2-0517-22659AA40EFA, firefox, 2018-04-10 09:41:55, contaminated
trace_3.2_fail, 9F43F720-427D-D92D-9A8C-FCD80A9BF315, firefox, 2018-04-10 09:41:55, contaminated
trace_3.2_fail, 2192C1F9-5FEB-5E21-9047-1101DA8473E7, firefox, 2018-04-10 09:41:55, contaminated
trace_3.2_fail, 188719C2-1977-60D8-FFEE-A6D40ADA531A, firefox, 2018-04-10 09:41:55, contaminated
trace_3.2_fail, 252DD969-84EF-8662-BA43-5A598BB7EFC6, firefox, 2018-04-10 09:41:55, contaminated
trace_3.2_fail, 1CDD05BC-F618-DFCD-DCB5-493554051947, firefox, 2018-04-10 09:41:55, contaminated
trace_3.2_fail, 330D207A-EB87-4E9C-E1CF-8A0B2A8FE7A2, firefox, 2018-04-10 09:41:55, contaminated
trace_3.2_fail, CB404F26-FE8A-564B-3ADC-C032FFA417B2, firefox, 2018-04-10 09:41:55, contaminated
trace_3.2_fail, D434A21E-6432-47A5-567F-64A951A4C40F, firefox, 2018-04-10 09:41:55, contaminated
trace_3.2_fail, 236FE592-65DD-8CFB-8BCF-12A58A17E4D6, firefox, 2018-04-10 09:41:55, contaminated
trace_3.2_fail, CA69C141-8136-EEE0-6FAC-91E85B94B11C, firefox, 2018-04-10 09:41:55, contaminated
trace_3.2_fail, B1880E9D-6504-BC5C-C67E-78B125FFA3B0, firefox, 2018-04-10 09:41:55, contaminated
trace_3.2_fail, 395ACB1C-E365-68C3-53B4-2EA8A910703C, firefox, 2018-04-10 09:41:55, contaminated
trace_3.2_fail, EBA5ED75-AF48-13E3-B1E9-7B2283FB0A89, firefox, 2018-04-10 09:41:55, contaminated
trace_3.2_fail, E2C53013-E390-AB64-0ADD-63D27283E4E2, firefox, 2018-04-10 09:41:55, contaminated
trace_3.2_fail, C778C763-6346-8B23-D075-265743211085, firefox, 2018-04-10 09:41:55, contaminated
trace_3.2_fail, C44356D9-E926-7563-360F-53710A12AEE3, firefox, 2018-04-10 09:41:55, contaminated
trace_3.2_fail, B34426B2-3A94-C3A9-FB87-442ABD44EB71, firefox, 2018-04-10 09:41:55, contaminated
trace_3.2_fail, 942EAD40-7599-A258-9C48-D699289B7937, firefox, 2018-04-10 09:41:55, contaminated
trace_3.2_fail, 58083E33-D0AC-0F73-7932-79C1A5E185AE, firefox, 2018-04-10 09:41:55, contaminated
trace_3.2_fail, 33E3EB39-686A-CC27-03CE-A615C960931C, firefox, 2018-04-10 09:41:55, contaminated
trace_3.2_fail, BC8E9183-E70B-957E-6D04-B47090D757A2, firefox, 2018-04-10 09:41:55, contaminated
trace_3.2_fail, 089ACAEE-B092-5647-1ADE-184450CD3799, firefox, 2018-04-10 09:41:55, contaminated
trace_3.2_fail, 700195BB-FFCC-829D-700D-193387F782D6, firefox, 2018-04-10 09:41:55, contaminated
trace_3.2_fail, DC70D645-12CF-8A7A-522A-14F59D9BF401, firefox, 2018-04-10 09:41:55, contaminated
trace_3.2_fail, BEB62968-0B33-DBA9-A372-225394E77C9A, firefox, 2018-04-10 09:41:55, contaminated
trace_3.2_fail, 11BAF0F8-59A9-F2AC-87A4-79D5D45DDD24, firefox, 2018-04-10 09:41:55, contaminated
trace_3.2_fail, 26C4008A-213B-6FEF-ADE4-6F9BCF8F52FC, firefox, 2018-04-10 09:41:55, contaminated
trace_3.2_fail, 0E228FBF-700A-F993-E252-2F892E291B39, firefox, 2018-04-10 09:41:55, contaminated
trace_3.2_fail, DCE494CD-0FDD-FAEC-37E7-CC883552B1A5, firefox, 2018-04-10 09:41:55, contaminated
trace_3.2_fail, FD99DE19-C25F-CBC4-0972-E5C5A5603644, firefox, 2018-04-10 09:41:55, contaminated
trace_3.2_fail, 14619A01-F0B5-FA1E-E9F7-780C4AE17354, firefox, 2018-04-10 09:41:55, contaminated
trace_3.2_fail, 722643EF-FB68-4021-D6D0-7AABF0337E9A, firefox, 2018-04-10 09:41:55, contaminated
trace_3.2_fail, 92683993-E310-A67C-7535-91E0326E94A7, firefox, 2018-04-10 09:41:55, contaminated
trace_3.2_fail, 4F7C5053-C947-DA63-4100-F554D1096A02, firefox, 2018-04-10 09:41:55, contaminated
trace_3.2_fail, 189A03EC-1FD4-C8C4-ABD6-5DEE8063E860, firefox, 2018-04-10 09:41:55, contaminated
trace_3.2_fail, 196BEFCD-BE8E-C78A-C275-637C64DD31AC, firefox, 2018-04-10 09:41:55, contaminated
trace_3.2_fail, 18EB2595-093E-3EB9-E1CF-CD20DDB70C59, firefox, 2018-04-10 09:41:55, contaminated
trace_3.2_fail, 17E3554F-C843-F7B8-8A17-DDD3CE954AA9, firefox, 2018-04-10 09:41:55, contaminated
trace_3.2_fail, E05EAF46-5664-EEE6-7035-358023812E67, firefox, 2018-04-10 09:41:55, contaminated
trace_3.2_fail, 05423AC2-4F88-BA36-1202-A4A3DB63EF8E, firefox, 2018-04-10 09:41:55, contaminated
trace_3.2_fail, 95E7D9B6-EE3B-39B3-BBB5-90A4D5113749, firefox, 2018-04-10 09:41:55, contaminated
trace_3.2_fail, 2F523306-061C-E589-FAEF-4BFA169BE785, firefox, 2018-04-10 09:41:55, contaminated
trace_3.2_fail, 8CE52CC8-D09A-2600-D45F-96735C60C334, firefox, 2018-04-10 09:41:55, contaminated
trace_3.2_fail, 72132C0A-2704-EA67-BFC0-F2B1BD0C6125, firefox, 2018-04-10 09:41:55, contaminated
trace_3.2_fail, 3E010F7D-0095-7A9A-15AB-6410F2E31818, firefox, 2018-04-10 09:41:55, contaminated
trace_3.2_fail, 51697DCB-C408-A0FA-1362-717AEF6CB589, firefox, 2018-04-10 09:41:55, contaminated
trace_3.2_fail, AB2AD20A-6E40-3BB5-363D-D97309057AC1, firefox, 2018-04-10 09:41:55, contaminated
trace_3.2_fail, D61B7987-7991-CF8A-911D-FBB1ED309EC1, firefox, 2018-04-10 09:41:55, contaminated
trace_3.2_fail, 18BB134F-F56D-637D-0549-0A22EF37D165, firefox, 2018-04-10 09:41:55, contaminated
trace_3.2_fail, 6EBF2F91-F4FF-EC17-DA22-7CD0649832A3, firefox, 2018-04-10 09:41:55, contaminated
trace_3.2_fail, AFC2608F-ED54-6F52-B59D-FE6C1CE39DF7, firefox, 2018-04-10 09:41:55, contaminated
trace_3.2_fail, 25C0ABA7-3EB0-15D1-F3CD-2E662433020D, firefox, 2018-04-10 09:41:55, contaminated
trace_3.2_fail, 42DCCC2C-4784-F3BE-180C-F63CBB334BA6, firefox, 2018-04-10 09:41:55, contaminated
trace_3.2_fail, 593D0AB1-2C28-E41A-DD6A-D26DEBCD53D2, firefox, 2018-04-10 09:41:55, contaminated
trace_3.2_fail, 6E0DC405-C668-8F04-EC6C-60FEF2B09788, firefox, 2018-04-10 09:41:55, contaminated
trace_3.2_fail, 4676AC84-FFF5-14A9-1002-89F72E779BEB, firefox, 2018-04-10 09:41:55, contaminated
trace_3.2_fail, 137AD5F9-CA63-5D99-0E74-40199590D11E, firefox, 2018-04-10 09:41:55, contaminated
trace_3.2_fail, 54734A93-B522-E745-9B1E-F8BAE24534AA, firefox, 2018-04-10 09:41:55, contaminated
trace_3.2_fail, 591699C6-25D4-32DD-9C5F-06DF499C8A76, firefox, 2018-04-10 09:41:55, contaminated
trace_3.2_fail, 2A327B8C-64A1-41CB-8F32-A373C39136C3, firefox, 2018-04-10 09:41:55, contaminated
trace_3.2_fail, EA11D3E4-6E18-84E1-2FE0-963CDD5B612C, firefox, 2018-04-10 09:41:55, contaminated
trace_3.2_fail, 4FEF09DD-321A-D32F-AED5-06F90D4213E9, firefox, 2018-04-10 09:41:55, contaminated
trace_3.2_fail, 9D6D122E-9567-1090-D520-480D2D8A07DC, firefox, 2018-04-10 09:41:55, contaminated
trace_3.2_fail, F2FF20C3-255F-5584-66D3-3DFDE72AE018, firefox, 2018-04-10 09:41:55, contaminated
trace_3.2_fail, CD5F860C-F1C1-FDD0-D0E9-629BDB55988C, firefox, 2018-04-10 09:41:55, contaminated
trace_3.2_fail, 462B605B-E8D8-326F-8DAE-27B7ED128B5F, firefox, 2018-04-10 09:41:55, contaminated
trace_3.2_fail, 2D6012B3-D28A-372C-AB84-4F5807F90235, firefox, 2018-04-10 09:41:55, contaminated
trace_3.2_fail, 98F2E4A7-2B83-CE74-E8F8-BD13349814ED, firefox, 2018-04-10 09:41:55, contaminated
trace_3.2_fail, 346F0F3F-482D-9081-B917-14B87E856128, firefox, 2018-04-10 09:41:55, contaminated
trace_3.2_fail, 9708F648-7543-2A65-596E-2606B7E0D25C, firefox, 2018-04-10 09:41:55, contaminated
trace_3.2_fail, 9CF99014-BC37-4E53-7ACD-5917C6ACB2E1, firefox, 2018-04-10 09:41:55, contaminated
trace_3.2_fail, FA43ADE6-EEBE-2917-9D61-2321D363ECBA, firefox, 2018-04-10 09:41:55, contaminated
trace_3.2_fail, CD68E7F1-50CB-AC12-7207-19387D3D5999, firefox, 2018-04-10 09:41:55, contaminated
trace_3.2_fail, 752EDCB1-AAB7-0150-B669-7B24E955C83E, firefox, 2018-04-10 09:41:55, contaminated
trace_3.2_fail, F7208889-25E4-4950-2490-4CF4B1435BF1, firefox, 2018-04-10 09:41:55, contaminated
trace_3.2_fail, 686843DE-63A9-ADDF-CF05-70B7D04371B6, firefox, 2018-04-10 09:41:55, contaminated
trace_3.2_fail, DCF25619-7CA8-308D-00F7-CF2EFC2EE9A8, firefox, 2018-04-10 09:41:55, contaminated
trace_3.2_fail, D091C1F9-2707-368A-0A0C-A55F84FC34A8, firefox, 2018-04-10 09:41:55, contaminated
trace_3.2_fail, F950623A-FF37-AA81-2137-1BC2FAB14797, firefox, 2018-04-10 09:41:55, contaminated
trace_3.2_fail, 69D46B99-F1EB-1FB2-C4E1-4175C7241574, firefox, 2018-04-10 09:41:55, contaminated
trace_3.2_fail, E76A5F63-93AC-7A29-3DA5-6EE6F7798947, firefox, 2018-04-10 09:41:55, contaminated
trace_3.2_fail, B561BB23-7352-1B84-E7AB-446420A385C1, firefox, 2018-04-10 09:41:55, contaminated
trace_3.2_fail, BBBF3359-0B26-5376-ACAC-0944D4A7A5A9, firefox, 2018-04-10 09:41:55, contaminated
trace_3.2_fail, 54543658-78A6-34ED-4871-58E0F7BB651A, firefox, 2018-04-10 09:41:55, contaminated
trace_3.2_fail, B5A801A6-15EF-C0E9-F08B-9662EABAE9F2, firefox, 2018-04-10 09:41:55, contaminated
trace_3.2_fail, 1A3ACB16-51A7-7D04-09E4-C797CC7893B7, firefox, 2018-04-10 09:41:55, contaminated
trace_3.2_fail, C3FB68C9-EF9B-D5F6-52B2-D961A58EB0C9, firefox, 2018-04-10 09:41:55, contaminated
trace_3.2_fail, FC352294-65CC-FC0B-F203-79DC6CB61645, firefox, 2018-04-10 09:41:55, contaminated
trace_3.2_fail, 4EC6A2C5-49F9-A784-5307-DC9A130FA151, firefox, 2018-04-10 09:41:55, contaminated
trace_3.2_fail, 67AB4FA8-61AB-2D66-E9AB-90336E8817FE, firefox, 2018-04-10 09:41:55, contaminated
trace_3.2_fail, CB76924B-B495-0788-61E1-85C3D34E2927, firefox, 2018-04-10 09:41:55, contaminated
trace_3.2_fail, 0267C1FA-4710-4017-4CFB-53D506EB0B56, firefox, 2018-04-10 09:41:55, contaminated
trace_3.2_fail, CE286D1D-9F15-65E2-6987-255F93CFE154, firefox, 2018-04-10 09:41:55, contaminated
trace_3.2_fail, CC89509A-915E-D750-772A-7242FFBC3581, firefox, 2018-04-10 09:41:55, contaminated
trace_3.2_fail, 2045694C-81FD-B23B-9B7C-A156B4AC6831, firefox, 2018-04-10 09:41:55, contaminated
trace_3.2_fail, B52EDE1B-BABF-75B6-76F7-7193BBC73ED9, firefox, 2018-04-10 09:41:55, contaminated
trace_3.2_fail, 8EB73C43-B2B0-9A52-CC29-7D3944C45916, firefox, 2018-04-10 09:41:55, contaminated
trace_3.2_fail, 54FF161B-A803-7B50-6EDF-F81808B00FD5, firefox, 2018-04-10 09:41:55, contaminated
trace_3.2_fail, 8EBFC682-1681-8C2D-8C79-52D6BD8BF5EF, firefox, 2018-04-10 09:41:55, contaminated
trace_3.2_fail, 10B4F342-2BDF-0DF9-39DF-E39CF4BFF2FA, firefox, 2018-04-10 09:41:55, contaminated
trace_3.2_fail, C6D9BD9D-2EDB-0047-86C1-2C2ED596B6FD, firefox, 2018-04-10 09:41:55, contaminated
trace_3.2_fail, 15243B99-C792-2BAA-1F6E-D6CCE0FB0A9F, firefox, 2018-04-10 09:41:55, contaminated
trace_3.2_fail, B3910977-B5E4-54F9-C9D0-4BBD979E9FDC, firefox, 2018-04-10 09:41:55, contaminated
trace_3.2_fail, A8D72AB0-2B7C-FF27-4591-074076293AE9, firefox, 2018-04-10 09:41:55, contaminated
trace_3.2_fail, F6BB7D6E-8438-C4D9-C099-21CCCCC21654, firefox, 2018-04-10 09:41:55, contaminated
trace_3.2_fail, 313EECAB-A52C-0410-6757-E7EB171C7237, firefox, 2018-04-10 09:41:55, contaminated
trace_3.2_fail, CC9E491B-6319-26DA-0FC7-2134551016BC, firefox, 2018-04-10 09:41:55, contaminated
trace_3.2_fail, 933660F1-41B6-939A-B15B-008E6D5CA62D, firefox, 2018-04-10 09:41:55, contaminated
trace_3.2_fail, 762B7847-3DBE-D634-88DA-D5A8E0A0E50C, firefox, 2018-04-10 09:41:55, contaminated
trace_3.2_fail, 27BD54B7-AD32-5BA5-6FE6-6C3D9E248B96, firefox, 2018-04-10 09:41:55, contaminated
trace_3.2_fail, 418B9105-11C3-B64B-AABF-0DB661A47961, firefox, 2018-04-10 09:41:55, contaminated
trace_3.2_fail, FA7CC9C2-22F6-13B8-BD7F-7F7A09AD9091, firefox, 2018-04-10 09:41:55, contaminated
trace_3.2_fail, CD1AFC4A-8AA9-9DA7-DC85-D592F94067BC, firefox, 2018-04-10 09:41:55, contaminated
trace_3.2_fail, D0BE0268-9463-3FFD-0ACB-AD8C1B49DB65, firefox, 2018-04-10 09:41:55, contaminated
trace_3.2_fail, 3D24A249-8351-81AB-26FE-4CA114EB4295, firefox, 2018-04-10 09:41:55, contaminated
trace_3.2_fail, 00656A05-05FE-2477-D122-CA92A089D5DB, firefox, 2018-04-10 09:41:55, contaminated
trace_3.2_fail, 3AD5038D-A32B-D20D-5AC1-6E273E7F9BBC, firefox, 2018-04-10 09:41:55, contaminated
trace_3.2_fail, 29E413DE-98F3-DE03-ED66-357B38DA998E, firefox, 2018-04-10 09:41:55, contaminated
trace_3.2_fail, D540D0B2-3B03-1D5D-7B79-0D8C450D447E, firefox, 2018-04-10 09:41:55, contaminated
trace_3.2_fail, 779BA451-1F70-992D-60D9-5F415F815D94, firefox, 2018-04-10 09:41:55, contaminated
trace_3.2_fail, 922C9AF7-868F-4A19-110F-5F291C4E9069, firefox, 2018-04-10 09:41:55, contaminated
trace_3.2_fail, 6143E4C6-F9AA-6BF3-933B-BB11745FA49C, firefox, 2018-04-10 09:41:55, contaminated
trace_3.2_fail, A65550A2-1C1D-D05C-672A-47F08DEDFC1A, firefox, 2018-04-10 09:41:55, contaminated
trace_3.2_fail, 76898282-6590-1190-FC62-91B167BCE5BA, firefox, 2018-04-10 09:41:55, contaminated
trace_3.2_fail, 42B22150-A807-04FB-008F-9AC321E4774B, firefox, 2018-04-10 09:41:55, contaminated
trace_3.2_fail, 95D7164D-582C-B22A-7938-70E9302BF9E4, firefox, 2018-04-10 09:41:55, contaminated
trace_3.2_fail, D6952031-9944-A24A-E04B-E68BFC47AB23, firefox, 2018-04-10 09:41:55, contaminated
trace_3.2_fail, B78C10DF-A3BD-0DFF-7395-D0208E5564A8, firefox, 2018-04-10 09:41:55, contaminated
trace_3.2_fail, 5CE8C61A-D341-A998-6608-F2107A72A587, firefox, 2018-04-10 09:41:55, contaminated
trace_3.2_fail, 95EFCDED-370E-5610-AF58-A0CD0E2DBCFE, firefox, 2018-04-10 09:41:55, contaminated
trace_3.2_fail, 54215EEB-ED8D-3E93-5E3D-DFC2A971B2DA, firefox, 2018-04-10 09:41:55, contaminated
trace_3.2_fail, DA950EB1-8EDC-F83E-0D47-D20FFB1849AB, firefox, 2018-04-10 09:41:55, contaminated
trace_3.2_fail, 5B77CC2C-A6D1-925A-AD2E-6F51E49E9940, firefox, 2018-04-10 09:41:55, contaminated
trace_3.2_fail, CBD30251-AD0A-4B57-68B7-25181D6EFB11, firefox, 2018-04-10 09:41:55, contaminated
trace_3.2_fail, BD7239A9-5CFF-2C45-E226-B603577807D2, firefox, 2018-04-10 09:41:55, contaminated
trace_3.2_fail, AA95C221-0540-8687-F80D-FED2A76C0CAF, firefox, 2018-04-10 09:41:55, contaminated
trace_3.2_fail, 24E32325-25F1-5CB5-A4F7-1A350018EACB, firefox, 2018-04-10 09:41:55, contaminated
trace_3.2_fail, F1231208-9D22-1757-0481-3D6BF7D3EB00, firefox, 2018-04-10 09:41:55, contaminated
trace_3.2_fail, A9161D72-0302-CC5A-D73A-5566C65EB70E, firefox, 2018-04-10 09:41:55, contaminated
trace_3.2_fail, 94196E64-A881-794C-DA9B-2DD1B9093D2F, firefox, 2018-04-10 09:41:55, contaminated
trace_3.2_fail, 5AB29BBE-A396-9A75-1EA2-86A10B3D050D, firefox, 2018-04-10 09:41:55, contaminated
trace_3.2_fail, 015463B7-E66A-7EB8-61E8-401E992CBF93, firefox, 2018-04-10 09:41:55, contaminated
trace_3.2_fail, 9775DCFE-F1C8-B23F-BDDA-A2CAFBF87378, firefox, 2018-04-10 09:41:55, contaminated
trace_3.2_fail, F51B3E13-29A7-FDD2-362B-68AF406251EA, firefox, 2018-04-10 09:41:55, contaminated
trace_3.2_fail, E903ABF6-8FBD-AA4A-38EB-81638E510A17, firefox, 2018-04-10 09:41:55, contaminated
trace_3.2_fail, 39D6DD71-4652-6379-1A78-8C359A8FB15C, firefox, 2018-04-10 09:41:55, contaminated
trace_3.2_fail, AECC748D-F21F-FA2A-851E-B50BEFED2A91, firefox, 2018-04-10 09:41:55, contaminated
trace_3.2_fail, 3DBBCB2E-3BA2-F6E0-3D1D-E0F0FB822FAA, firefox, 2018-04-10 09:41:55, contaminated
trace_3.2_fail, 9AE1FE29-ECA2-F70E-7A85-8650B416A679, firefox, 2018-04-10 09:41:55, contaminated
trace_3.2_fail, E89B2EFE-A2FF-5272-3564-0AC718F8155C, firefox, 2018-04-10 09:41:55, contaminated
trace_3.2_fail, B2447B05-F59E-1CBB-5F2C-0ECF8E83C36D, firefox, 2018-04-10 09:41:55, contaminated
trace_3.2_fail, AC5EBE8A-B1D7-A932-E78E-E4FC00BBC0CC, firefox, 2018-04-10 09:41:55, contaminated
trace_3.2_fail, A6A8AF20-D300-3B9C-C678-6A51627D0D57, firefox, 2018-04-10 09:41:55, contaminated
trace_3.2_fail, 53F3D2CD-2140-998B-852C-0B01FEE47905, firefox, 2018-04-10 09:41:55, contaminated
trace_3.2_fail, F530AA01-A668-A880-BFBF-061DBAE92BE4, firefox, 2018-04-10 09:41:55, contaminated
trace_3.2_fail, 13A5826E-ED8C-0340-332E-5B69B099EF52, firefox, 2018-04-10 09:41:55, contaminated
trace_3.2_fail, 273C9EE6-B88F-EB5C-8533-06FFC183F758, firefox, 2018-04-10 09:41:55, contaminated
trace_3.2_fail, DF583696-6FF3-3113-36CA-6ECC6DCE56E0, firefox, 2018-04-10 09:41:55, contaminated
trace_3.2_fail, 9C6811D5-7099-6068-C984-75F4DA5C2010, firefox, 2018-04-10 09:41:55, contaminated
trace_3.2_fail, D0EB3270-93A1-A491-4B74-B3B1FCD0CB3F, firefox, 2018-04-10 09:41:55, contaminated
trace_3.2_fail, E0C7CA92-F4F3-ED48-36CB-890435A8EE6F, firefox, 2018-04-10 09:41:55, contaminated
trace_3.2_fail, 47F35A0B-44D9-C9CF-E49A-0B28E65CDDD2, firefox, 2018-04-10 09:41:55, contaminated
trace_3.2_fail, 7ED6E210-4871-B7FD-C7DA-0C6ACAD82A4F, firefox, 2018-04-10 09:41:55, contaminated
trace_3.2_fail, CF21B689-D90F-B6AB-D35A-ED417FECE54E, firefox, 2018-04-10 09:41:55, contaminated
trace_3.2_fail, C1D1A8EB-3D6A-A275-FAFB-1D8382EE2DD1, firefox, 2018-04-10 09:41:55, contaminated
trace_3.2_fail, 82C66C5E-364D-CC51-DC37-2EF12FE8D34C, firefox, 2018-04-10 09:41:55, contaminated
trace_3.2_fail, A906E427-9883-D4DE-A187-F4BB227C4518, firefox, 2018-04-10 09:41:55, contaminated
trace_3.2_fail, 43EC6FAD-D926-2B86-C8FB-C92ED84F0973, firefox, 2018-04-10 09:41:55, contaminated
trace_3.2_fail, A6AFC6C3-7381-799E-B6E3-14983A320994, firefox, 2018-04-10 09:41:55, contaminated
trace_3.2_fail, 8358C116-4B31-7169-9C21-736D7F94B53A, firefox, 2018-04-10 09:41:55, contaminated
trace_3.2_fail, 44F4CAAE-8671-2255-E9B9-807F67495DDF, firefox, 2018-04-10 09:41:55, contaminated
trace_3.2_fail, 4190B379-96E5-7A32-E0B2-6696067C503A, firefox, 2018-04-10 09:41:55, contaminated
trace_3.2_fail, 6385F9A1-122D-527F-9751-6DCE36CFFECA, firefox, 2018-04-10 09:41:55, contaminated
trace_3.2_fail, CB63D7BC-3430-59D8-5589-B4E1AE4F85DB, firefox, 2018-04-10 09:41:55, contaminated
trace_3.2_fail, 7144820A-DB7B-B108-FDD8-06B385018297, firefox, 2018-04-10 09:41:55, contaminated
trace_3.2_fail, 4EED5ED0-4FF4-9C79-F5E3-716410472C15, firefox, 2018-04-10 09:41:55, contaminated
trace_3.2_fail, D5D73507-89D5-01F2-EF24-274DEA03BE65, firefox, 2018-04-10 09:41:55, contaminated
trace_3.2_fail, 3AFE1668-8C26-0BBE-1EF5-2BD93618EDC2, firefox, 2018-04-10 09:41:55, contaminated
trace_3.2_fail, 28FF5728-5FA5-2674-EADD-DC47DD4F91D9, firefox, 2018-04-10 09:41:55, contaminated
trace_3.2_fail, 6D412991-D768-CACF-812D-E93282747153, firefox, 2018-04-10 09:41:55, contaminated
trace_3.2_fail, DF67EE83-F1B4-9A87-84D6-80A7833E765D, firefox, 2018-04-10 09:41:55, contaminated
trace_3.2_fail, 0894AFA7-4DB2-5CCF-3671-325B2549891B, firefox, 2018-04-10 09:41:55, contaminated
trace_3.2_fail, 9362C859-6DFC-7A1F-6206-77CDD87C3DF1, firefox, 2018-04-10 09:41:55, contaminated
trace_3.2_fail, 510B40BE-8DED-D7B0-5CE9-1EBF7F7F772D, firefox, 2018-04-10 09:41:55, contaminated
trace_3.2_fail, 4687E8F1-1102-7BA5-7AB2-12E46CC7A0EC, firefox, 2018-04-10 09:41:55, contaminated
trace_3.2_fail, D186C571-FA4C-1212-7E65-56A8F8268E6D, firefox, 2018-04-10 09:41:55, contaminated
trace_3.2_fail, E0A9CEC7-D363-A462-80E2-68B29337AC22, firefox, 2018-04-10 09:41:55, contaminated
trace_3.2_fail, B28C19F1-5348-097A-0EFB-0C43AC6D8CE0, firefox, 2018-04-10 09:41:55, contaminated
trace_3.2_fail, 1DA44DD6-9F90-ABE6-54D2-69A755BBCFC0, firefox, 2018-04-10 09:41:55, contaminated
trace_3.2_fail, D321230F-8BDD-5E08-0B05-A4915ED145FA, firefox, 2018-04-10 09:41:55, contaminated
trace_3.2_fail, F1F1A396-2A6D-E264-FACA-FCC3C4480AEA, firefox, 2018-04-10 09:41:55, contaminated
trace_3.2_fail, 28EC885E-7DC8-FCB1-B032-F8C085765169, firefox, 2018-04-10 09:41:55, contaminated
trace_3.2_fail, 5AA68972-0F53-0CE5-60BF-A9B87DB204BD, firefox, 2018-04-10 09:41:55, contaminated
trace_3.2_fail, E5AB8041-34B1-8F64-E1CB-04FC3E9C7A61, firefox, 2018-04-10 09:41:55, contaminated
trace_3.2_fail, 0C5573D7-9207-8A61-1A18-6457EEE364A4, firefox, 2018-04-10 09:41:55, contaminated
trace_3.2_fail, E7AA6AC5-AE75-1149-8955-84B157E8D212, firefox, 2018-04-10 09:41:55, contaminated
trace_3.2_fail, 6C775096-3150-A873-08B2-D10105BD643E, firefox, 2018-04-10 09:41:55, contaminated
trace_3.2_fail, 75CDE784-B2CE-0CE1-59BC-983CA518CB8F, firefox, 2018-04-10 09:41:55, contaminated
trace_3.2_fail, F98C1B93-221B-AA39-DA64-544EFC08A9A9, firefox, 2018-04-10 09:41:55, contaminated
trace_3.2_fail, DFBC27C9-43AC-2114-A52E-D65FFB286F7C, firefox, 2018-04-10 09:41:55, contaminated
trace_3.2_fail, 0A5F7DC8-2398-F604-8D44-46819CE7F93C, firefox, 2018-04-10 09:41:55, contaminated
trace_3.2_fail, 72731CFE-52A8-53B7-09EF-EC4B4A6FE9D7, firefox, 2018-04-10 09:41:55, contaminated
trace_3.2_fail, 168189BD-05C1-F089-108A-36AD3F3240AA, firefox, 2018-04-10 09:41:55, contaminated
trace_3.2_fail, 8A79DD3F-343E-7BB4-D4AC-6B58B68B4C21, firefox, 2018-04-10 09:41:55, contaminated
trace_3.2_fail, B231C7CB-D98F-7549-CDF6-ACCE7A1F5621, firefox, 2018-04-10 09:41:55, contaminated
trace_3.2_fail, 806E7EA4-94DE-5C57-6C17-9DCFFE328774, firefox, 2018-04-10 09:41:55, contaminated
trace_3.2_fail, C0A908C2-9FDF-EBBA-5041-E9BF99E4EDDA, firefox, 2018-04-10 09:41:55, contaminated
trace_3.2_fail, 9A2302A1-CFBF-4200-00E8-05C0F3B6D3D8, firefox, 2018-04-10 09:41:55, contaminated
trace_3.2_fail, DA111BA8-B19A-234F-2C4D-1608F8F2388C, firefox, 2018-04-10 09:41:55, contaminated
trace_3.2_fail, 776DB92B-E938-58A3-6DF9-5308B72215C2, firefox, 2018-04-10 09:41:55, contaminated
trace_3.2_fail, D910E9F2-2053-B8A4-CBC9-85655E51B62A, firefox, 2018-04-10 09:41:55, contaminated
trace_3.2_fail, 518FF1C7-0573-5485-B667-8D3ED2D603E9, firefox, 2018-04-10 09:41:55, contaminated
trace_3.2_fail, 58B6E1F6-E783-FD02-EC92-88547A8C4351, firefox, 2018-04-10 09:41:55, contaminated
trace_3.2_fail, 3BC9A412-B4E3-E731-30B5-AEA2947315C4, firefox, 2018-04-10 09:41:55, contaminated
trace_3.2_fail, 2E3102FC-FFD9-19D1-3BFD-CCD1E59FC093, firefox, 2018-04-10 09:41:55, contaminated
trace_3.2_fail, B3E54A1D-0C79-3430-2D72-E4246F2CD8E0, firefox, 2018-04-10 09:41:55, contaminated
trace_3.2_fail, 40837E4F-9763-40ED-A1BF-23F7A51E2DA0, firefox, 2018-04-10 09:41:55, contaminated
trace_3.2_fail, CCDBED9C-00E6-B3DB-EFE8-E13711CECADF, firefox, 2018-04-10 09:41:55, contaminated
trace_3.2_fail, CB27AA88-656C-B7A6-7BEC-9A55ED117879, firefox, 2018-04-10 09:41:55, contaminated
trace_3.2_fail, 7BA1B926-6F24-D525-18F6-A82DE383DE3F, firefox, 2018-04-10 09:41:55, contaminated
trace_3.2_fail, 5B4D8AF2-3741-E1B5-C96E-F9D6247DD88E, firefox, 2018-04-10 09:41:55, contaminated
trace_3.2_fail, 51E9527F-CBFA-92EF-2144-C971D49DC909, firefox, 2018-04-10 09:41:55, contaminated
trace_3.2_fail, B29BB0E0-20B6-49CB-38B2-4F087A230917, firefox, 2018-04-10 09:41:55, contaminated
trace_3.2_fail, DC108B3F-F2CC-9D18-1172-A461ADA135B4, firefox, 2018-04-10 09:41:55, contaminated
trace_3.2_fail, F266925F-7CD9-5F34-5869-C4B3F4ADDF74, firefox, 2018-04-10 09:41:55, contaminated
trace_3.2_fail, 787E1DCA-38DA-E546-C369-30F54EE0CB92, firefox, 2018-04-10 09:41:55, contaminated
trace_3.2_fail, 9B86B081-B84F-7EEC-B4BA-3A7428416391, firefox, 2018-04-10 09:41:55, contaminated
trace_3.2_fail, DD26196E-877E-5D5E-0D59-7350BF212C51, firefox, 2018-04-10 09:41:55, contaminated
trace_3.2_fail, B198F572-74DD-9F60-3D94-4F6C60DE85AA, firefox, 2018-04-10 09:41:55, contaminated
trace_3.2_fail, 29D838DD-CA93-0785-3978-1E22F068C681, firefox, 2018-04-10 09:41:55, contaminated
trace_3.2_fail, E90D6B2D-C478-2D30-3598-E765A82F3E0D, firefox, 2018-04-10 09:41:55, contaminated
trace_3.2_fail, F2E8C705-94A7-3A7D-24FD-C08D2C06945D, firefox, 2018-04-10 09:41:55, contaminated
trace_3.2_fail, E64B8EE9-155B-029D-B7D0-419723928A69, firefox, 2018-04-10 09:41:55, contaminated
trace_3.2_fail, 3C058B6F-1396-FA44-D77D-2EA1D2ABDF1F, firefox, 2018-04-10 09:41:55, contaminated
trace_3.2_fail, 02A2EB5D-7129-7594-D889-8635461FC535, firefox, 2018-04-10 09:41:55, contaminated
trace_3.2_fail, 599F0762-17A8-98EF-B8AB-4B73E9C77755, firefox, 2018-04-10 09:41:55, contaminated
trace_3.2_fail, B0CACFC5-4D44-C985-F1CE-55CA31579CAD, firefox, 2018-04-10 09:41:55, contaminated
trace_3.2_fail, A4B83D86-F0A7-25B4-5DB2-F6045F3A8C96, firefox, 2018-04-10 09:41:55, contaminated
trace_3.2_fail, 1AE7D720-57AA-B50C-F352-2DB4DAC1C57B, firefox, 2018-04-10 09:41:55, contaminated
trace_3.2_fail, D0707448-111F-379D-224C-83694DC79E50, firefox, 2018-04-10 09:41:55, contaminated
trace_3.2_fail, 420BBB81-BE69-5973-0C15-60D9A16E9A89, firefox, 2018-04-10 09:41:55, contaminated
trace_3.2_fail, C19158F5-B291-A07D-DF60-0D45D6035AF8, firefox, 2018-04-10 09:41:55, contaminated
trace_3.2_fail, 2D641B48-4293-BA97-9439-295F03473359, firefox, 2018-04-10 09:41:55, contaminated
trace_3.2_fail, 90C4A81B-FE8B-DE7E-DE04-FAFEEC12289F, firefox, 2018-04-10 09:41:55, contaminated
trace_3.2_fail, EEF60264-188A-61BB-43A6-7D6D3D958BC7, firefox, 2018-04-10 09:41:55, contaminated
trace_3.2_fail, 271E7DF9-B2D3-3B5F-9A75-5B0DC90EF4EB, firefox, 2018-04-10 09:41:55, contaminated
trace_3.2_fail, D8F24226-6318-FE5D-3E55-B931B5B94D4C, firefox, 2018-04-10 09:41:55, contaminated
trace_3.2_fail, 372EBE94-9CA6-B672-787D-ADA31233B9C5, firefox, 2018-04-10 09:41:55, contaminated
trace_3.2_fail, B84A5C7E-120D-2CD8-AF3F-E2481E71A360, firefox, 2018-04-10 09:41:55, contaminated
trace_3.2_fail, 3D3CD39F-A100-727F-F30F-706E0B8F9520, firefox, 2018-04-10 09:41:55, contaminated
trace_3.2_fail, A3355763-F018-3CBF-FC44-93401E68D788, firefox, 2018-04-10 09:41:55, contaminated
trace_3.2_fail, A43AB2BE-D088-94BD-B315-70B8F1AD0956, firefox, 2018-04-10 09:41:55, contaminated
trace_3.2_fail, 2E2AA8BC-22BA-1F73-9B7B-45FF1D300D8F, firefox, 2018-04-10 09:41:55, contaminated
trace_3.2_fail, 77943396-F443-1691-2F9E-013DD8D7D0BE, firefox, 2018-04-10 09:41:55, contaminated
trace_3.2_fail, 686CE8ED-EAB6-4965-032F-E696A9AAED4B, firefox, 2018-04-10 09:41:55, contaminated
trace_3.2_fail, 1258879E-7FB9-6F5E-6849-F18B2E7B4EBC, firefox, 2018-04-10 09:41:55, contaminated
trace_3.2_fail, BA26B713-D7FD-51F6-259E-FCAD50FAE7BF, firefox, 2018-04-10 09:41:55, contaminated
trace_3.2_fail, 6EF16A0D-18F6-1CD5-EDF0-8B503D546385, firefox, 2018-04-10 09:41:55, contaminated
trace_3.2_fail, 7D2EBD02-882F-6946-229C-893CF6FC8549, firefox, 2018-04-10 09:41:55, contaminated
trace_3.2_fail, 82FAFC62-0EC4-E61A-435D-AC6C905BC115, firefox, 2018-04-10 09:41:55, contaminated
trace_3.2_fail, B3DDF9E0-BAB7-030F-AC78-5A2C928B2BA8, firefox, 2018-04-10 09:41:55, contaminated
trace_3.2_fail, 197AC2FB-8021-2760-F308-5BB6B69657ED, firefox, 2018-04-10 09:41:55, contaminated
trace_3.2_fail, 6A97929C-34FD-0E7C-51F5-830DC701A3D2, firefox, 2018-04-10 09:41:55, contaminated
trace_3.2_fail, BC9F60A5-EEC9-2BFC-8829-0E15321C0304, firefox, 2018-04-10 09:41:55, contaminated
trace_3.2_fail, C7644F11-7ED8-BFDB-9E03-361808F98AF3, firefox, 2018-04-10 09:41:55, contaminated
trace_3.2_fail, C01C1D4C-08EA-BFFE-A066-5F3B0A522D7E, firefox, 2018-04-10 09:41:55, contaminated
trace_3.2_fail, 0ECA140C-A82D-649A-DA86-F55B5F5DC7CE, firefox, 2018-04-10 09:41:55, contaminated
trace_3.2_fail, 450C8244-2C14-C462-AF2D-5DA08DF402B0, firefox, 2018-04-10 09:41:55, contaminated
trace_3.2_fail, 014D2F32-3991-B58F-FB8D-FAE9CE085D99, firefox, 2018-04-10 09:41:55, contaminated
trace_3.2_fail, 7F9FF651-5E98-CB8C-A53E-8A20E3E4A8B9, firefox, 2018-04-10 09:41:55, contaminated
trace_3.2_fail, 512FB026-62C6-64DE-B4F9-D9F9DCED422A, firefox, 2018-04-10 09:41:55, contaminated
trace_3.2_fail, 487ABCFA-DFCB-ED03-D7F3-F98A2F61CC06, firefox, 2018-04-10 09:41:55, contaminated
trace_3.2_fail, B76F8F0E-7DEE-F1BB-FBEB-72F439E8DFD5, firefox, 2018-04-10 09:41:55, contaminated
trace_3.2_fail, 96320D6D-7622-EEA2-8CED-BA35F7288A74, firefox, 2018-04-10 09:41:55, contaminated
trace_3.2_fail, 93C948A4-4BC5-734F-2793-A5EAB689AE54, firefox, 2018-04-10 09:41:55, contaminated
trace_3.2_fail, 0B1B3EB1-7B41-2F71-9FCF-EEA4967F7F2B, firefox, 2018-04-10 09:41:55, contaminated
trace_3.2_fail, CDC17CB3-E207-2344-10BC-23AE066506CB, firefox, 2018-04-10 09:41:55, contaminated
trace_3.2_fail, 8AACED7C-DF99-8ECA-5C0F-440BAD962B74, firefox, 2018-04-10 09:41:55, contaminated
trace_3.2_fail, 66A2E560-7F87-5FB0-E060-4C90B02B0677, firefox, 2018-04-10 09:41:55, contaminated
trace_3.2_fail, C0D5C32A-C53E-CCD6-969D-8492921656F4, firefox, 2018-04-10 09:41:55, contaminated
trace_3.2_fail, 8A504886-E10F-3685-BC87-536676784A6A, firefox, 2018-04-10 09:41:55, contaminated
trace_3.2_fail, 5DA7700C-A78E-FD9C-7A7F-0B2F1433FB7F, firefox, 2018-04-10 09:41:55, contaminated
trace_3.2_fail, 46E02B13-96FC-2888-6700-D2BF51ED47CE, firefox, 2018-04-10 09:41:55, contaminated
trace_3.2_fail, 5544BDBC-CD56-B214-3E9B-010C4C242733, firefox, 2018-04-10 09:41:55, contaminated
trace_3.2_fail, A2A99818-A8A8-C5E7-C38E-E365F63A38F2, firefox, 2018-04-10 09:41:55, contaminated
trace_3.2_fail, 9E844314-A178-8987-A405-810EF1798B04, firefox, 2018-04-10 09:41:55, contaminated
trace_3.2_fail, 38142FBA-0BAC-FB46-B9BB-ED6507C329D8, firefox, 2018-04-10 09:41:55, contaminated
trace_3.2_fail, F8629F0E-1DF0-F765-1FBE-05A67B99A60E, firefox, 2018-04-10 09:41:55, contaminated
trace_3.2_fail, D6B46E75-59B9-35E2-CED9-06BBA6B9B574, firefox, 2018-04-10 09:41:55, contaminated
trace_3.2_fail, 8A4A5A53-7B02-9421-17B4-C16D76708BA9, firefox, 2018-04-10 09:41:55, contaminated
trace_3.2_fail, 1C9082C5-EF17-7A0F-D073-3C576E484D8D, firefox, 2018-04-10 09:41:55, contaminated
trace_3.2_fail, 48984295-70A3-B90D-A598-19FB4B87E104, firefox, 2018-04-10 09:41:55, contaminated
trace_3.2_fail, 0819E3D7-B992-6791-A081-05CDFA114ABD, firefox, 2018-04-10 09:41:55, contaminated
trace_3.2_fail, FF10E699-5A63-6A24-9BF6-DDA21311AC13, firefox, 2018-04-10 09:41:55, contaminated
trace_3.2_fail, 2ADD5A10-25E5-79F3-D874-3B0521091CF2, firefox, 2018-04-10 09:41:55, contaminated
trace_3.2_fail, 9E1FB885-7608-0D1B-F373-CFC8AFE8F126, firefox, 2018-04-10 09:41:55, contaminated
trace_3.2_fail, DD27F05B-81EC-A75A-0497-808A60EC9151, firefox, 2018-04-10 09:41:55, contaminated
trace_3.2_fail, 36603317-2C45-8258-59D3-D6FBAFD0F6DA, firefox, 2018-04-10 09:41:55, contaminated
trace_3.2_fail, DEC840E9-EED3-0FD9-6438-01678CBA24DD, firefox, 2018-04-10 09:41:55, contaminated
trace_3.2_fail, 4114B90E-56A2-92DE-4E23-E7BEB4A27706, firefox, 2018-04-10 09:41:55, contaminated
trace_3.2_fail, DD143B62-DEC4-55B4-4A08-C2B1340370AA, firefox, 2018-04-10 09:41:55, contaminated
trace_3.2_fail, 9E05F7B2-AEEB-9B45-7F64-DEEB8143A26B, firefox, 2018-04-10 09:41:55, contaminated
trace_3.2_fail, 878B1134-641D-E77E-4BEB-5AE2ADC5E783, firefox, 2018-04-10 09:41:55, contaminated
trace_3.2_fail, 30E64B6C-C76B-BB23-B50E-94AEB9AD4290, firefox, 2018-04-10 09:41:55, contaminated
trace_3.2_fail, 54C69302-BEFA-C525-4EB6-ED06C6B70A5E, firefox, 2018-04-10 09:41:55, contaminated
trace_3.2_fail, C7BD9ABC-1F53-A165-163F-3A4A21CCD67C, firefox, 2018-04-10 09:41:55, contaminated
trace_3.2_fail, 7A60AF00-806B-758F-F6D6-8F8BEC74B879, firefox, 2018-04-10 09:41:55, contaminated
trace_3.2_fail, 5356E8EE-3FCC-02EA-6111-A555BA5EF013, firefox, 2018-04-10 09:41:55, contaminated
trace_3.2_fail, BE1A6588-3476-4C5D-DCBA-5C9C7F67B4A4, firefox, 2018-04-10 09:41:55, contaminated
trace_3.2_fail, F623FC5E-46E7-A23A-CCBD-FA8574095CC3, firefox, 2018-04-10 09:41:55, contaminated
trace_3.2_fail, 11365B77-11C2-FFB4-A997-70B372786B3A, firefox, 2018-04-10 09:41:55, contaminated
trace_3.2_fail, 3004CC9A-C3B6-4438-EE19-D9830BF48672, firefox, 2018-04-10 09:41:55, contaminated
trace_3.2_fail, B43915B9-0A7A-1314-C7E8-B3EC839EB0AF, firefox, 2018-04-10 09:41:55, contaminated
trace_3.2_fail, 847776BD-BDB5-BCDB-DCFC-E40C53FE6489, firefox, 2018-04-10 09:41:55, contaminated
trace_3.2_fail, A5DEB579-1E37-620E-D382-F5AF3CF2034D, firefox, 2018-04-10 09:41:55, contaminated
trace_3.2_fail, ED282FE6-8CDB-ACF8-B7F0-ADB70B26AC5D, firefox, 2018-04-10 09:41:55, contaminated
trace_3.2_fail, 43ACDF45-F273-FCCD-C7BB-37B742F4FEF3, firefox, 2018-04-10 09:41:55, contaminated
trace_3.2_fail, 60F4AC0D-4BD5-062F-7050-571A34B44F92, firefox, 2018-04-10 09:41:55, contaminated
trace_3.2_fail, 6143F7FE-D421-E28D-3927-E903DBBF291B, firefox, 2018-04-10 09:41:55, contaminated
trace_3.2_fail, 280EA964-DFB5-7117-097F-74655DB3A1C5, firefox, 2018-04-10 09:41:55, contaminated
trace_3.2_fail, 7A345C62-3CAB-3C56-18F9-51FA4BFD7FB5, firefox, 2018-04-10 09:41:55, contaminated
trace_3.2_fail, 2A4F0638-9559-7BEC-7B95-0B01FC0DFEE2, firefox, 2018-04-10 09:41:55, contaminated
trace_3.2_fail, 4443E370-9386-F974-7FF4-0AAE894E54DC, firefox, 2018-04-10 09:41:55, contaminated
trace_3.2_fail, 09C492E1-7724-BFB2-4EF9-C4369D394255, firefox, 2018-04-10 09:41:55, contaminated
trace_3.2_fail, D5F67429-DFD5-A3C2-4328-CA5747A5B944, firefox, 2018-04-10 09:41:55, contaminated
trace_3.2_fail, 48F772B9-4791-05AF-0CD3-58721ABB9027, firefox, 2018-04-10 09:41:55, contaminated
trace_3.2_fail, 958F970A-4D14-C964-7E86-2FA76D91432B, firefox, 2018-04-10 09:41:55, contaminated
trace_3.2_fail, 15FA57EE-CB4D-6876-5CCC-C9C51AE6AD14, firefox, 2018-04-10 09:41:55, contaminated
trace_3.2_fail, 46D57498-81CC-C35B-7C58-37C78FB5A231, firefox, 2018-04-10 09:41:55, contaminated
trace_3.2_fail, 5AA1B58E-BFCF-80D7-0B5F-5BCAB4F4B03D, firefox, 2018-04-10 09:41:55, contaminated
trace_3.2_fail, FEE8BB1C-9D79-B99F-9C49-FFF64C69A955, firefox, 2018-04-10 09:41:55, contaminated
trace_3.2_fail, 1535B174-076A-BDC7-420F-9E1D6DB7FFDD, firefox, 2018-04-10 09:41:55, contaminated
trace_3.2_fail, F4B21916-1C9C-1CEA-4DD3-8D4E5C0AE820, firefox, 2018-04-10 09:41:55, contaminated
trace_3.2_fail, 7294E3CE-804B-C14D-68F2-63AA5D0913C4, firefox, 2018-04-10 09:41:55, contaminated
trace_3.2_fail, C40FB40D-A585-CFA4-4DAF-59ACFA7CC9B8, firefox, 2018-04-10 09:41:55, contaminated
trace_3.2_fail, B419FA90-EE61-5C13-3043-5ED57F609F7E, firefox, 2018-04-10 09:41:55, contaminated
trace_3.2_fail, 5E844F75-00B9-A989-0988-209ACE2A60A7, firefox, 2018-04-10 09:41:55, contaminated
trace_3.2_fail, 76406135-DDC8-4903-3F00-695A32D561BC, firefox, 2018-04-10 09:41:55, contaminated
trace_3.2_fail, 1539B7A1-D407-DA60-9075-151B165B18EF, firefox, 2018-04-10 09:41:55, contaminated
trace_3.2_fail, B1696E52-6763-C09F-4930-D6A44C686916, firefox, 2018-04-10 09:41:55, contaminated
trace_3.2_fail, EA287701-DB53-FC83-E66F-E9B19DCE251A, firefox, 2018-04-10 09:41:55, contaminated
trace_3.2_fail, EB17CFEB-E466-24B6-E704-1E3B659376FE, firefox, 2018-04-10 09:41:55, contaminated
trace_3.2_fail, 8342D27E-257F-A5C6-BBBD-EAEF51C3EC53, firefox, 2018-04-10 09:41:55, contaminated
trace_3.2_fail, F938F6FE-5F23-F817-0A7D-D73411684F00, firefox, 2018-04-10 09:41:55, contaminated
trace_3.2_fail, BD032C3F-06CE-B10F-E8A4-417C128C200E, firefox, 2018-04-10 09:41:55, contaminated
trace_3.2_fail, 4B35C6F0-65DD-EC56-58A5-AF117DBEA99F, firefox, 2018-04-10 09:41:55, contaminated
trace_3.2_fail, 4A161D82-A9DD-0E55-DFFB-75D3E6D0568B, firefox, 2018-04-10 09:41:55, contaminated
trace_3.2_fail, 6999EBC1-E0A3-DE5B-DB68-EE1112BE279E, firefox, 2018-04-10 09:41:55, contaminated
trace_3.2_fail, 22D13D77-10B7-08E4-8ADF-8E540BC06FDF, firefox, 2018-04-10 09:41:55, contaminated
trace_3.2_fail, 8ED36E9D-0B23-F1F4-99E4-11C0B4D61508, firefox, 2018-04-10 09:41:55, contaminated
trace_3.2_fail, E33BA540-1F6B-1F9C-170B-C046765901F2, firefox, 2018-04-10 09:41:55, contaminated
trace_3.2_fail, 3796CE2D-FC20-1791-9F1D-87F98148493A, firefox, 2018-04-10 09:41:55, contaminated
trace_3.2_fail, CE4FB634-A3D6-84FD-2AE4-375A82F9B82C, firefox, 2018-04-10 09:41:55, contaminated
trace_3.2_fail, ABDBC918-08C9-EA21-AC93-557DD08EF0B3, firefox, 2018-04-10 09:41:55, contaminated
trace_3.2_fail, F2381876-0886-771B-3E1F-2FF7BA268206, firefox, 2018-04-10 09:41:55, contaminated
trace_3.2_fail, 55734B64-0303-4E51-668B-644F022A374B, firefox, 2018-04-10 09:41:55, contaminated
trace_3.2_fail, E6CFD48E-AF3E-A1DD-2378-2A48F8A2C69C, firefox, 2018-04-10 09:41:55, contaminated
trace_3.2_fail, 997D15EC-A4C1-70FC-A90A-0D1211E2DCF4, firefox, 2018-04-10 09:41:55, contaminated
trace_3.2_fail, 3255EF6E-0FCB-053E-D524-644E3941203F, firefox, 2018-04-10 09:41:55, contaminated
trace_3.2_fail, 6C37409F-AC7B-8337-78B8-9E85C9D15DFD, firefox, 2018-04-10 09:41:55, contaminated
trace_3.2_fail, AC150310-7A23-BFAF-4592-09DE7EB4B1B4, firefox, 2018-04-10 09:41:55, contaminated
trace_3.2_fail, 0EB202F6-8145-982D-30CF-7ED0E37F9D78, firefox, 2018-04-10 09:41:55, contaminated
trace_3.2_fail, E54B595B-C89C-48C4-81F4-9993E261834C, firefox, 2018-04-10 09:41:55, contaminated
trace_3.2_fail, B4420A33-1555-C316-3832-877F457646F4, firefox, 2018-04-10 09:41:55, contaminated
trace_3.2_fail, FFEB3509-8938-8BAC-9F75-572E192135C9, firefox, 2018-04-10 09:41:55, contaminated
trace_3.2_fail, 8214EAA8-8F17-2F00-7C60-58F511A3C602, firefox, 2018-04-10 09:41:55, contaminated
trace_3.2_fail, 9B11742A-DD69-3447-D6E4-64C83212ED93, firefox, 2018-04-10 09:41:55, contaminated
trace_3.2_fail, 416D1021-92C5-A1C6-CD45-665C440BA229, firefox, 2018-04-10 09:41:55, contaminated
trace_3.2_fail, 2C8A25C3-5809-4524-92BC-7EA875E8B4B3, firefox, 2018-04-10 09:41:55, contaminated
trace_3.2_fail, C0335892-0ACF-1D49-0591-2A2AD111DD4F, firefox, 2018-04-10 09:41:55, contaminated
trace_3.2_fail, AB6B234A-1D80-5AEC-8310-32197C536F3F, firefox, 2018-04-10 09:41:55, contaminated
trace_3.2_fail, B9B7362E-EF42-5788-55DA-854955104EBE, firefox, 2018-04-10 09:41:55, contaminated
trace_3.2_fail, 527C9C3F-2488-ACB9-9B41-D699068D6374, firefox, 2018-04-10 09:41:55, contaminated
trace_3.2_fail, 44B9AE02-881F-1FCC-0045-17A182D31CC9, firefox, 2018-04-10 09:41:55, contaminated
trace_3.2_fail, 7F98CCAC-3F0F-E84D-3644-7B11F96DB7FA, firefox, 2018-04-10 09:41:55, contaminated
trace_3.2_fail, 32F4B534-7110-8E02-0B86-76E917BB7907, firefox, 2018-04-10 09:41:55, contaminated
trace_3.2_fail, 279C0C57-84B1-9AD9-81BA-F2CC2AE4B3A0, firefox, 2018-04-10 09:41:55, contaminated
trace_3.2_fail, 81F54F1E-232F-E5C3-8085-97A3B60B153C, firefox, 2018-04-10 09:41:55, contaminated
trace_3.2_fail, 6A0777CE-6966-9960-5665-B6315AC68A88, firefox, 2018-04-10 09:41:55, contaminated
trace_3.2_fail, 32C90899-EF2C-696D-0D2C-DBE0F687A7EC, firefox, 2018-04-10 09:41:55, contaminated
trace_3.2_fail, 7A1C8B27-517F-5981-16FA-4C463EE78828, firefox, 2018-04-10 09:41:55, contaminated
trace_3.2_fail, B61ED120-C022-A880-8754-0C3DDAFE4450, firefox, 2018-04-10 09:41:55, contaminated
trace_3.2_fail, D8B9871E-5CC1-D980-1772-D240A8302260, firefox, 2018-04-10 09:41:55, contaminated
trace_3.2_fail, 32E99AFE-2A26-8933-4357-A815664CB4F5, firefox, 2018-04-10 09:41:55, contaminated
trace_3.2_fail, C90E4164-AE83-277E-5ACB-FB070FE15B79, firefox, 2018-04-10 09:41:55, contaminated
trace_3.2_fail, 5AB6599A-FB0B-7479-51D5-2CC325D1E4F3, firefox, 2018-04-10 09:41:55, contaminated
trace_3.2_fail, 2965E656-0CC1-C875-89BB-BBFF40145965, firefox, 2018-04-10 09:41:55, contaminated
trace_3.2_fail, F02FF7AC-F4FE-6395-2829-E997DC555451, firefox, 2018-04-10 09:41:55, contaminated
trace_3.2_fail, F857635A-1116-CAA0-4572-760B7CDC8CF4, firefox, 2018-04-10 09:41:55, contaminated
trace_3.2_fail, FE966EDE-2C98-25C8-015C-58961A88089F, firefox, 2018-04-10 09:41:55, contaminated
trace_3.2_fail, 6FDA97D6-E2F2-2997-8F10-119BC2FB9708, firefox, 2018-04-10 09:41:55, contaminated
trace_3.2_fail, 9D865C6D-605A-384E-7B12-7A6382D5F3D5, firefox, 2018-04-10 09:41:55, contaminated
trace_3.2_fail, 1AA01948-3757-2238-9E12-F0A54F5CC4E7, firefox, 2018-04-10 09:41:55, contaminated
trace_3.2_fail, 2EE21B46-05CE-4843-0CF1-D2FF9C90AA6B, firefox, 2018-04-10 09:41:55, contaminated
trace_3.2_fail, D49AEBEA-88DE-7488-58B2-A60572F4F388, firefox, 2018-04-10 09:41:55, contaminated
trace_3.2_fail, 9EB8057A-6FC8-2C1C-56ED-C644F32DD7FA, firefox, 2018-04-10 09:41:55, contaminated
trace_3.2_fail, ABF96BC8-B4AC-839D-447A-EBE7F217364C, firefox, 2018-04-10 09:41:55, contaminated
trace_3.2_fail, AB172FBC-B215-C849-D3E4-EAFDD7885494, firefox, 2018-04-10 09:41:55, contaminated
trace_3.2_fail, 92EC4110-9F7E-E878-CCF6-6C6BDD137167, firefox, 2018-04-10 09:41:55, contaminated
trace_3.2_fail, 943FFBF3-4186-D1C4-7AF9-A5506E5DB027, firefox, 2018-04-10 09:41:55, contaminated
trace_3.2_fail, FFD7B7D7-18F8-6F35-94C8-B5C4B2803956, firefox, 2018-04-10 09:41:55, contaminated
trace_3.2_fail, 96C7A273-5EB3-150B-88F6-7B090CC10100, firefox, 2018-04-10 09:41:55, contaminated
trace_3.2_fail, 6A46AFC9-3005-21A1-FC94-F31DC76A164A, firefox, 2018-04-10 09:41:55, contaminated
trace_3.2_fail, EE3D5528-47D9-FADD-0CFD-1697FBFAD2C9, firefox, 2018-04-10 09:41:55, contaminated
trace_3.2_fail, 24D4C8ED-2EB5-4562-6EB1-4FB9059494D8, firefox, 2018-04-10 09:41:55, contaminated
trace_3.2_fail, 58592E8E-57E9-972B-519E-003E3693B098, firefox, 2018-04-10 09:41:55, contaminated
trace_3.2_fail, 846883C1-027E-E63C-F0DE-8137DA031D4B, firefox, 2018-04-10 09:41:55, contaminated
trace_3.2_fail, C419FA21-D70A-AA17-5EA6-FFB9BE4F1F5B, firefox, 2018-04-10 09:41:55, contaminated
trace_3.2_fail, 145C8E4A-E24E-96CC-EA52-BC8D546B23B2, firefox, 2018-04-10 09:41:55, contaminated
trace_3.2_fail, 5904F9B8-517A-EA5B-B0CD-C131ECA59D3D, firefox, 2018-04-10 09:41:55, contaminated
trace_3.2_fail, A69F6523-AB33-4C7D-2777-46A72549373D, firefox, 2018-04-10 09:41:55, contaminated
trace_3.2_fail, AC00C3A6-B899-327B-E8F4-0332A56347F4, firefox, 2018-04-10 09:41:55, contaminated
trace_3.2_fail, F0466CAB-64C6-CFC7-0FFB-653CC4508EAE, firefox, 2018-04-10 09:41:55, contaminated
trace_3.2_fail, F4BD4E1A-246C-B8F0-3A64-3D7E1BC09702, firefox, 2018-04-10 09:41:55, contaminated
trace_3.2_fail, F1531641-C042-A2F7-FACA-8026B34ADAD2, firefox, 2018-04-10 09:41:55, contaminated
trace_3.2_fail, A8E9145D-E8EE-DEB3-E13C-3DFAB53F190D, firefox, 2018-04-10 09:41:55, contaminated
trace_3.2_fail, 9745F4A1-C189-979D-3B3F-B13081F6148E, firefox, 2018-04-10 09:41:55, contaminated
trace_3.2_fail, A834B12C-5713-34D4-9E2B-B7819E8A2957, firefox, 2018-04-10 09:41:55, contaminated
trace_3.2_fail, 67149A0E-BD52-4145-DAAF-241BF914C731, firefox, 2018-04-10 09:41:55, contaminated
trace_3.2_fail, 66CA9923-3015-EB72-FADD-A2F5AB2A0EAE, firefox, 2018-04-10 09:41:55, contaminated
trace_3.2_fail, F4AE9205-34B8-219D-4F9C-D27C0132B3F3, firefox, 2018-04-10 09:41:55, contaminated
trace_3.2_fail, F942A3EB-994A-418D-626D-A223A95943C2, firefox, 2018-04-10 09:41:55, contaminated
trace_3.2_fail, 39FEC6ED-FD9C-00AC-E6DA-165E71C9B008, firefox, 2018-04-10 09:41:55, contaminated
trace_3.2_fail, F61CADE5-7DBC-495B-A6AE-9FB8C8880803, firefox, 2018-04-10 09:41:55, contaminated
trace_3.2_fail, 2B4157A7-23EE-1DE8-8FC3-0A1BC247F9D4, firefox, 2018-04-10 09:41:55, contaminated
trace_3.2_fail, 5C90878E-8AB9-5A43-AF4A-AB548C2B8087, firefox, 2018-04-10 09:41:55, contaminated
trace_3.2_fail, E13406A5-049A-882C-CDF9-55E2EE146B8A, firefox, 2018-04-10 09:41:55, contaminated
trace_3.2_fail, A008BD4F-120F-C589-43F6-06F7CCFAF14A, firefox, 2018-04-10 09:41:55, contaminated
trace_3.2_fail, B339BE3C-33C7-D0AB-AED6-021435BBA116, firefox, 2018-04-10 09:41:55, contaminated
trace_3.2_fail, 47E32F34-44A2-1E86-E6A1-B7F5F653F0DD, firefox, 2018-04-10 09:41:55, contaminated
trace_3.2_fail, 18A1BC77-DA24-DAD0-FBFD-C7AF5CB300E4, firefox, 2018-04-10 09:41:55, contaminated
trace_3.2_fail, 7226FCD6-91BA-8A88-9F6C-CC7EA9D76E0F, firefox, 2018-04-10 09:41:55, contaminated
trace_3.2_fail, 06E30D87-D3C8-BA4C-0152-03468660B74E, firefox, 2018-04-10 09:41:55, contaminated
trace_3.2_fail, 6448159E-D925-8E2D-DB52-E1B0B4056F86, firefox, 2018-04-10 09:41:55, contaminated
trace_3.2_fail, 06D0A2FD-DC8A-4FBE-AA0D-BCFF6593DCE9, firefox, 2018-04-10 09:41:55, contaminated
trace_3.2_fail, 18A23BA9-8EC6-4319-2065-D74375F7F1F8, firefox, 2018-04-10 09:41:55, contaminated
trace_3.2_fail, 3E370C29-5ADF-A1B3-18AE-0AF1FC5DE141, firefox, 2018-04-10 09:41:55, contaminated
trace_3.2_fail, 1519DF85-72AE-3EC1-5D20-C65E5E38703A, firefox, 2018-04-10 09:41:55, contaminated
trace_3.2_fail, 594A0ED9-2C9D-4FF1-3266-D53E57DCE241, firefox, 2018-04-10 09:41:55, contaminated
trace_3.2_fail, 41BFF59F-4860-176A-D6F3-80E8D4BC3259, firefox, 2018-04-10 09:41:55, contaminated
trace_3.2_fail, 72A646BE-254F-0185-B043-2F2FFD64988A, firefox, 2018-04-10 09:41:55, contaminated
trace_3.2_fail, D86EC3F6-408C-D4C3-0FDB-0A802E4E9683, firefox, 2018-04-10 09:41:55, contaminated
trace_3.2_fail, 083AE732-5E1F-C745-C683-B2693FB374D2, firefox, 2018-04-10 09:41:55, contaminated
trace_3.2_fail, A2ECA424-1A22-AB4D-E20D-D9E8B41AA028, firefox, 2018-04-10 09:41:55, contaminated
trace_3.2_fail, 928C5CA4-50C0-28A4-D7A7-D5785FEE33C8, firefox, 2018-04-10 09:41:55, contaminated
trace_3.2_fail, D9460972-8ED2-6BA1-D95E-1B36E0C86738, firefox, 2018-04-10 09:41:55, contaminated
trace_3.2_fail, 1EDA5303-CB2B-B7B2-C1B9-88E0998FE35B, firefox, 2018-04-10 09:41:55, contaminated
trace_3.2_fail, E53B778A-5EEB-518F-DAD7-EEDEC13FA9B4, firefox, 2018-04-10 09:41:55, contaminated
trace_3.2_fail, 792AB044-899F-0AD8-508E-99D3838BEA99, firefox, 2018-04-10 09:41:55, contaminated
trace_3.2_fail, FAB793B7-7D48-8492-49A9-BEF6A5DBD2F9, firefox, 2018-04-10 09:41:55, contaminated
trace_3.2_fail, 59A2B865-2B54-9383-0A94-F0D7947F9895, firefox, 2018-04-10 09:41:55, contaminated
trace_3.2_fail, 84C2BBBB-733D-C971-4F61-A64DA3DA8DD4, firefox, 2018-04-10 09:41:55, contaminated
trace_3.2_fail, 5469FBF0-B0F8-B59F-FB5B-892FC25DA767, firefox, 2018-04-10 09:41:55, contaminated
trace_3.2_fail, 16C3B3D6-51B3-6BD7-1728-C7EA253B8B09, firefox, 2018-04-10 09:41:55, contaminated
trace_3.2_fail, 2D064477-1442-A6B8-BDEA-1FC920DE9DB1, firefox, 2018-04-10 09:41:55, contaminated
trace_3.2_fail, C794DF5D-1A0C-079A-42B1-65C4B181AD97, firefox, 2018-04-10 09:41:55, contaminated
trace_3.2_fail, D2FA7631-A753-196C-CA83-700991C17CC8, firefox, 2018-04-10 09:41:55, contaminated
trace_3.2_fail, C0385C28-8E6E-7E68-016A-388B30FF73AF, firefox, 2018-04-10 09:41:55, contaminated
trace_3.2_fail, E11CA79C-B718-B0ED-6CB9-6BA13848139A, firefox, 2018-04-10 09:41:55, contaminated
trace_3.2_fail, 77CB0DCD-2659-A742-0B31-12E5763D8738, firefox, 2018-04-10 09:41:55, contaminated
trace_3.2_fail, 35172502-13CC-DFF8-8E21-ED907E5A2782, firefox, 2018-04-10 09:41:55, contaminated
trace_3.2_fail, 16F0C4B3-9C18-8863-D9C7-1616CB7B0729, firefox, 2018-04-10 09:41:55, contaminated
trace_3.2_fail, A32256A2-E35D-0F37-5F3E-05C1558C818C, firefox, 2018-04-10 09:41:55, contaminated
trace_3.2_fail, 25161A9D-887A-BF4B-E6EC-B044F8824D51, firefox, 2018-04-10 09:41:55, contaminated
trace_3.2_fail, CDDE58FD-D222-EB9A-1AE5-A7A6CFA514DA, firefox, 2018-04-10 09:41:55, contaminated
trace_3.2_fail, D3B2CA5E-C6F9-9207-3849-095CBF584CBB, firefox, 2018-04-10 09:41:55, contaminated
trace_3.2_fail, 5498754F-27F0-43C5-C78E-D4EBCD0C51B0, firefox, 2018-04-10 09:41:55, contaminated
trace_3.2_fail, B14C1EDE-7D71-0D3D-6BDD-00885CEA3391, firefox, 2018-04-10 09:41:55, contaminated
trace_3.2_fail, 2240B965-EC1E-FD6E-CE01-9526F3829672, firefox, 2018-04-10 09:41:55, contaminated
trace_3.2_fail, 8009F178-9573-17DC-609B-23CA1D034F4E, firefox, 2018-04-10 09:41:55, contaminated
trace_3.2_fail, A927CC1E-E34E-7A25-20C9-78F8372ABF69, firefox, 2018-04-10 09:41:55, contaminated
trace_3.2_fail, 8D28F884-6249-BF08-D135-71DE062731CC, firefox, 2018-04-10 09:41:55, contaminated
trace_3.2_fail, 31CEA247-85BC-7013-6250-DB0A90A1DA70, firefox, 2018-04-10 09:41:55, contaminated
trace_3.2_fail, 41B74198-AD34-D117-5EE5-4CA434A8F8CC, firefox, 2018-04-10 09:41:55, contaminated
trace_3.2_fail, 9F7FAF4A-3E1F-C519-17CB-415EAEF03FA0, firefox, 2018-04-10 09:41:55, contaminated
trace_3.2_fail, 6982CEB4-6A4C-EA61-FB06-07B4D4EEC5E0, firefox, 2018-04-10 09:41:55, contaminated
trace_3.2_fail, 3BE29368-1099-4CF3-5B49-0D1786ADCADD, firefox, 2018-04-10 09:41:55, contaminated
trace_3.2_fail, 7BB16893-01E4-1F22-98CB-537977EF416E, firefox, 2018-04-10 09:41:55, contaminated
trace_3.2_fail, E9905322-01BC-D489-FA46-DC5821B92C54, firefox, 2018-04-10 09:41:56, contaminated
trace_3.2_fail, 0113C208-7AD3-CC84-9A10-1FC2A14773A4, firefox, 2018-04-10 09:41:56, contaminated
trace_3.2_fail, FC56DCB7-B182-413A-2AE8-2B43787CB724, firefox, 2018-04-10 09:41:56, contaminated
trace_3.2_fail, C328D5DF-F0E6-C34E-608F-16E7809F7950, firefox, 2018-04-10 09:41:56, contaminated
trace_3.2_fail, 9F9081FA-0B47-0B61-44EE-5DC1966C18DC, firefox, 2018-04-10 09:41:56, contaminated
trace_3.2_fail, D484E04D-BC0A-6E0C-B4B7-A4D8778CFF9F, firefox, 2018-04-10 09:41:56, contaminated
trace_3.2_fail, 6B2C0F23-D107-838E-B4AA-15BD75094376, firefox, 2018-04-10 09:41:56, contaminated
trace_3.2_fail, 559CFE86-4A95-3962-00CF-CDE3E3F89E4D, firefox, 2018-04-10 09:41:56, contaminated
trace_3.2_fail, 377E92AA-F54F-D061-F8F9-8F8346639710, firefox, 2018-04-10 09:41:56, contaminated
trace_3.2_fail, 15ED8011-500A-B5BC-61AD-7625A198A118, firefox, 2018-04-10 09:41:56, contaminated
trace_3.2_fail, 86A7249A-A7BD-27E0-E18D-18BD35FFBE6F, firefox, 2018-04-10 09:41:56, contaminated
trace_3.2_fail, A1FFD34F-1AE2-D3FE-2068-4C68F3D7CB40, firefox, 2018-04-10 09:41:56, contaminated
trace_3.2_fail, 20F2D309-A065-BC03-8E44-06FF1EFE7149, firefox, 2018-04-10 09:41:56, contaminated
trace_3.2_fail, 0DE758AF-C5FA-21F4-B8BD-D088A11C7C91, firefox, 2018-04-10 09:41:56, contaminated
trace_3.2_fail, 76A9FF5B-2327-DAA0-CD62-9CAB4F166352, firefox, 2018-04-10 09:41:56, contaminated
trace_3.2_fail, 4A9B9094-9A2F-89D2-D3A7-57BA3CEDDD24, firefox, 2018-04-10 09:41:56, contaminated
trace_3.2_fail, 1C65F991-E689-41EA-B48B-4B687F397105, firefox, 2018-04-10 09:41:56, contaminated
trace_3.2_fail, 81E3538C-54E2-B259-83F8-83DC0E77B108, firefox, 2018-04-10 09:41:56, contaminated
trace_3.2_fail, 3B0306E3-B863-B449-AAD0-12C37ABFEC47, firefox, 2018-04-10 09:41:56, contaminated
trace_3.2_fail, 59086959-37C5-8538-E4B6-5FE7A30B0209, firefox, 2018-04-10 09:41:56, contaminated
trace_3.2_fail, 59990353-881F-A95F-A3C7-572A6BF802A9, firefox, 2018-04-10 09:41:56, contaminated
trace_3.2_fail, 444798A8-6646-C91F-2734-AF8B0A4044D7, firefox, 2018-04-10 09:41:56, contaminated
trace_3.2_fail, AF9DB58B-EAB4-35F3-F45C-E98700C917A5, firefox, 2018-04-10 09:41:56, contaminated
trace_3.2_fail, 5DE134FA-C686-4C57-C054-78FB0AC6FCE4, firefox, 2018-04-10 09:41:56, contaminated
trace_3.2_fail, 09E82EB5-27A4-D5B9-AC3E-1B7C5F25D7D8, firefox, 2018-04-10 09:41:56, contaminated
trace_3.2_fail, 67686EDE-0CE6-BCF5-FB5D-3BA6C68682A8, firefox, 2018-04-10 09:41:56, contaminated
trace_3.2_fail, C960F5BE-2883-98CE-AA70-AAB868267827, firefox, 2018-04-10 09:41:56, contaminated
trace_3.2_fail, F3A1F723-51AA-CC9E-3798-38153495E7B5, firefox, 2018-04-10 09:41:56, contaminated
trace_3.2_fail, 16C489A3-C75B-D08F-4A8D-2EE12F9922CB, firefox, 2018-04-10 09:41:56, contaminated
trace_3.2_fail, 349B9394-E867-56FF-B0E0-790D5ED9A61C, firefox, 2018-04-10 09:41:56, contaminated
trace_3.2_fail, 875F1ED6-3369-2801-8ECD-CFB173D276AC, firefox, 2018-04-10 09:41:56, contaminated
trace_3.2_fail, 099A0FAF-4797-CD76-AE2D-84A8EA1743EA, firefox, 2018-04-10 09:41:56, contaminated
trace_3.2_fail, 82B934D5-D36C-3E88-3D7E-2911A414858C, firefox, 2018-04-10 09:41:56, contaminated
trace_3.2_fail, 533869D5-2E1A-140B-C33D-CCE18475781E, firefox, 2018-04-10 09:41:56, contaminated
trace_3.2_fail, 5569E03F-89E2-44CE-CBF0-BE6B11F40C8A, firefox, 2018-04-10 09:41:56, contaminated
trace_3.2_fail, 4AFB7A0A-5FB0-50DC-58F1-3308B753E8C6, firefox, 2018-04-10 09:41:56, contaminated
trace_3.2_fail, 5F4CF382-B6F0-F501-D49F-3B8F82011F03, firefox, 2018-04-10 09:41:56, contaminated
trace_3.2_fail, 725E61D7-4CB0-A84A-A873-0E358058F1E5, firefox, 2018-04-10 09:41:56, contaminated
trace_3.2_fail, 05293996-EFB8-4A1D-F43B-A1A0D4DD1B88, firefox, 2018-04-10 09:41:56, contaminated
trace_3.2_fail, 9B97B5FD-87B7-0746-2EA6-F7A288F62EC1, firefox, 2018-04-10 09:41:56, contaminated
trace_3.2_fail, 895063EB-8C5B-0940-0994-15FB6CB0AF82, firefox, 2018-04-10 09:41:56, contaminated
trace_3.2_fail, D519A6DD-0458-19D0-D44D-C8C1523BCA08, firefox, 2018-04-10 09:41:56, contaminated
trace_3.2_fail, F87512F4-3C70-C4EB-237E-F48AE4EAC9A8, firefox, 2018-04-10 09:41:56, contaminated
trace_3.2_fail, D8C8D984-B89C-9776-2CCF-14CA2937715C, firefox, 2018-04-10 09:41:56, contaminated
trace_3.2_fail, 4EF521FD-4547-515C-708E-501D45990ACA, firefox, 2018-04-10 09:41:56, contaminated
trace_3.2_fail, 0B35692C-1965-D2F7-AF88-B988A1240DBB, firefox, 2018-04-10 09:41:56, contaminated
trace_3.2_fail, 0B2327F6-750D-9B8B-7CE6-D0DBD01EDB1C, firefox, 2018-04-10 09:41:56, contaminated
trace_3.2_fail, 2486BAA7-0E82-7119-5822-70161D7C6802, firefox, 2018-04-10 09:41:56, contaminated
trace_3.2_fail, 2DAA502D-8D80-6B23-D343-C5EB361CE0EA, firefox, 2018-04-10 09:41:56, contaminated
trace_3.2_fail, 86E623F1-2B31-A593-CDCE-B9BE88F32865, firefox, 2018-04-10 09:41:56, contaminated
trace_3.2_fail, 85D3FC24-DA8D-D925-2EE7-3C58368BFFD7, firefox, 2018-04-10 09:41:56, contaminated
trace_3.2_fail, B5894AEA-3BEA-ADB9-D987-AD62E4E8DDED, firefox, 2018-04-10 09:41:56, contaminated
trace_3.2_fail, 89CCE7FF-187E-7B23-ED88-80915FFE2EAC, firefox, 2018-04-10 09:41:56, contaminated
trace_3.2_fail, DF2CF6FA-EDD0-7A57-8245-BC0DE7405219, firefox, 2018-04-10 09:41:56, contaminated
trace_3.2_fail, 9FF5171F-C0CF-DEFC-A680-49E22F643122, firefox, 2018-04-10 09:41:56, contaminated
trace_3.2_fail, DFE8B4E6-DE6C-EA61-8892-3C2736821EEA, firefox, 2018-04-10 09:41:56, contaminated
trace_3.2_fail, BB378495-1569-468A-ED1C-97268013F78B, firefox, 2018-04-10 09:41:56, contaminated
trace_3.2_fail, 4BEAFC61-D984-03EF-77E5-16476D106E5F, firefox, 2018-04-10 09:41:56, contaminated
trace_3.2_fail, DBEB9D40-BE92-8C66-F833-F1A2B6B5DB09, firefox, 2018-04-10 09:41:56, contaminated
trace_3.2_fail, 181AE6FD-3BD5-D04A-83F3-938E3707EA87, firefox, 2018-04-10 09:41:56, contaminated
trace_3.2_fail, 3D98EC93-32F1-889F-2903-AA8D9902EE29, firefox, 2018-04-10 09:41:56, contaminated
trace_3.2_fail, 94127DD8-09C1-A3C5-6EC9-743FD398A7A5, firefox, 2018-04-10 09:41:56, contaminated
trace_3.2_fail, 783141B5-A622-4098-8F43-FAFFD63DBDCA, firefox, 2018-04-10 09:41:56, contaminated
trace_3.2_fail, 878287E9-80BF-A120-5553-4376AD6B6ED3, firefox, 2018-04-10 09:41:56, contaminated
trace_3.2_fail, 7060B9E8-C912-2EEE-0380-E06317F31FB1, firefox, 2018-04-10 09:41:56, contaminated
trace_3.2_fail, DF08111B-F3DF-2477-A196-E1533D40B85F, firefox, 2018-04-10 09:41:56, contaminated
trace_3.2_fail, 8D9841A7-5B04-92B3-19C1-7D4107616402, firefox, 2018-04-10 09:41:56, contaminated
trace_3.2_fail, EE8B5A8D-71B8-4558-8771-12750A449B6C, firefox, 2018-04-10 09:41:56, contaminated
trace_3.2_fail, 646DC5D2-E158-B4AF-560A-528DB056DF27, firefox, 2018-04-10 09:41:56, contaminated
trace_3.2_fail, D8E0BC7E-F364-E028-E3C3-C89FE04D360A, firefox, 2018-04-10 09:41:56, contaminated
trace_3.2_fail, BB422AB8-937D-F5E7-3BF2-D837C94FCD65, firefox, 2018-04-10 09:41:56, contaminated
trace_3.2_fail, F95639D8-7ACC-F9EB-3F14-D8530EC17BB3, firefox, 2018-04-10 09:41:56, contaminated
trace_3.2_fail, B8E74B6B-11B8-02E3-19D3-136761635F07, firefox, 2018-04-10 09:41:56, contaminated
trace_3.2_fail, 05E53CDC-71AF-9275-3310-5676C7EBF79C, firefox, 2018-04-10 09:41:57, contaminated
trace_3.2_fail, E698A1CA-7AC2-8A79-B8E0-7244145E42AA, firefox, 2018-04-10 09:41:57, contaminated
trace_3.2_fail, 2E01788C-E9E6-701A-C147-33169349E1C7, firefox, 2018-04-10 09:41:57, contaminated
trace_3.2_fail, 9B2DADB3-E2E1-9E99-4974-443F686E4242, firefox, 2018-04-10 09:41:57, contaminated
trace_3.2_fail, 8545690E-CD82-767B-6BF8-8E7BCE1AE3CC, firefox, 2018-04-10 09:41:57, contaminated
trace_3.2_fail, DB2F72D5-3CA3-689E-60BE-CF446C836112, firefox, 2018-04-10 09:41:57, contaminated
trace_3.2_fail, B1D1BFF1-B5FF-3B02-05FD-A90D4CC13511, firefox, 2018-04-10 09:41:57, contaminated
trace_3.2_fail, 7B824BA7-1DDE-4465-D3DE-4F409F94ACC9, firefox, 2018-04-10 09:41:57, contaminated
trace_3.2_fail, 466D1E88-AF64-A23B-AFB0-EE6EB111E0D3, firefox, 2018-04-10 09:41:58, contaminated
trace_3.2_fail, EC534C1B-A355-11DB-CC80-182A64BBF937, firefox, 2018-04-10 09:41:58, contaminated
trace_3.2_fail, 580974D2-D8E9-58A8-F727-67BD2D78CD6F, firefox, 2018-04-10 09:41:58, contaminated
trace_3.2_fail, DB06FAE6-9C0F-99CF-CCBF-755BED84205E, firefox, 2018-04-10 09:41:58, contaminated
trace_3.2_fail, E6D6BB9B-4ECE-E5F6-744D-5198174CA1BE, firefox, 2018-04-10 09:41:58, contaminated
trace_3.2_fail, 11B61D07-9DA8-CA17-EB35-C41071E7064F, firefox, 2018-04-10 09:41:58, contaminated
trace_3.2_fail, F4CA37AF-F9E8-4D15-57D5-6FDE9D2F74D9, firefox, 2018-04-10 09:41:58, contaminated
trace_3.2_fail, 3145203B-E5F9-09CD-0098-B4DDD61DA08C, firefox, 2018-04-10 09:41:58, contaminated
trace_3.2_fail, 6BE777FD-80B9-470D-E89E-B08405BFB93C, firefox, 2018-04-10 09:41:58, contaminated
trace_3.2_fail, 6452ADF6-0573-C6BE-A866-7607068EC828, firefox, 2018-04-10 09:41:58, contaminated
trace_3.2_fail, 0A47FC84-0BBD-16B7-5476-557E64B97D2F, firefox, 2018-04-10 09:41:58, contaminated
trace_3.2_fail, 075291D8-4846-D574-C006-95C663D1CBD6, firefox, 2018-04-10 09:41:58, contaminated
trace_3.2_fail, C4854685-C5CC-5EF9-45F6-5FAE26E59C19, firefox, 2018-04-10 09:41:58, contaminated
trace_3.2_fail, FCCD9BF9-CE32-0F48-18E0-435C55794514, firefox, 2018-04-10 09:41:58, contaminated
trace_3.2_fail, A9F2AFAE-960F-443A-E0CD-2C174470C5A8, firefox, 2018-04-10 09:41:58, contaminated
trace_3.2_fail, 204CEC91-BAA2-5D75-70A2-43231849BE4B, firefox, 2018-04-10 09:41:58, contaminated
trace_3.2_fail, 5ED860CD-CBC5-D7FD-1566-39616842CB53, firefox, 2018-04-10 09:41:58, contaminated
trace_3.2_fail, 980D061E-1AF4-5B85-9C5A-7E27C6E4377C, firefox, 2018-04-10 09:41:58, contaminated
trace_3.2_fail, A61ADD10-B3E8-8285-BE6D-D570BEC0265B, firefox, 2018-04-10 09:41:58, contaminated
trace_3.2_fail, 8C791D5B-A0DD-BB1E-FCDC-69C401DB1AA8, firefox, 2018-04-10 09:41:58, contaminated
trace_3.2_fail, 586C5016-615B-2849-41C4-114596D49C93, firefox, 2018-04-10 09:41:58, contaminated
trace_3.2_fail, FF701894-3039-61A2-2AA4-778C7B3B6EA8, firefox, 2018-04-10 09:41:58, contaminated
trace_3.2_fail, 9A5B21AB-0AE6-9FB6-F31F-939F4A0EC39C, firefox, 2018-04-10 09:41:58, contaminated
trace_3.2_fail, 9A900991-41A8-95A4-2511-F572F46D93E1, firefox, 2018-04-10 09:41:58, contaminated
trace_3.2_fail, 9EA3258A-4328-D23C-2978-59B8D1A49609, firefox, 2018-04-10 09:41:58, contaminated
trace_3.2_fail, 9AC92E46-F3C1-F9A4-DB6F-CFEDECCD0B12, firefox, 2018-04-10 09:41:58, contaminated
trace_3.2_fail, 2C1AE647-0DD3-8FEF-2B5A-66E2D9F16C40, firefox, 2018-04-10 09:41:58, contaminated
trace_3.2_fail, DCF3930B-79C5-9557-E320-7BFD0FFDB079, firefox, 2018-04-10 09:41:58, contaminated
trace_3.2_fail, CB6F6FC2-D221-B63A-4FE9-03511BF73C0F, firefox, 2018-04-10 09:41:58, contaminated
trace_3.2_fail, CFD106EF-3BC9-0B68-D227-4EA4BCB8687D, firefox, 2018-04-10 09:41:58, contaminated
trace_3.2_fail, B91B58EC-071C-BE88-FD8A-EB47E3FE4F22, firefox, 2018-04-10 09:41:58, contaminated
trace_3.2_fail, 4B4049D7-D104-B23B-4EAF-204078528ED7, firefox, 2018-04-10 09:41:59, contaminated
trace_3.2_fail, D9A3802C-4594-6A2F-99FB-102800D195C1, firefox, 2018-04-10 09:41:59, contaminated
trace_3.2_fail, B5F23749-7FFD-EF10-D9E7-4904D42C5571, firefox, 2018-04-10 09:41:59, contaminated
trace_3.2_fail, 10901F7B-24DB-39C4-B76E-B7558285DE6A, firefox, 2018-04-10 09:41:59, contaminated
trace_3.2_fail, CA5DFCB1-060A-5BC3-24F4-5F98789CB4E4, firefox, 2018-04-10 09:41:59, contaminated
trace_3.2_fail, AC26784C-2293-D9C0-7BA1-058385B2F730, firefox, 2018-04-10 09:41:59, contaminated
trace_3.2_fail, 0045A922-3664-B150-F932-3656727E2296, firefox, 2018-04-10 09:41:59, contaminated
trace_3.2_fail, 80BD8CF3-A04E-6455-56F7-47615EE718E0, firefox, 2018-04-10 09:41:59, contaminated
trace_3.2_fail, B1FD4994-7F9B-8150-B77C-E3FE77AEAD30, firefox, 2018-04-10 09:41:59, contaminated
trace_3.2_fail, B2815DEB-6F14-4CB1-A3A3-1DF505685A7E, firefox, 2018-04-10 09:41:59, contaminated
trace_3.2_fail, 8BF2FCD8-9141-46DD-3837-749396DCFE32, firefox, 2018-04-10 09:41:59, contaminated
trace_3.2_fail, F8264853-27AC-C433-0C5A-4FBB5CA4EDDF, firefox, 2018-04-10 09:41:59, contaminated
trace_3.2_fail, E1B1F367-6E5A-E832-CC39-67F8E5D5A01F, firefox, 2018-04-10 09:41:59, contaminated
trace_3.2_fail, 38B27470-472E-7A6B-9767-2428E7E7F65F, firefox, 2018-04-10 09:41:59, contaminated
trace_3.2_fail, 5F0D1E6C-3676-6FF4-C7BB-46E0E4DC619B, firefox, 2018-04-10 09:41:59, contaminated
trace_3.2_fail, 48610558-CB0F-21A0-01D7-74791BF8DA74, firefox, 2018-04-10 09:41:59, contaminated
trace_3.2_fail, 901ACEBE-D83D-911B-6296-20EF95FD312F, firefox, 2018-04-10 09:41:59, contaminated
trace_3.2_fail, 4B13D080-3DE3-CAAD-4001-86DDD8CC7A10, firefox, 2018-04-10 09:41:59, contaminated
trace_3.2_fail, 3FC62871-FB60-5D79-8CBC-46737DC11018, firefox, 2018-04-10 09:41:59, contaminated
trace_3.2_fail, 75AC8C71-7C36-1325-563B-F6548C52D350, firefox, 2018-04-10 09:41:59, contaminated
trace_3.2_fail, 86815861-E201-A6D6-0520-59755D50E730, firefox, 2018-04-10 09:41:59, contaminated
trace_3.2_fail, 0E0712EF-D58E-B945-0B8C-8E61EA8CD321, firefox, 2018-04-10 09:41:59, contaminated
trace_3.2_fail, 63B2B184-5E4E-F378-036C-6AAEC22F83FB, firefox, 2018-04-10 09:41:59, contaminated
trace_3.2_fail, B7AE0176-30F0-6F6C-86E4-C54BEAABAC7C, firefox, 2018-04-10 09:41:59, contaminated
trace_3.2_fail, 4911C901-2267-A44E-4A7F-37391305C6DE, firefox, 2018-04-10 09:41:59, contaminated
trace_3.2_fail, 391810BA-0220-27B0-A016-0559CD0B9B5E, firefox, 2018-04-10 09:41:59, contaminated
trace_3.2_fail, 7DF33022-D8AF-A4FE-5B91-4DF177A6FFC1, firefox, 2018-04-10 09:41:59, contaminated
trace_3.2_fail, E8E0EF69-99C4-34A1-6E7B-A72299C253FE, firefox, 2018-04-10 09:41:59, contaminated
trace_3.2_fail, CC0E9999-1871-1E89-7A5C-665C2BCE8725, firefox, 2018-04-10 09:41:59, contaminated
trace_3.2_fail, FA1F4E0F-96DD-92F2-BFD0-55E077F98D5A, firefox, 2018-04-10 09:41:59, contaminated
trace_3.2_fail, 97EB4F03-0B56-0CAB-F93E-28587B6274E8, firefox, 2018-04-10 09:41:59, contaminated
trace_3.2_fail, 52F40223-A490-C7AE-6B08-3A0BD57E542E, firefox, 2018-04-10 09:41:59, contaminated
trace_3.2_fail, 5B63E9ED-80F1-9967-9730-4750DCAAD548, firefox, 2018-04-10 09:41:59, contaminated
trace_3.2_fail, F326EC67-163E-14C3-2CFF-8ADBF3BCB524, firefox, 2018-04-10 09:41:59, contaminated
trace_3.2_fail, 7CA1DC5F-0661-8D63-184F-449CE62BE283, firefox, 2018-04-10 09:41:59, contaminated
trace_3.2_fail, D3127CC9-3789-F843-4264-78AE6ED881ED, firefox, 2018-04-10 09:41:59, contaminated
trace_3.2_fail, F13770C1-BAE2-89E6-47E5-1BA3E55F66A6, firefox, 2018-04-10 09:41:59, contaminated
trace_3.2_fail, 91F06A1A-38BB-67FD-C2C0-59A1767E64F3, firefox, 2018-04-10 09:41:59, contaminated
trace_3.2_fail, 04992416-5DB6-DBE5-1796-F307B346001D, firefox, 2018-04-10 09:41:59, contaminated
trace_3.2_fail, 791DE45F-1EF0-D06D-4387-91E0EFFA28E5, firefox, 2018-04-10 09:41:59, contaminated
trace_3.2_fail, 6EFC32C8-09B5-C3A2-7E66-454987C703DE, firefox, 2018-04-10 09:42:00, contaminated
trace_3.2_fail, D8C38431-B1EA-F7AB-7F6B-D25D3A096464, firefox, 2018-04-10 09:42:00, contaminated
trace_3.2_fail, 0F12772C-ECCC-FF4D-13B8-20925F7D180E, firefox, 2018-04-10 09:42:00, contaminated
trace_3.2_fail, 17ABB623-051F-280C-76C4-D5D3D1A6EC13, firefox, 2018-04-10 09:42:00, contaminated
trace_3.2_fail, 6784F7A8-5D1A-D8AD-EE9D-10B497DE8B5C, firefox, 2018-04-10 09:42:00, contaminated
trace_3.2_fail, 4F8EA233-D8AE-8E42-390C-B3E7C158E3C7, firefox, 2018-04-10 09:42:00, contaminated
trace_3.2_fail, AC58A33D-904F-2E7C-480C-CD12FEBB1F43, firefox, 2018-04-10 09:42:00, contaminated
trace_3.2_fail, 798A9A4E-E757-3934-36B9-69D91D128C76, firefox, 2018-04-10 09:42:00, contaminated
trace_3.2_fail, BB39553D-2EED-72AB-33E2-9FB0CD629F7C, firefox, 2018-04-10 09:42:00, contaminated
trace_3.2_fail, 9C4C4993-F10C-94F6-1ECE-9B2B95DD9B90, firefox, 2018-04-10 09:42:00, contaminated
trace_3.2_fail, 1A349C84-8DF6-15A8-09F9-19A3223D02D9, firefox, 2018-04-10 09:42:00, contaminated
trace_3.2_fail, B4F30F54-60C3-2D28-88A8-BF52A5F34B20, firefox, 2018-04-10 09:42:00, contaminated
trace_3.2_fail, 454B61A8-97AE-7822-7AD9-C3A1BAB90C18, firefox, 2018-04-10 09:42:00, contaminated
trace_3.2_fail, 7510D10D-9880-5DC7-2D72-BD655EB65BB1, firefox, 2018-04-10 09:42:00, contaminated
trace_3.2_fail, E3523756-F530-D825-9ED4-4281AE16F008, firefox, 2018-04-10 09:42:00, contaminated
trace_3.2_fail, 46995DFC-A311-A928-CAB2-818A47A86708, firefox, 2018-04-10 09:42:00, contaminated
trace_3.2_fail, 84431174-C645-2F46-CB24-1E94DEF9DBC1, firefox, 2018-04-10 09:42:00, contaminated
trace_3.2_fail, CC08DE30-4D22-A30D-A102-D8E2324BDD5B, firefox, 2018-04-10 09:42:00, contaminated
trace_3.2_fail, 39505976-87B0-BCDF-1F8C-1803C66D4449, firefox, 2018-04-10 09:42:00, contaminated
trace_3.2_fail, 31C9C7F5-5A87-780A-FFD6-74647219ED5E, firefox, 2018-04-10 09:42:00, contaminated
trace_3.2_fail, A5ABED79-2700-680A-8F81-22CD6E65B680, firefox, 2018-04-10 09:42:00, contaminated
trace_3.2_fail, D571E4DC-62D9-A29A-5000-E458CBB777F6, firefox, 2018-04-10 09:42:00, contaminated
trace_3.2_fail, B2C20679-1EF2-7B93-9B6F-86581FAEE761, firefox, 2018-04-10 09:42:00, contaminated
trace_3.2_fail, E658718F-E291-7EC5-C5E4-EF69027993B4, firefox, 2018-04-10 09:42:00, contaminated
trace_3.2_fail, 56F50B38-F17F-854A-ECF4-B485BD7ED428, firefox, 2018-04-10 09:42:00, contaminated
trace_3.2_fail, 9A81ECBE-5B21-CB47-286B-D9ACA1DAB165, firefox, 2018-04-10 09:42:00, contaminated
trace_3.2_fail, 5A7F9BDD-96FB-C8C2-E345-45969ACC1584, firefox, 2018-04-10 09:42:00, contaminated
trace_3.2_fail, 05C59645-DCED-49F9-A854-76E0FDFC3B1D, firefox, 2018-04-10 09:42:00, contaminated
trace_3.2_fail, 6D73D020-F65D-1C1D-4D34-A014DEDCE678, firefox, 2018-04-10 09:42:00, contaminated
trace_3.2_fail, 25EC47BF-6DB0-1A50-A71D-0323ACB9E4E7, firefox, 2018-04-10 09:42:00, contaminated
trace_3.2_fail, B91C7413-21C0-7F84-4714-D36CB580CCD8, firefox, 2018-04-10 09:42:00, contaminated
trace_3.2_fail, 3EF057E0-E467-4FB1-C3E4-550C1C4D0405, firefox, 2018-04-10 09:42:00, contaminated
trace_3.2_fail, B18165D9-8A17-838D-5C66-A04593F3C128, firefox, 2018-04-10 09:42:00, contaminated
trace_3.2_fail, BD9B7C1D-05E6-CBCA-988F-4395260765A8, firefox, 2018-04-10 09:42:00, contaminated
trace_3.2_fail, 5E1E9480-2930-9C0E-75BE-8BFF26768ADA, firefox, 2018-04-10 09:42:00, contaminated
trace_3.2_fail, AF13E58F-BE98-5442-B56B-0363B3216623, firefox, 2018-04-10 09:42:00, contaminated
trace_3.2_fail, ECC8503D-206B-5AAF-0C7C-97804D9AA245, firefox, 2018-04-10 09:42:00, contaminated
trace_3.2_fail, CBC72CD5-9101-2A79-ABF8-2CF40CDF579E, firefox, 2018-04-10 09:42:00, contaminated
trace_3.2_fail, 66F65EDB-DC92-E970-2EB5-6B7006717B46, firefox, 2018-04-10 09:42:00, contaminated
trace_3.2_fail, 5D953A4F-E1D9-E1B2-5ED2-E1F101C36619, firefox, 2018-04-10 09:42:00, contaminated
trace_3.2_fail, 5CE89059-55F2-9192-84EB-8608F7DDF08A, firefox, 2018-04-10 09:42:00, contaminated
trace_3.2_fail, AEB923C9-3866-59D3-04F8-F84E17AE70C4, firefox, 2018-04-10 09:42:00, contaminated
trace_3.2_fail, AF48662B-4C68-874E-C49A-BA01540F1D4D, firefox, 2018-04-10 09:42:00, contaminated
trace_3.2_fail, DAF6FA6D-F5CE-17A0-0C6E-8F8DE32F95E7, firefox, 2018-04-10 09:42:00, contaminated
trace_3.2_fail, D2EB9C9C-D9DB-8DB5-166B-C047B8458044, firefox, 2018-04-10 09:42:00, contaminated
trace_3.2_fail, E8D61B1A-04B3-372E-F338-CC99654C92EC, firefox, 2018-04-10 09:42:00, contaminated
trace_3.2_fail, 8DBE184E-F32E-50C8-8B32-4A6A8499A20D, firefox, 2018-04-10 09:42:00, contaminated
trace_3.2_fail, AC5FF659-0DB7-6682-020C-A3F4F81FA9B8, firefox, 2018-04-10 09:42:00, contaminated
trace_3.2_fail, 809E6733-C488-3B95-6A2E-005F89E5F1D3, firefox, 2018-04-10 09:42:00, contaminated
trace_3.2_fail, 8740F151-418D-FBC7-05AD-2A1829DDB84E, firefox, 2018-04-10 09:42:00, contaminated
trace_3.2_fail, 84F36347-2487-239A-F834-C903CC69223A, firefox, 2018-04-10 09:42:00, contaminated
trace_3.2_fail, D8617B3D-AE59-07F8-B597-89310235AECB, firefox, 2018-04-10 09:42:00, contaminated
trace_3.2_fail, 8567DFE4-E57D-7DA3-0B75-924033E81A91, firefox, 2018-04-10 09:42:00, contaminated
trace_3.2_fail, 719896FD-ED35-E74C-8E81-9F1248856C30, firefox, 2018-04-10 09:42:00, contaminated
trace_3.2_fail, 336A1E8E-42FD-6B1F-1AD8-3C23F481DF71, firefox, 2018-04-10 09:42:00, contaminated
trace_3.2_fail, FA467548-BC5C-1F9B-4DEC-878484872089, firefox, 2018-04-10 09:42:01, contaminated
trace_3.2_fail, 810CD4BC-6035-3798-B0EC-12A151A5B1F5, firefox, 2018-04-10 09:42:01, contaminated
trace_3.2_fail, AF02C3F4-FB1C-9FF7-6C41-AAEBD871823F, firefox, 2018-04-10 09:42:01, contaminated
trace_3.2_fail, 0C74C5D7-A161-150B-2D58-7EEDDA5D9BF1, firefox, 2018-04-10 09:42:02, contaminated
trace_3.2_fail, B72D7F2E-3102-5DF4-7F7E-4F5653FB0F1D, firefox, 2018-04-10 09:42:02, contaminated
trace_3.2_fail, BC52C3FE-A3ED-6CAE-D8AF-952D49EDDACF, firefox, 2018-04-10 09:42:04, contaminated
trace_3.2_fail, 84F1C8DE-7BAE-6BE2-A358-750E4CF90CC8, firefox, 2018-04-10 09:42:04, contaminated
trace_3.2_fail, D39B87DB-EEA1-D029-40E9-AA95BD3926D7, firefox, 2018-04-10 09:42:04, contaminated
trace_3.2_fail, DFAC4FE4-EAE5-0F5A-AF0C-2A4374E2E145, firefox, 2018-04-10 09:42:04, contaminated
trace_3.2_fail, 546EB4A8-6B53-E209-DCF6-117BCAA37DC4, firefox, 2018-04-10 09:42:04, contaminated
trace_3.2_fail, 38751C25-DA8E-603A-48EF-B1295C72BB50, firefox, 2018-04-10 09:42:04, contaminated
trace_3.2_fail, A86D72EC-A08A-8D2F-6752-1C445B86A4DB, firefox, 2018-04-10 09:42:04, contaminated
trace_3.2_fail, 45F1FD14-F339-0E3A-E48A-0C11F0C66911, firefox, 2018-04-10 09:42:04, contaminated
trace_3.2_fail, B68A2EA2-FDFE-E7C5-A03E-90BB23982E20, firefox, 2018-04-10 09:42:04, contaminated
trace_3.2_fail, D1D12DC9-ACED-80DA-9C0B-6EF7DAD9FE2E, firefox, 2018-04-10 09:42:04, contaminated
trace_3.2_fail, 2AB40F3B-8457-666F-76D9-C145B453697F, firefox, 2018-04-10 09:42:04, contaminated
trace_3.2_fail, 324CE53E-7794-8794-4F44-039FC5DA78A5, firefox, 2018-04-10 09:42:04, contaminated
trace_3.2_fail, 0DB0D453-8438-8E98-2730-F9873F1DBA0E, firefox, 2018-04-10 09:42:04, contaminated
trace_3.2_fail, 3852D38A-2749-B13B-05DF-D0115B718DC9, firefox, 2018-04-10 09:42:04, contaminated
trace_3.2_fail, 76FE3FB6-EB1E-E16D-FB12-22DBAC530BE6, firefox, 2018-04-10 09:42:04, contaminated
trace_3.2_fail, 688ABEB3-96E6-B991-569A-DDA61A72B1B0, firefox, 2018-04-10 09:42:04, contaminated
trace_3.2_fail, E5B04A05-8937-3392-39CC-46FF63EBDD87, firefox, 2018-04-10 09:42:04, contaminated
trace_3.2_fail, BBA18111-1221-E361-85EB-25254E2A46D4, firefox, 2018-04-10 09:42:04, contaminated
trace_3.2_fail, E2CB5A44-524A-FA0E-5E30-48B04E7CDD17, firefox, 2018-04-10 09:42:04, contaminated
trace_3.2_fail, 22BB2E7B-5B03-F616-C6C7-DB44A638F3DB, firefox, 2018-04-10 09:42:04, contaminated
trace_3.2_fail, 76BE6B63-ED69-9FFB-3CA3-38DEF30D0196, firefox, 2018-04-10 09:42:04, contaminated
trace_3.2_fail, 14EC0E79-1337-050A-9966-C9947EF1A1D5, firefox, 2018-04-10 09:42:04, contaminated
trace_3.2_fail, 1A1315D0-C6A3-0AAF-9B52-5893064387ED, firefox, 2018-04-10 09:42:04, contaminated
trace_3.2_fail, 16B0C246-F2E8-ACD5-8413-DA5AF03CEAB1, firefox, 2018-04-10 09:42:04, contaminated
trace_3.2_fail, C2A046EB-74B9-087D-2FB9-61649A318644, firefox, 2018-04-10 09:42:04, contaminated
trace_3.2_fail, D4B36B21-BD09-7F14-AD72-92F5CABDF3FD, firefox, 2018-04-10 09:42:04, contaminated
trace_3.2_fail, 3E7A1E4F-00C3-2D6F-4337-B9CA52164E1A, firefox, 2018-04-10 09:42:04, contaminated
trace_3.2_fail, A2B73049-E841-6912-A51C-B5D854708421, firefox, 2018-04-10 09:42:04, contaminated
trace_3.2_fail, 87021527-80CA-52AE-99EE-B9F2DD37EA76, firefox, 2018-04-10 09:42:04, contaminated
trace_3.2_fail, 985A4080-E97A-E116-3522-D923CC3D4C06, firefox, 2018-04-10 09:42:04, contaminated
trace_3.2_fail, 5F25B771-A281-A618-83D4-93C077F30441, firefox, 2018-04-10 09:42:04, contaminated
trace_3.2_fail, B2759C68-A229-CCC0-99A4-B73BF46ACDF2, firefox, 2018-04-10 09:42:04, contaminated
trace_3.2_fail, 7C763C9B-B370-CE5A-40CF-FE9916B96D98, firefox, 2018-04-10 09:42:04, contaminated
trace_3.2_fail, E01783EF-A3F8-0D53-0547-BA4D3D2F8062, firefox, 2018-04-10 09:42:04, contaminated
trace_3.2_fail, ADA18B91-9714-BE9F-AB79-D69933EC4B4E, firefox, 2018-04-10 09:42:04, contaminated
trace_3.2_fail, 7A5BF754-8E48-B1F1-2C0F-8D412C06EEE3, firefox, 2018-04-10 09:42:04, contaminated
trace_3.2_fail, 2DEA8303-7B10-7861-0782-DF8F43099131, firefox, 2018-04-10 09:42:04, contaminated
trace_3.2_fail, 957509FC-6930-71D7-8965-4D6588AFF7A1, firefox, 2018-04-10 09:42:05, contaminated
trace_3.2_fail, DE534CAF-6F85-B1C1-3B76-308C9B7D8A52, firefox, 2018-04-10 09:42:05, contaminated
trace_3.2_fail, AB79645B-671C-7165-383D-8CF6809EC27D, firefox, 2018-04-10 09:42:05, contaminated
trace_3.2_fail, C34D9E76-80E6-6026-3856-D7D629601628, firefox, 2018-04-10 09:42:05, contaminated
trace_3.2_fail, FC0F4173-9BD8-CE10-FDE9-67F87A4DFCF3, firefox, 2018-04-10 09:42:05, contaminated
trace_3.2_fail, 4087B07C-B501-08C4-F755-914EEF532AE6, firefox, 2018-04-10 09:42:05, contaminated
trace_3.2_fail, E52D4C45-E154-A9F6-D328-DC282E09F524, firefox, 2018-04-10 09:42:05, contaminated
trace_3.2_fail, 93B14BAB-6972-1EBA-BC7E-9C3A325678AF, firefox, 2018-04-10 09:42:05, contaminated
trace_3.2_fail, 71B70B71-F124-3CB7-D10F-F6B2A39D6AE1, firefox, 2018-04-10 09:42:05, contaminated
trace_3.2_fail, 94007BEF-2678-7C01-C6ED-BF0FE4A885F4, firefox, 2018-04-10 09:42:05, contaminated
trace_3.2_fail, 0F5CABA6-F5DC-BD90-E0D5-9F112E7F4191, firefox, 2018-04-10 09:42:05, contaminated
trace_3.2_fail, DD4894F9-2311-ED95-7F8B-ADD3CA3204B2, firefox, 2018-04-10 09:42:05, contaminated
trace_3.2_fail, 4F692C6A-9139-C8B8-21E7-CCA8847D0EDC, firefox, 2018-04-10 09:42:05, contaminated
trace_3.2_fail, 5D474CE9-4140-23B1-2E68-CA011DEEC10F, firefox, 2018-04-10 09:42:05, contaminated
trace_3.2_fail, 3973EA95-F2D8-2FC9-13F0-B787D310A379, firefox, 2018-04-10 09:42:05, contaminated
trace_3.2_fail, 87588C28-6F22-A8A6-B10F-903DE10A3EF4, firefox, 2018-04-10 09:42:05, contaminated
trace_3.2_fail, 2D8F92E1-03E8-C36A-267B-942CFF3A59A9, firefox, 2018-04-10 09:42:05, contaminated
trace_3.2_fail, A07325A1-D5AB-CF47-19F4-827F2ACA8FA4, firefox, 2018-04-10 09:42:05, contaminated
trace_3.2_fail, DBC583E2-6252-2C04-3CAA-04F879F223B2, firefox, 2018-04-10 09:42:05, contaminated
trace_3.2_fail, CA4DDB4B-BFCF-EF58-78E0-36413506FF89, firefox, 2018-04-10 09:42:05, contaminated
trace_3.2_fail, 4B506631-73FF-F8B6-F7D0-84EA18C137AD, firefox, 2018-04-10 09:42:05, contaminated
trace_3.2_fail, 4FCEDE2E-AAD9-7A65-A5A2-FBFD16891A8C, firefox, 2018-04-10 09:42:05, contaminated
trace_3.2_fail, 88BD7B28-6CE4-69D2-FA69-9BB90FCF99E6, firefox, 2018-04-10 09:42:05, contaminated
trace_3.2_fail, 651134CE-47C6-EA69-D2EC-E7C74024D80D, firefox, 2018-04-10 09:42:05, contaminated
trace_3.2_fail, 77D6A7F9-4656-7261-7D45-2D5DB545DE33, firefox, 2018-04-10 09:42:05, contaminated
trace_3.2_fail, 4EF6C401-883C-01F6-94A7-C35F90D94E63, firefox, 2018-04-10 09:42:05, contaminated
trace_3.2_fail, E08FF02A-EC40-445A-F306-DE81A48D3535, firefox, 2018-04-10 09:42:05, contaminated
trace_3.2_fail, B2DFFA8E-72C5-FA88-65D2-2D25EBBDB3F9, firefox, 2018-04-10 09:42:05, contaminated
trace_3.2_fail, A1FA17B2-16A5-2743-3FDE-5457B125217E, firefox, 2018-04-10 09:42:05, contaminated
trace_3.2_fail, BCD16A14-BF68-60CE-7449-FCD1A6FAFC4E, firefox, 2018-04-10 09:42:05, contaminated
trace_3.2_fail, 3A6D4440-5D3F-0FD0-742A-C14868EF2A60, firefox, 2018-04-10 09:42:05, contaminated
trace_3.2_fail, 77FE614B-13F3-50F4-7F67-B3B4021707F7, firefox, 2018-04-10 09:42:05, contaminated
trace_3.2_fail, 26E760A5-1461-E635-B0B2-564C6BDEC54E, firefox, 2018-04-10 09:42:05, contaminated
trace_3.2_fail, CC86DE6F-B4F0-FB28-E060-36B2DA01DBF1, firefox, 2018-04-10 09:42:05, contaminated
trace_3.2_fail, 5EF895C4-2D27-B110-70EB-77B901B38EFB, firefox, 2018-04-10 09:42:05, contaminated
trace_3.2_fail, 300C6823-5FEF-5E14-AE51-454E8A635BB8, firefox, 2018-04-10 09:42:05, contaminated
trace_3.2_fail, 7E9BB432-C2A9-A27B-FC56-641751451A3E, firefox, 2018-04-10 09:42:05, contaminated
trace_3.2_fail, 74BAB0B7-02E8-63E8-95A4-B1999B0B050F, firefox, 2018-04-10 09:42:05, contaminated
trace_3.2_fail, 4B68278C-AEBB-7D09-0742-F4D174D69ABC, firefox, 2018-04-10 09:42:05, contaminated
trace_3.2_fail, A3A1B4CF-7A58-97C9-0BC3-107C97109198, firefox, 2018-04-10 09:42:05, contaminated
trace_3.2_fail, 4E77373E-22B2-45DD-35D1-AE37E67007E0, firefox, 2018-04-10 09:42:05, contaminated
trace_3.2_fail, 75756439-11A0-0B10-C3C7-B0A6DDB10A18, firefox, 2018-04-10 09:42:05, contaminated
trace_3.2_fail, EE312949-75B4-6D6D-823A-1D2671334FA0, firefox, 2018-04-10 09:42:05, contaminated
trace_3.2_fail, 14F243C6-8CDF-E90E-F182-81F2281AAB91, firefox, 2018-04-10 09:42:05, contaminated
trace_3.2_fail, 5FEBD322-4ADC-A7BD-449E-59433BA5A372, firefox, 2018-04-10 09:42:05, contaminated
trace_3.2_fail, EE7CE8EC-0848-5A74-E08C-0D5745EB1040, firefox, 2018-04-10 09:42:05, contaminated
trace_3.2_fail, 701FA6B2-EB2E-DDFA-B753-605A0F1B5C83, firefox, 2018-04-10 09:42:05, contaminated
trace_3.2_fail, 30D9DBC6-58DD-07EB-B5BD-A2C54FC1E515, firefox, 2018-04-10 09:42:05, contaminated
trace_3.2_fail, 81B1F7B7-B77B-3C3D-EE9F-E175833A3C7B, firefox, 2018-04-10 09:42:05, contaminated
trace_3.2_fail, 0FD38402-A821-7324-5703-0B37F868D2BD, firefox, 2018-04-10 09:42:05, contaminated
trace_3.2_fail, 78AFBAB3-4FBE-DF86-1B04-8BCE372C135F, firefox, 2018-04-10 09:42:05, contaminated
trace_3.2_fail, BEDA9DE3-4111-3EEC-CC07-8C73B0753590, firefox, 2018-04-10 09:42:05, contaminated
trace_3.2_fail, F16FC1FA-6B06-1F55-BBA9-A1B1FDC2AE6D, firefox, 2018-04-10 09:42:05, contaminated
trace_3.2_fail, CB112174-05BF-6F58-02E1-D352AA237C86, firefox, 2018-04-10 09:42:06, contaminated
trace_3.2_fail, 04236582-8914-DB2A-3410-07CD5CEBC6DB, firefox, 2018-04-10 09:42:06, contaminated
trace_3.2_fail, 258250AB-6361-47D2-06F0-7BDA55BAD927, firefox, 2018-04-10 09:42:06, contaminated
trace_3.2_fail, 02DBA014-C5E4-E0FD-D965-D80E9E100460, firefox, 2018-04-10 09:42:06, contaminated
trace_3.2_fail, D6FA6995-B0BB-264A-3297-CD0A3A8A6544, firefox, 2018-04-10 09:42:06, contaminated
trace_3.2_fail, E8BBE55A-F6E2-1E31-B99B-A99FE3F981B6, firefox, 2018-04-10 09:42:06, contaminated
trace_3.2_fail, D220505B-ACD8-9CB5-1AEB-62E8BB05F98B, firefox, 2018-04-10 09:42:06, contaminated
trace_3.2_fail, DACEE202-D8AF-FB3F-E14B-2430678319BF, firefox, 2018-04-10 09:42:06, contaminated
trace_3.2_fail, B71B1824-AE6D-48F7-34D4-43B448D8BCFC, firefox, 2018-04-10 09:42:06, contaminated
trace_3.2_fail, E1A68728-D283-F56C-9E1E-E068785A79ED, firefox, 2018-04-10 09:42:06, contaminated
trace_3.2_fail, 21CF7A49-F99F-FCE8-9401-CB6DBDAD96C0, firefox, 2018-04-10 09:42:06, contaminated
trace_3.2_fail, FDF050BA-D2DA-12A7-714D-FF5265006D41, firefox, 2018-04-10 09:42:06, contaminated
trace_3.2_fail, 11EA3E1E-325C-F0F8-C769-9F1C40048A79, firefox, 2018-04-10 09:42:06, contaminated
trace_3.2_fail, 547801DD-5E3A-1561-30D0-7A0499616E3F, firefox, 2018-04-10 09:42:06, contaminated
trace_3.2_fail, A73F288C-8866-C398-38ED-D4EE49AC1B6A, firefox, 2018-04-10 09:42:06, contaminated
trace_3.2_fail, B3B9E327-EB1A-216F-C2BE-017907EA2DCC, firefox, 2018-04-10 09:42:06, contaminated
trace_3.2_fail, F39856C2-863E-8E94-A289-99EEFA28CF1E, firefox, 2018-04-10 09:42:06, contaminated
trace_3.2_fail, 12A77B7E-8AEF-B127-FC26-6FFA57F2CDE9, firefox, 2018-04-10 09:42:06, contaminated
trace_3.2_fail, 41FE823E-D32F-446E-AD9E-300F1BA583DC, firefox, 2018-04-10 09:42:06, contaminated
trace_3.2_fail, B736F547-A6D0-927A-EB59-5C4B5C7B9EDB, firefox, 2018-04-10 09:42:06, contaminated
trace_3.2_fail, F6C251F4-DB7A-E7E0-1B63-2CDB39884873, firefox, 2018-04-10 09:42:06, contaminated
trace_3.2_fail, 2DB1B42F-F16A-D3BB-6F22-97CD33761A72, firefox, 2018-04-10 09:42:06, contaminated
trace_3.2_fail, 0ACAFB9B-945C-8FB9-CA87-2E5A0B364B16, firefox, 2018-04-10 09:42:06, contaminated
trace_3.2_fail, CC14A994-2339-1C6D-9864-C47FC5951354, firefox, 2018-04-10 09:42:06, contaminated
trace_3.2_fail, 1A20F69E-017B-3C74-0C9C-14819683F40B, firefox, 2018-04-10 09:42:06, contaminated
trace_3.2_fail, 75C34C14-42DA-FC30-C1B3-6C844503AF25, firefox, 2018-04-10 09:42:06, contaminated
trace_3.2_fail, EFB782A4-DD5C-278A-D6DF-F514055413C7, firefox, 2018-04-10 09:42:06, contaminated
trace_3.2_fail, 121AA0FB-9266-968B-39E2-424BC0A39487, firefox, 2018-04-10 09:42:06, contaminated
trace_3.2_fail, C576C40B-0147-8267-006F-E3B4B21EB018, firefox, 2018-04-10 09:42:06, contaminated
trace_3.2_fail, DA786B73-FBE3-BF3D-8391-4C0A4FE5BFBF, firefox, 2018-04-10 09:42:06, contaminated
trace_3.2_fail, DDA3509A-E503-506F-BCEB-4FCDB1D7B75D, firefox, 2018-04-10 09:42:06, contaminated
trace_3.2_fail, 4594BD7C-9662-8185-973F-96A437D5DE92, firefox, 2018-04-10 09:42:06, contaminated
trace_3.2_fail, E54ED666-E6F4-A552-E899-255B200EF9E4, firefox, 2018-04-10 09:42:06, contaminated
trace_3.2_fail, DF779650-6378-DED6-853F-2AB199069E7A, firefox, 2018-04-10 09:42:06, contaminated
trace_3.2_fail, F72B4B24-FBBD-06EC-3C9E-BA9E951071C6, firefox, 2018-04-10 09:42:06, contaminated
trace_3.2_fail, 0E625197-546B-9794-D098-454D89421921, firefox, 2018-04-10 09:42:07, contaminated
trace_3.2_fail, 7CA69A30-3E5B-CDE5-897D-FA3AFD15E818, firefox, 2018-04-10 09:42:07, contaminated
trace_3.2_fail, 40FC23AC-5B68-BA67-1558-0EB58F7BA31A, firefox, 2018-04-10 09:42:07, contaminated
trace_3.2_fail, 0116F42F-56F9-E78E-0994-B9DC37E76D10, firefox, 2018-04-10 09:42:07, contaminated
trace_3.2_fail, 04D61D5E-A497-707A-82AA-79EE147E00F8, firefox, 2018-04-10 09:42:07, contaminated
trace_3.2_fail, EDDF5FA2-8AEB-0AB3-67B7-9196BF325AB1, firefox, 2018-04-10 09:42:07, contaminated
trace_3.2_fail, 2157B214-F4BA-7E29-63C7-6CBFA8D95F75, firefox, 2018-04-10 09:42:07, contaminated
trace_3.2_fail, 2F13C7F5-20B4-813F-D561-F38503541B33, firefox, 2018-04-10 09:42:08, contaminated
trace_3.2_fail, 24F1DAEE-9896-7F18-1712-20BA57884042, firefox, 2018-04-10 09:42:08, contaminated
trace_3.2_fail, 5BB21234-6E7B-74B8-E30C-148ED99F80F9, firefox, 2018-04-10 09:42:08, contaminated
trace_3.2_fail, CCFD83B6-A1BB-4689-63FA-5EDFF5F2B5E2, firefox, 2018-04-10 09:42:08, contaminated
trace_3.2_fail, 8F6B6420-D5F4-1174-6E0A-A2556A997058, firefox, 2018-04-10 09:42:08, contaminated
trace_3.2_fail, 094705CA-4D95-B8E6-AE5A-735FA3DB84A0, firefox, 2018-04-10 09:42:09, contaminated
trace_3.2_fail, 18EB6A0F-A6BB-E8D4-1080-42257B77208A, firefox, 2018-04-10 09:42:09, contaminated
trace_3.2_fail, 41AAD7CA-3CDF-B303-CB00-0EE2A0DAE3B7, firefox, 2018-04-10 09:42:09, contaminated
trace_3.2_fail, A25F6B88-C963-AA00-17E4-BD0D94338813, firefox, 2018-04-10 09:42:09, contaminated
trace_3.2_fail, D9F9EBFC-8102-1A45-7581-B6FA385A3FF6, firefox, 2018-04-10 09:42:09, contaminated
trace_3.2_fail, B57743D6-538B-A6E6-1AF2-D6990E00F202, firefox, 2018-04-10 09:42:09, contaminated
trace_3.2_fail, CEC05D21-6F36-EFD3-938D-B6555674B331, firefox, 2018-04-10 09:42:09, contaminated
trace_3.2_fail, 790E369A-6DD3-CA76-13BD-D6A59B8CF953, firefox, 2018-04-10 09:42:09, contaminated
trace_3.2_fail, 1A9ACD85-CFF7-9FC4-5F48-DA9E6B90DA73, firefox, 2018-04-10 09:42:09, contaminated
trace_3.2_fail, A3CE5C7F-A38D-1CB0-1438-54DF2CE2E0CD, firefox, 2018-04-10 09:42:09, contaminated
trace_3.2_fail, 29D91237-6FFF-A300-C302-4BB6389DD61A, firefox, 2018-04-10 09:42:09, contaminated
trace_3.2_fail, BC531BB4-A838-6622-18EC-43EE6BFB0852, firefox, 2018-04-10 09:42:09, contaminated
trace_3.2_fail, 298AE4AC-9A0E-68FA-BF5F-0886DEA63349, firefox, 2018-04-10 09:42:09, contaminated
trace_3.2_fail, 51EE8B90-C38B-1307-6F7F-D45A873C346D, firefox, 2018-04-10 09:42:09, contaminated
trace_3.2_fail, 0B977748-975C-F031-B3B6-33331D23523E, firefox, 2018-04-10 09:42:09, contaminated
trace_3.2_fail, B79A1FD2-406B-0BD9-9389-EFA80B7BE1CE, firefox, 2018-04-10 09:42:09, contaminated
trace_3.2_fail, B39D690D-AC6C-5466-41DE-32044E714B58, firefox, 2018-04-10 09:42:09, contaminated
trace_3.2_fail, 099D4FBB-DDBB-0F8D-D375-0A8DCE41E222, firefox, 2018-04-10 09:42:09, contaminated
trace_3.2_fail, 8EE034FF-D707-D009-DCF6-FD8DEAB7E425, firefox, 2018-04-10 09:42:09, contaminated
trace_3.2_fail, 0845B4D2-FEE4-685C-0A0A-93F1E043A888, firefox, 2018-04-10 09:42:09, contaminated
trace_3.2_fail, F1376956-464E-BB6D-43E2-CA5E66AF17A2, firefox, 2018-04-10 09:42:09, contaminated
trace_3.2_fail, 38C74D2E-9F45-D046-F502-1912EC8E4980, firefox, 2018-04-10 09:42:09, contaminated
trace_3.2_fail, 567DF002-1AE3-5597-096F-69F0FC1045CF, firefox, 2018-04-10 09:42:09, contaminated
trace_3.2_fail, 43C95C9A-B10E-82FE-EAEA-1B09D27EEA6B, firefox, 2018-04-10 09:42:09, contaminated
trace_3.2_fail, A6A17FF9-D7EE-6438-15B8-1C75FC1236B9, firefox, 2018-04-10 09:42:09, contaminated
trace_3.2_fail, A5874C09-87CD-6421-C507-86334F719652, firefox, 2018-04-10 09:42:10, contaminated
trace_3.2_fail, DB750576-0D13-A664-D358-751E753EC075, firefox, 2018-04-10 09:42:10, contaminated
trace_3.2_fail, 9E2A637B-F22F-8089-F958-1B322C5C498D, firefox, 2018-04-10 09:42:10, contaminated
trace_3.2_fail, 74B4636A-1B27-B7AC-585B-5AE29DE03E43, firefox, 2018-04-10 09:42:10, contaminated
trace_3.2_fail, 51D0B464-2F8F-DF8D-9DF6-E467DF53850E, firefox, 2018-04-10 09:42:10, contaminated
trace_3.2_fail, 67357938-551C-5B46-4344-F1BF3994DEE8, firefox, 2018-04-10 09:42:10, contaminated
trace_3.2_fail, 740E2E21-3E47-E4E7-B71F-20FFE377861B, firefox, 2018-04-10 09:42:10, contaminated
trace_3.2_fail, 46B59C9F-4514-CEEA-FEC9-2D1CE78762EB, firefox, 2018-04-10 09:42:10, contaminated
trace_3.2_fail, C7EA2EBA-4CE8-6CCC-7FCF-716A71F1F74A, firefox, 2018-04-10 09:42:10, contaminated
trace_3.2_fail, E8714616-7989-C865-8ABB-A1CF022DCD68, firefox, 2018-04-10 09:42:10, contaminated
trace_3.2_fail, F1DE5D15-7EEF-9718-3A05-88032FD75344, firefox, 2018-04-10 09:42:10, contaminated
trace_3.2_fail, B1AA9231-DB1D-D6B4-966D-32285507AAC9, firefox, 2018-04-10 09:42:10, contaminated
trace_3.2_fail, B5936369-3D16-807F-76D8-A93A60A4F3BA, firefox, 2018-04-10 09:42:10, contaminated
trace_3.2_fail, 48C211C5-EB4D-90CE-4C9D-C571B3E4B691, firefox, 2018-04-10 09:42:10, contaminated
trace_3.2_fail, 69AD0A03-EE8F-7B7F-70E6-E8C12F36D48F, firefox, 2018-04-10 09:42:10, contaminated
trace_3.2_fail, 0F078FFD-73BC-8D37-8268-73FC524A6083, firefox, 2018-04-10 09:42:10, contaminated
trace_3.2_fail, 16207568-05C5-B04E-2C8A-5EF573CC6A29, firefox, 2018-04-10 09:42:10, contaminated
trace_3.2_fail, D5BE022C-57C2-BA03-F7C6-DDE05DB2A1A0, firefox, 2018-04-10 09:42:10, contaminated
trace_3.2_fail, 78782317-576A-AB77-1408-7BF7D55B0A92, firefox, 2018-04-10 09:42:10, contaminated
trace_3.2_fail, 82128282-1CCF-08B2-F604-0218BD3CCE0F, firefox, 2018-04-10 09:42:10, contaminated
trace_3.2_fail, E274A58F-BA58-A98E-9A2E-D55B09FCFE3E, firefox, 2018-04-10 09:42:10, contaminated
trace_3.2_fail, 060E8C43-9ABC-9DC5-7BEA-123FFB6D5C3D, firefox, 2018-04-10 09:42:10, contaminated
trace_3.2_fail, 7DC929ED-BE33-4463-3902-B1B0D0A04F03, firefox, 2018-04-10 09:42:10, contaminated
trace_3.2_fail, E7F9EF8A-312B-290A-D436-8CB739C17EED, firefox, 2018-04-10 09:42:10, contaminated
trace_3.2_fail, E7650DCD-42C1-FA8E-647B-E6E122BBDA71, firefox, 2018-04-10 09:42:10, contaminated
trace_3.2_fail, F95E2CDA-60F8-D29F-BC41-0C84F21385E2, firefox, 2018-04-10 09:42:10, contaminated
trace_3.2_fail, 06BE0850-E6DC-2548-ECFB-24F7CE3B8AE9, firefox, 2018-04-10 09:42:10, contaminated
trace_3.2_fail, 10C73529-7A1B-F326-7E99-A59BFA1877D1, firefox, 2018-04-10 09:42:10, contaminated
trace_3.2_fail, 827F2DDE-4573-FC08-32F2-F511A7E7109B, firefox, 2018-04-10 09:42:10, contaminated
trace_3.2_fail, 1F48F325-3A9C-C497-730B-F37D3BBDACDD, firefox, 2018-04-10 09:42:10, contaminated
trace_3.2_fail, CC19BA2E-73B2-30F1-21CA-697B75BB2055, firefox, 2018-04-10 09:42:10, contaminated
trace_3.2_fail, A9A47922-D4DA-ED35-3D6B-B2332E841AC9, firefox, 2018-04-10 09:42:10, contaminated
trace_3.2_fail, 73AF4E5F-C71D-7B31-EBA7-175000AAB862, firefox, 2018-04-10 09:42:10, contaminated
trace_3.2_fail, 3F0D9A55-A8AC-2674-5494-853881515E47, firefox, 2018-04-10 09:42:10, contaminated
trace_3.2_fail, E02E3E79-2CED-35A1-018B-F81897603953, firefox, 2018-04-10 09:42:10, contaminated
trace_3.2_fail, 5DCF273F-C9DD-94D7-0DCD-124DB1659927, firefox, 2018-04-10 09:42:10, contaminated
trace_3.2_fail, F5B5ABC8-53F7-9101-01ED-A157E55314EB, firefox, 2018-04-10 09:42:10, contaminated
trace_3.2_fail, B8BCCEE5-8607-D5EF-DBD3-2994C1509FE7, firefox, 2018-04-10 09:42:10, contaminated
trace_3.2_fail, 55149F7F-7718-28D9-B277-325AE0F6A472, firefox, 2018-04-10 09:42:10, contaminated
trace_3.2_fail, 619D7F78-2FAB-300C-F5BB-68AB2FEC1628, firefox, 2018-04-10 09:42:10, contaminated
trace_3.2_fail, 24B36A8F-75B4-8962-D9C9-FFA89343E5AA, firefox, 2018-04-10 09:42:10, contaminated
trace_3.2_fail, A06A9A57-3017-D0F6-9769-FCECC0C87988, firefox, 2018-04-10 09:42:10, contaminated
trace_3.2_fail, 51AB78C4-D67F-AA66-5C71-52E2E54A38EA, firefox, 2018-04-10 09:42:10, contaminated
trace_3.2_fail, F5C59320-8051-3C80-513D-C5BE83C67557, firefox, 2018-04-10 09:42:10, contaminated
trace_3.2_fail, FB44EB15-CFCF-F33F-058B-97F52A7DD83B, firefox, 2018-04-10 09:42:10, contaminated
trace_3.2_fail, B75F5A95-AA7A-B533-961E-E1DC081CCAED, firefox, 2018-04-10 09:42:10, contaminated
trace_3.2_fail, 417BEA76-93EA-DBB7-F7CF-C32AF3FE61BE, firefox, 2018-04-10 09:42:10, contaminated
trace_3.2_fail, F6D30F3E-5A21-24C5-B27A-B661A90E1D29, firefox, 2018-04-10 09:42:10, contaminated
trace_3.2_fail, 14DCD49F-53C6-4F31-53D6-5459015AAAC3, firefox, 2018-04-10 09:42:10, contaminated
trace_3.2_fail, 299D82A3-57AB-68F7-7F1B-C9013B00C79B, firefox, 2018-04-10 09:42:10, contaminated
trace_3.2_fail, 8EA53394-AC44-4C4B-D2FC-00BCED473934, firefox, 2018-04-10 09:42:10, contaminated
trace_3.2_fail, 73CE108A-EEBA-CDC4-271A-FB5C1339D18A, firefox, 2018-04-10 09:42:11, contaminated
trace_3.2_fail, ED46C8BC-3983-1743-5845-995399F5E282, firefox, 2018-04-10 09:42:11, contaminated
trace_3.2_fail, 7C84A707-B449-BC68-89CF-6AC52C99D93D, firefox, 2018-04-10 09:42:11, contaminated
trace_3.2_fail, 1283D6E3-8806-3649-7077-560838113C60, firefox, 2018-04-10 09:42:12, contaminated
trace_3.2_fail, D6E7859F-DE96-033E-BCBF-F8E22BF29A1C, firefox, 2018-04-10 09:42:13, contaminated
trace_3.2_fail, 87433A01-4F32-DBC8-41A0-9E1972045FD2, firefox, 2018-04-10 09:42:13, contaminated
trace_3.2_fail, B0F31B88-BDF1-BB11-BA51-36D0BB786B16, firefox, 2018-04-10 09:42:13, contaminated
trace_3.2_fail, 713A4617-D2A0-E9B6-1B6E-2C1C24F66250, firefox, 2018-04-10 09:42:13, contaminated
trace_3.2_fail, F9C8D5BE-5AC5-D2F3-213D-933EB741E236, firefox, 2018-04-10 09:42:14, contaminated
trace_3.2_fail, 88647E0B-FCA9-5B6D-6F11-4CE0FEF6882B, firefox, 2018-04-10 09:42:14, contaminated
trace_3.2_fail, 71BEA676-A00F-853F-70DE-83CE129A1F78, firefox, 2018-04-10 09:42:14, contaminated
trace_3.2_fail, 5A7D122C-8660-2044-DED8-4F683E55445D, firefox, 2018-04-10 09:42:14, contaminated
trace_3.2_fail, 00CEA7F0-92BA-3770-67AD-9857928448BB, firefox, 2018-04-10 09:42:14, contaminated
trace_3.2_fail, 6D170CCE-65B9-C17C-90A8-77050387DD04, firefox, 2018-04-10 09:42:14, contaminated
trace_3.2_fail, 8597E174-03D5-C852-E825-D31915AE9861, firefox, 2018-04-10 09:42:14, contaminated
trace_3.2_fail, BE2A04C5-F049-1CEF-F22E-8BD8FEF9E6CB, firefox, 2018-04-10 09:42:14, contaminated
trace_3.2_fail, 83510BCE-FC1B-D8A1-2A78-347C0AAE6852, firefox, 2018-04-10 09:42:14, contaminated
trace_3.2_fail, A921FA9D-5976-8304-6466-D4E9F6F2945F, firefox, 2018-04-10 09:42:14, contaminated
trace_3.2_fail, E3289441-A55C-084A-7B27-D21D196632FD, firefox, 2018-04-10 09:42:14, contaminated
trace_3.2_fail, 10E501C2-A5E6-7FED-18D6-BCC47D832026, firefox, 2018-04-10 09:42:14, contaminated
trace_3.2_fail, 66F977BC-641D-788A-7F34-7D354E315DF5, firefox, 2018-04-10 09:42:14, contaminated
trace_3.2_fail, 7762B37F-679A-70C6-A644-670CB4D391B6, firefox, 2018-04-10 09:42:14, contaminated
trace_3.2_fail, F16444A4-8CAF-7A54-C735-AEABA991E3CF, firefox, 2018-04-10 09:42:14, contaminated
trace_3.2_fail, 36309D7D-4E4B-2E2F-C5EE-A238AD2D0335, firefox, 2018-04-10 09:42:14, contaminated
trace_3.2_fail, 6A50C8DF-8E35-CD25-666C-0D0448931B6F, firefox, 2018-04-10 09:42:14, contaminated
trace_3.2_fail, F6F01411-C949-6074-E62B-1C0A2C5D3C19, firefox, 2018-04-10 09:42:14, contaminated
trace_3.2_fail, B65F34A4-EE5D-291A-DE5A-33BF47E894CA, firefox, 2018-04-10 09:42:15, contaminated
trace_3.2_fail, 8B991FD6-9177-764C-0AB4-63764ADA3309, firefox, 2018-04-10 09:42:15, contaminated
trace_3.2_fail, 9097C223-7273-7566-1623-5D908E95C40F, firefox, 2018-04-10 09:42:15, contaminated
trace_3.2_fail, 4A53A9F1-30A3-0926-C602-B63179A20986, firefox, 2018-04-10 09:42:15, contaminated
trace_3.2_fail, 2D16A5C3-464E-0382-CB3E-98BE13BE5F5C, firefox, 2018-04-10 09:42:15, contaminated
trace_3.2_fail, 1CDFDC63-F999-2423-4491-6882BB45EF7E, firefox, 2018-04-10 09:42:15, contaminated
trace_3.2_fail, 507CEDEA-707D-1952-59BF-07596FD48744, firefox, 2018-04-10 09:42:15, contaminated
trace_3.2_fail, A7F1226B-BA12-EA47-0428-C11C7CA4B6B8, firefox, 2018-04-10 09:42:15, contaminated
trace_3.2_fail, 3CF60CB8-8369-C105-CE1D-6528E3734A26, firefox, 2018-04-10 09:42:15, contaminated
trace_3.2_fail, F489F55B-1FD5-A673-8730-D186928DE965, firefox, 2018-04-10 09:42:15, contaminated
trace_3.2_fail, 590EAB13-7894-5D56-6B2B-2E55770DAB46, firefox, 2018-04-10 09:42:15, contaminated
trace_3.2_fail, 27CFE11F-4E0F-2696-C012-523CD23FC4FE, firefox, 2018-04-10 09:42:15, contaminated
trace_3.2_fail, 4B092F03-D594-28A0-F0BA-3F77DDABE95D, firefox, 2018-04-10 09:42:15, contaminated
trace_3.2_fail, 6BA54F6D-C5D6-2B75-5256-ABC55D009327, firefox, 2018-04-10 09:42:15, contaminated
trace_3.2_fail, 4AD4EC3F-95BD-3FDB-D3A6-52DC4600EA6B, firefox, 2018-04-10 09:42:15, contaminated
trace_3.2_fail, 40B0013B-B5BD-E212-7F6B-B8F21EB5F0D7, firefox, 2018-04-10 09:42:15, contaminated
trace_3.2_fail, 1C6EF6CD-1382-3AB6-FF6E-7496DC22A4D9, firefox, 2018-04-10 09:42:15, contaminated
trace_3.2_fail, F0C735B6-2AE8-9B6F-A8BC-066FB5B36CBE, firefox, 2018-04-10 09:42:15, contaminated
trace_3.2_fail, 6E299108-AF17-B686-DD3B-982E19F54FAE, firefox, 2018-04-10 09:42:15, contaminated
trace_3.2_fail, 15A55E60-D7CA-B092-9EFF-61BE483DBB69, firefox, 2018-04-10 09:42:15, contaminated
trace_3.2_fail, 054B3004-52E4-0893-DA7A-74E9356EFDC3, firefox, 2018-04-10 09:42:15, contaminated
trace_3.2_fail, CC6368DB-5D9B-4A37-48FC-36974140B510, firefox, 2018-04-10 09:42:15, contaminated
trace_3.2_fail, 2E7FD2D7-54BD-6FA2-DC2C-0B709799D66D, firefox, 2018-04-10 09:42:15, contaminated
trace_3.2_fail, 06A79F81-DDA9-BC3D-5948-DF3997E8067D, firefox, 2018-04-10 09:42:15, contaminated
trace_3.2_fail, 0E1DFB25-A7D1-7D8E-5803-A24ACD762273, firefox, 2018-04-10 09:42:15, contaminated
trace_3.2_fail, 95187BB4-35CD-6ADE-139A-436336709108, firefox, 2018-04-10 09:42:15, contaminated
trace_3.2_fail, C66A73B2-DEB1-AFFA-077F-AB0C4D21DA1D, firefox, 2018-04-10 09:42:15, contaminated
trace_3.2_fail, 4C158CCA-52F6-FC59-59A7-0653056AD698, firefox, 2018-04-10 09:42:15, contaminated
trace_3.2_fail, 9166DB8F-BBA3-29D8-DA57-2A91BA6B290E, firefox, 2018-04-10 09:42:15, contaminated
trace_3.2_fail, 043472BD-7BCC-4035-19DE-1DD981F0F04C, firefox, 2018-04-10 09:42:15, contaminated
trace_3.2_fail, A9A07E8B-3829-B2CC-3133-222A8C3D4CFD, firefox, 2018-04-10 09:42:15, contaminated
trace_3.2_fail, A119F149-4767-7303-CC7A-D85D8BB470C5, firefox, 2018-04-10 09:42:15, contaminated
trace_3.2_fail, 5BFF957D-5640-BA45-1306-220EB360DB20, firefox, 2018-04-10 09:42:15, contaminated
trace_3.2_fail, 92099FB2-CA78-00C9-5932-836285F5AA58, firefox, 2018-04-10 09:42:15, contaminated
trace_3.2_fail, 3C0C5DE6-EF20-7FB1-AA44-9F9B5551AC55, firefox, 2018-04-10 09:42:15, contaminated
trace_3.2_fail, E139B789-BDD5-BDAD-FC13-5138B380A96D, firefox, 2018-04-10 09:42:15, contaminated
trace_3.2_fail, D886C1ED-4194-75CC-1236-492B83401A0F, firefox, 2018-04-10 09:42:15, contaminated
trace_3.2_fail, B1271F1B-4793-7959-F8C8-F775C159A352, firefox, 2018-04-10 09:42:15, contaminated
trace_3.2_fail, 7BB233EB-CD7A-81FA-A825-9DCC95526072, firefox, 2018-04-10 09:42:15, contaminated
trace_3.2_fail, 311FA3CB-8325-23BB-F86A-544C15DA869F, firefox, 2018-04-10 09:42:15, contaminated
trace_3.2_fail, D8F11A4E-4417-2986-C1C6-31D3434BBF3D, firefox, 2018-04-10 09:42:15, contaminated
trace_3.2_fail, 2DE63232-6CF2-0FA9-EEF7-E1ED1DBE2AC4, firefox, 2018-04-10 09:42:15, contaminated
trace_3.2_fail, 4D787F89-0BD3-B606-2C59-993041264F00, firefox, 2018-04-10 09:42:15, contaminated
trace_3.2_fail, 561ED5ED-A555-C449-51CB-95065DC4372C, firefox, 2018-04-10 09:42:16, contaminated
trace_3.2_fail, 79CD582F-99A4-AF7E-63AB-6D665CC81E75, firefox, 2018-04-10 09:42:16, contaminated
trace_3.2_fail, B4EEFD3C-BB16-AB83-A60E-A8235C20F267, firefox, 2018-04-10 09:42:16, contaminated
trace_3.2_fail, 8EE3F456-5333-512E-8BC4-0167A0BE0138, firefox, 2018-04-10 09:42:17, contaminated
trace_3.2_fail, 0EAD3B51-D0D4-168E-1FFE-FA68F51D7C2A, firefox, 2018-04-10 09:42:17, contaminated
trace_3.2_fail, 86886A7D-639F-C738-B0B7-048C07FD3F99, firefox, 2018-04-10 09:42:17, contaminated
trace_3.2_fail, C6ED25C2-14AD-0C19-415D-43CC340671D3, firefox, 2018-04-10 09:42:17, contaminated
trace_3.2_fail, 13CBF249-58E8-1E4A-8B11-567DD66577A2, firefox, 2018-04-10 09:42:17, contaminated
trace_3.2_fail, C12A5A71-34CA-24F8-AF2E-B2F58D19EA50, firefox, 2018-04-10 09:42:17, contaminated
trace_3.2_fail, 5DFF18D8-49E4-D2A0-1D52-50AB0AAA21EB, firefox, 2018-04-10 09:42:17, contaminated
trace_3.2_fail, DDB4D23E-B62D-313F-D3A3-38A2A69080BE, firefox, 2018-04-10 09:42:17, contaminated
trace_3.2_fail, 3C0DD26F-C566-0465-5752-8950870D87E9, firefox, 2018-04-10 09:42:17, contaminated
trace_3.2_fail, E0E7C097-1E7B-7636-0F32-C78CA8B7193B, firefox, 2018-04-10 09:42:17, contaminated
trace_3.2_fail, 42832AED-1324-A285-4A61-E3AD030F8FE7, firefox, 2018-04-10 09:42:17, contaminated
trace_3.2_fail, 43FAC68E-B800-C2AA-3E92-F9BAB8D0B4FC, firefox, 2018-04-10 09:42:17, contaminated
trace_3.2_fail, B12102FE-DB26-36E3-FED6-D28636007E18, firefox, 2018-04-10 09:42:17, contaminated
trace_3.2_fail, 04A75A90-7427-9042-876C-FB85F2951AE1, firefox, 2018-04-10 09:42:17, contaminated
trace_3.2_fail, 3E439A7A-F188-A1E4-0EBC-DE73DD6C4BD3, firefox, 2018-04-10 09:42:17, contaminated
trace_3.2_fail, F2A2EC87-A2BA-28DE-A5F4-8A10929E825B, firefox, 2018-04-10 09:42:17, contaminated
trace_3.2_fail, 57643BCD-45A0-BC5E-7625-BD11FFF873F5, firefox, 2018-04-10 09:42:17, contaminated
trace_3.2_fail, 10BFD2B0-61E4-8380-7F09-7BEB73B65B66, firefox, 2018-04-10 09:42:17, contaminated
trace_3.2_fail, D11C1773-F27C-1804-2634-5BFDE62A1575, firefox, 2018-04-10 09:42:17, contaminated
trace_3.2_fail, 2E68021D-BA3C-87D3-3C0F-9CDED67671C7, firefox, 2018-04-10 09:42:17, contaminated
trace_3.2_fail, B4F68F4A-9E61-0A19-C346-45EA7EA641C9, firefox, 2018-04-10 09:42:17, contaminated
trace_3.2_fail, A33FAB9E-917B-3535-3258-91DEDCB4E850, firefox, 2018-04-10 09:42:17, contaminated
trace_3.2_fail, 2BFAA813-3C26-31E8-E6DA-3D3FEFF5D25D, firefox, 2018-04-10 09:42:17, contaminated
trace_3.2_fail, 3912BEAE-50EC-4744-8778-608E46DB2A76, firefox, 2018-04-10 09:42:17, contaminated
trace_3.2_fail, 860A6AA3-F8BF-7C50-E7D1-ECB5B62A5593, firefox, 2018-04-10 09:42:17, contaminated
trace_3.2_fail, 5C9D4552-97C0-62B9-0693-FF763D4B618F, firefox, 2018-04-10 09:42:17, contaminated
trace_3.2_fail, 32F1F97B-ECA3-D19E-B338-8F55F655FC1E, firefox, 2018-04-10 09:42:17, contaminated
trace_3.2_fail, 1667DC09-D094-8A32-0CD6-6004AB64F272, firefox, 2018-04-10 09:42:17, contaminated
trace_3.2_fail, CD3A9B9F-A4EA-D55C-5214-322A538CB841, firefox, 2018-04-10 09:42:17, contaminated
trace_3.2_fail, A0CA7314-9744-5B97-214E-4952A3D82EBA, firefox, 2018-04-10 09:42:17, contaminated
trace_3.2_fail, C25C1662-8EC3-E5BD-2D8F-D5451D521424, firefox, 2018-04-10 09:42:17, contaminated
trace_3.2_fail, 0559E40D-9715-D230-18BC-AD699595C70E, firefox, 2018-04-10 09:42:17, contaminated
trace_3.2_fail, 1BCD9FCB-6283-8BF4-86A1-4A333A59FC61, firefox, 2018-04-10 09:42:17, contaminated
trace_3.2_fail, 2778F8EB-9E48-C174-D0E5-B169F4DE37DA, firefox, 2018-04-10 09:42:17, contaminated
trace_3.2_fail, DF07301F-F15A-7130-7A42-B299ACD3559D, firefox, 2018-04-10 09:42:17, contaminated
trace_3.2_fail, 4A3F9964-75BD-E267-20BF-A6BB32AFB1F0, firefox, 2018-04-10 09:42:17, contaminated
trace_3.2_fail, BADF56D4-1EF2-523C-B5B0-04C57894BEF1, firefox, 2018-04-10 09:42:17, contaminated
trace_3.2_fail, B1900397-D5C2-6FCA-49AB-26DFBE06D131, firefox, 2018-04-10 09:42:17, contaminated
trace_3.2_fail, C9B486B3-CD9A-F194-2037-C677E8D5236F, firefox, 2018-04-10 09:42:17, contaminated
trace_3.2_fail, D33FD3A2-24FB-DE27-4352-69C3F8EABC73, firefox, 2018-04-10 09:42:18, contaminated
trace_3.2_fail, DB82073E-83C2-90D3-2E9F-A25F15662AC5, firefox, 2018-04-10 09:42:18, contaminated
trace_3.2_fail, CCB4203D-3534-2FED-B9BC-CDC1E366D7C2, firefox, 2018-04-10 09:42:18, contaminated
trace_3.2_fail, 4A04E0D5-D9BE-F22B-920E-BBD638E52E98, firefox, 2018-04-10 09:42:18, contaminated
trace_3.2_fail, 1BB0A2C3-E5D0-48B9-3022-8190F8535FDC, firefox, 2018-04-10 09:42:18, contaminated
trace_3.2_fail, 37A2765C-C330-FAAE-E28B-3DD58C144B1F, firefox, 2018-04-10 09:42:18, contaminated
trace_3.2_fail, 97AF06AD-CA31-8137-1B6C-995548BD860E, firefox, 2018-04-10 09:42:18, contaminated
trace_3.2_fail, 2D625ECC-4C68-C70E-4DC1-6DF97719AF3C, firefox, 2018-04-10 09:42:19, contaminated
trace_3.2_fail, E301A8FC-DAC9-3A8A-81A8-C2E5B1F73D15, firefox, 2018-04-10 09:42:19, contaminated
trace_3.2_fail, BBD4C35B-CBA2-3937-EBC3-B2EE675E2987, firefox, 2018-04-10 09:42:19, contaminated
trace_3.2_fail, 31D1C5F7-7555-98B6-8AA2-B41546EE2AB4, firefox, 2018-04-10 09:42:19, contaminated
trace_3.2_fail, C5E9F2A5-0424-6D34-630C-53E57FA744C2, firefox, 2018-04-10 09:42:19, contaminated
trace_3.2_fail, FDF0EDB8-A19C-F880-BA68-67B80CBEECCE, firefox, 2018-04-10 09:42:19, contaminated
trace_3.2_fail, 316A8DD3-D14D-AF9E-A78D-1D78BD9316BA, firefox, 2018-04-10 09:42:19, contaminated
trace_3.2_fail, C5AC242F-D7E4-8F7A-14CB-1D6E6ED9D84A, firefox, 2018-04-10 09:42:19, contaminated
trace_3.2_fail, C92925CF-BEA9-00AE-EFED-35A6EDE2CF03, firefox, 2018-04-10 09:42:19, contaminated
trace_3.2_fail, 2F475D3D-ABBD-0638-7DE0-2C93B6BA81B0, firefox, 2018-04-10 09:42:19, contaminated
trace_3.2_fail, 94F7D1BF-AF5E-B084-EFE6-9DDAE00D9C78, firefox, 2018-04-10 09:42:19, contaminated
trace_3.2_fail, D8599885-A5F8-4683-D71A-067541767D3B, firefox, 2018-04-10 09:42:19, contaminated
trace_3.2_fail, 5A538BC4-2557-D55A-C5C4-5D78531D8B07, firefox, 2018-04-10 09:42:19, contaminated
trace_3.2_fail, D3FF88B5-6BF6-4DD9-3C42-38CC60142900, firefox, 2018-04-10 09:42:19, contaminated
trace_3.2_fail, 4295798A-3103-4619-21DE-9FF7DE4A6A1E, firefox, 2018-04-10 09:42:19, contaminated
trace_3.2_fail, 86F0E3E0-1BE2-9667-5D50-CFEF79B1BD52, firefox, 2018-04-10 09:42:19, contaminated
trace_3.2_fail, 3DF8C583-09EE-2395-F92F-F1D82D842033, firefox, 2018-04-10 09:42:19, contaminated
trace_3.2_fail, 8EDE1F94-8CB7-20CA-4B2D-DEF42CB56BDA, firefox, 2018-04-10 09:42:19, contaminated
trace_3.2_fail, 82996068-28B7-2F4A-C0B2-7DC593CB9CFA, firefox, 2018-04-10 09:42:19, contaminated
trace_3.2_fail, 2D9F94F5-4DCB-B5BD-3D2F-5C212A15426B, firefox, 2018-04-10 09:42:19, contaminated
trace_3.2_fail, C4BEDBDD-904F-68E7-53A8-38979C5049D5, firefox, 2018-04-10 09:42:19, contaminated
trace_3.2_fail, 0BFCF702-57A2-1CD1-FCE0-817B935B3C42, firefox, 2018-04-10 09:42:19, contaminated
trace_3.2_fail, 1E482FE3-5470-183B-4F21-118011F4D4ED, firefox, 2018-04-10 09:42:20, contaminated
trace_3.2_fail, 61ABD0C8-3C19-4420-61D5-F5A7B4970D60, firefox, 2018-04-10 09:42:20, contaminated
trace_3.2_fail, 3CA3E141-84E8-F00C-B593-7F0064342D4B, firefox, 2018-04-10 09:42:20, contaminated
trace_3.2_fail, D7BDB857-84F0-5A05-0DCC-86124BC3EE5E, firefox, 2018-04-10 09:42:20, contaminated
trace_3.2_fail, 70337485-89D3-30F9-D5EC-3AE3C7E8F9A4, firefox, 2018-04-10 09:42:20, contaminated
trace_3.2_fail, 821650E2-C2E2-D56F-E9FD-A8E6855B60C6, firefox, 2018-04-10 09:42:20, contaminated
trace_3.2_fail, B107A95D-C19C-28F8-D632-A2AE1D7CF145, firefox, 2018-04-10 09:42:20, contaminated
trace_3.2_fail, 3EF255AF-5A18-027F-0725-1B309CF352B0, firefox, 2018-04-10 09:42:20, contaminated
trace_3.2_fail, 5ABA90CB-C479-D62C-849F-E2375CBD5DDB, firefox, 2018-04-10 09:42:20, contaminated
trace_3.2_fail, 1C9B6E96-00F2-7CE4-2018-7CA9B0A8F84E, firefox, 2018-04-10 09:42:20, contaminated
trace_3.2_fail, 2BA86DA6-6A8F-DF6D-7D6A-D68DE3492CEC, firefox, 2018-04-10 09:42:20, contaminated
trace_3.2_fail, 407F6494-D428-FFDD-89DD-A48DFFCD8293, firefox, 2018-04-10 09:42:20, contaminated
trace_3.2_fail, 40952809-2B86-C326-7550-902EF4FA142D, firefox, 2018-04-10 09:42:20, contaminated
trace_3.2_fail, 075460DC-487E-7C15-7F75-A34AC16E5B67, firefox, 2018-04-10 09:42:20, contaminated
trace_3.2_fail, 81A86F3D-9038-DC05-AD47-F4169DCD67DE, firefox, 2018-04-10 09:42:20, contaminated
trace_3.2_fail, 576812AB-C349-5FEE-7F29-A1C7E8FC77A4, firefox, 2018-04-10 09:42:20, contaminated
trace_3.2_fail, 030F31AB-9DBF-D2D0-B0EF-00700ADFE4F1, firefox, 2018-04-10 09:42:20, contaminated
trace_3.2_fail, CBA6A1E0-550E-719A-44E9-9CFA5B2B2BFB, firefox, 2018-04-10 09:42:20, contaminated
trace_3.2_fail, FBB2B0B3-9DA5-2A7D-84C8-0A1F92EEC1D1, firefox, 2018-04-10 09:42:20, contaminated
trace_3.2_fail, B3E3195C-B432-891B-3E5F-0AC539EF2264, firefox, 2018-04-10 09:42:20, contaminated
trace_3.2_fail, DC4180BF-E33D-EF33-CFC0-70BC396E57D4, firefox, 2018-04-10 09:42:20, contaminated
trace_3.2_fail, D1E5B785-1945-C50E-81E9-8748691C48EF, firefox, 2018-04-10 09:42:20, contaminated
trace_3.2_fail, F141910C-0587-07AF-EADC-DBF87FF3F28A, firefox, 2018-04-10 09:42:20, contaminated
trace_3.2_fail, D93B3F05-144F-D18B-5EB4-B9E1E8819A52, firefox, 2018-04-10 09:42:20, contaminated
trace_3.2_fail, 67D780C2-B901-A304-2C95-3A31FCDBE72D, firefox, 2018-04-10 09:42:20, contaminated
trace_3.2_fail, 261E8585-28F7-AA27-3C37-4D514993A5F0, firefox, 2018-04-10 09:42:20, contaminated
trace_3.2_fail, 683C9499-2223-171A-25B5-9A54423E16A7, firefox, 2018-04-10 09:42:20, contaminated
trace_3.2_fail, 8F02EBA4-FBB0-CCE6-D4EC-76CC66F4C0BA, firefox, 2018-04-10 09:42:20, contaminated
trace_3.2_fail, C2B3B792-E976-49A9-CCC2-5E4C80ADDF6D, firefox, 2018-04-10 09:42:20, contaminated
trace_3.2_fail, B75CB3CB-7AFD-4F23-6173-66928B416DD2, firefox, 2018-04-10 09:42:20, contaminated
trace_3.2_fail, 52A52D93-C638-40BA-2792-4CC45CC593C8, firefox, 2018-04-10 09:42:20, contaminated
trace_3.2_fail, C328C644-4C53-1FEE-A214-2165D755E4FE, firefox, 2018-04-10 09:42:20, contaminated
trace_3.2_fail, C7DF61FA-8D4E-CE6F-21C1-CCE442376B50, firefox, 2018-04-10 09:42:20, contaminated
trace_3.2_fail, 78329806-A38D-F7EF-3B56-9FDCE8A6FF86, firefox, 2018-04-10 09:42:20, contaminated
trace_3.2_fail, 30B1F5A0-632F-BCFA-1322-2EA1CB360F0E, firefox, 2018-04-10 09:42:20, contaminated
trace_3.2_fail, F1E0FF53-A87E-148F-581A-8E30F064BD0C, firefox, 2018-04-10 09:42:20, contaminated
trace_3.2_fail, 8B73D052-E596-07DB-FB4B-03887FA4E76F, firefox, 2018-04-10 09:42:20, contaminated
trace_3.2_fail, 2FA29FF4-0DC6-3A74-50AE-7C68CAA201A0, firefox, 2018-04-10 09:42:20, contaminated
trace_3.2_fail, 741C70A3-AE85-719B-232C-98484E195CD6, firefox, 2018-04-10 09:42:20, contaminated
trace_3.2_fail, E7B24F81-60A7-D63C-3F01-6CE3D6921FBF, firefox, 2018-04-10 09:42:20, contaminated
trace_3.2_fail, 1C8A0C4B-EA16-720D-FD04-D5CED883D639, firefox, 2018-04-10 09:42:20, contaminated
trace_3.2_fail, 30298B0C-E7E5-241D-EC8F-41006C981C34, firefox, 2018-04-10 09:42:20, contaminated
trace_3.2_fail, 5285B9B3-6726-2B03-A3F1-D87D04C8C860, firefox, 2018-04-10 09:42:20, contaminated
trace_3.2_fail, 4A21BEA7-F555-42A6-50D1-14A7D0367EFE, firefox, 2018-04-10 09:42:20, contaminated
trace_3.2_fail, 73F99980-0F3A-6104-2F3D-C496A1D03D83, firefox, 2018-04-10 09:42:20, contaminated
trace_3.2_fail, 3DE7EFBC-1935-E8F6-ED4D-15FA8033C8B6, firefox, 2018-04-10 09:42:20, contaminated
trace_3.2_fail, 96030996-4B11-9AD3-4356-23EE6312FF99, firefox, 2018-04-10 09:42:20, contaminated
trace_3.2_fail, 9B2587C1-2686-0428-93D5-A6203E101EC1, firefox, 2018-04-10 09:42:20, contaminated
trace_3.2_fail, EC867552-44AF-C98B-F001-48CE2FECDB31, firefox, 2018-04-10 09:42:20, contaminated
trace_3.2_fail, 46CED146-04C1-7D26-790A-F0B7BE43191F, firefox, 2018-04-10 09:42:20, contaminated
trace_3.2_fail, 0A05FC60-AAA5-EDFA-FD4A-81F212D735DA, firefox, 2018-04-10 09:42:20, contaminated
trace_3.2_fail, 412B925D-C9B3-EE8D-A68F-1B61A130269A, firefox, 2018-04-10 09:42:20, contaminated
trace_3.2_fail, 4EC4426D-2A82-6F9E-23FA-7893D584624D, firefox, 2018-04-10 09:42:20, contaminated
trace_3.2_fail, C4B03054-A1C4-98DA-EE40-9958CCC51BA6, firefox, 2018-04-10 09:42:20, contaminated
trace_3.2_fail, C482C165-D65A-5750-9F57-C0E484B2E4DE, firefox, 2018-04-10 09:42:20, contaminated
trace_3.2_fail, 7D086F60-DB41-49EB-67A1-DB401243EE99, firefox, 2018-04-10 09:42:20, contaminated
trace_3.2_fail, E0ABB687-BF83-814A-254A-5023553AA159, firefox, 2018-04-10 09:42:20, contaminated
trace_3.2_fail, B653EA0F-8058-A09B-54E2-DC2CBC5E8882, firefox, 2018-04-10 09:42:20, contaminated
trace_3.2_fail, 6EDE1579-90A7-8E56-A901-3F2DDF652ADE, firefox, 2018-04-10 09:42:20, contaminated
trace_3.2_fail, 3DDC1332-7029-4D28-9554-A08C595F2AE4, firefox, 2018-04-10 09:42:20, contaminated
trace_3.2_fail, F5D2125E-A2E3-B112-5DDC-38B32D5B6C00, firefox, 2018-04-10 09:42:20, contaminated
trace_3.2_fail, 137A7E9A-BD27-EFDF-A5A8-9C0198972A14, firefox, 2018-04-10 09:42:20, contaminated
trace_3.2_fail, BBC60190-556B-F795-6B15-5B5A4919476B, firefox, 2018-04-10 09:42:20, contaminated
trace_3.2_fail, 9562F8F5-3F1C-3DA2-30DF-F876A98F8D53, firefox, 2018-04-10 09:42:20, contaminated
trace_3.2_fail, 816F34BE-3339-8836-3BA3-C4423435AB52, firefox, 2018-04-10 09:42:20, contaminated
trace_3.2_fail, 2F90B042-1085-A40D-75C0-5AFD32679563, firefox, 2018-04-10 09:42:20, contaminated
trace_3.2_fail, 1B41EF44-F2E6-D716-ACC0-A5F8D427F2EB, firefox, 2018-04-10 09:42:20, contaminated
trace_3.2_fail, F945FDD1-4ECF-8F09-44AF-552FFE6C8E78, firefox, 2018-04-10 09:42:20, contaminated
trace_3.2_fail, 13353A98-34B4-DFBA-6B21-892C1E699DFE, firefox, 2018-04-10 09:42:20, contaminated
trace_3.2_fail, 37430FBB-712C-EA01-56B0-6E94A5F173CF, firefox, 2018-04-10 09:42:20, contaminated
trace_3.2_fail, F72A3579-08D8-15CB-203A-FB57433EDF0C, firefox, 2018-04-10 09:42:20, contaminated
trace_3.2_fail, 9580B917-F67E-E968-C092-162072590927, firefox, 2018-04-10 09:42:20, contaminated
trace_3.2_fail, EBF60776-8B9D-BA51-99E3-1C5838AA776C, firefox, 2018-04-10 09:42:20, contaminated
trace_3.2_fail, 3C643C57-5DC7-46D5-6B06-80610E32315C, firefox, 2018-04-10 09:42:20, contaminated
trace_3.2_fail, 55726059-36A5-4B82-FD9E-D6BC1E20A51B, firefox, 2018-04-10 09:42:20, contaminated
trace_3.2_fail, 065737D7-7AEA-5B04-4ED4-69B5B5C5DAA3, firefox, 2018-04-10 09:42:20, contaminated
trace_3.2_fail, 28A99B8B-A44B-E7BD-EEA6-9D45A8FD2447, firefox, 2018-04-10 09:42:20, contaminated
trace_3.2_fail, 10470D17-DEF8-8474-AA0F-C138710F4204, firefox, 2018-04-10 09:42:20, contaminated
trace_3.2_fail, 9FEE4B1E-1E4D-EE08-6FA5-B6367B5630DE, firefox, 2018-04-10 09:42:20, contaminated
trace_3.2_fail, 7F1C5D9B-1EF0-31ED-CBB6-1546B4EA6EB0, firefox, 2018-04-10 09:42:20, contaminated
trace_3.2_fail, E30BF528-8EED-D987-F8A9-25A06124C1D0, firefox, 2018-04-10 09:42:20, contaminated
trace_3.2_fail, DFFC86E9-27C3-C03E-ADC8-56ABF91AAB44, firefox, 2018-04-10 09:42:20, contaminated
trace_3.2_fail, D17857CB-99A0-7103-045F-EEDA7A46C5F8, firefox, 2018-04-10 09:42:20, contaminated
trace_3.2_fail, 03028E36-DE23-1EFD-156D-EC4928BC2FEF, firefox, 2018-04-10 09:42:20, contaminated
trace_3.2_fail, BF43175A-1195-9E0B-3A6A-1DA9AC3B007D, firefox, 2018-04-10 09:42:20, contaminated
trace_3.2_fail, 95A8A3E7-33AC-7973-D193-ACB5FF452994, firefox, 2018-04-10 09:42:20, contaminated
trace_3.2_fail, 78F0598D-1951-67F8-5B9F-A90186B509ED, firefox, 2018-04-10 09:42:20, contaminated
trace_3.2_fail, D5A481C4-8992-E093-36E5-27D8AF43C39F, firefox, 2018-04-10 09:42:20, contaminated
trace_3.2_fail, AB5A0399-5F91-1544-EF6C-26489D248175, firefox, 2018-04-10 09:42:20, contaminated
trace_3.2_fail, 334EFF9A-6381-1753-A893-A208ACB8BDE2, firefox, 2018-04-10 09:42:20, contaminated
trace_3.2_fail, 13891334-7543-A76B-51FE-7BA3FE71023C, firefox, 2018-04-10 09:42:20, contaminated
trace_3.2_fail, AB9C46E7-82F1-73CE-829C-31476BDB879D, firefox, 2018-04-10 09:42:20, contaminated
trace_3.2_fail, 12BAEE77-8A90-6589-5C47-5AD8AEB78D9D, firefox, 2018-04-10 09:42:20, contaminated
trace_3.2_fail, E636AE25-C0F5-CAF9-3293-1BC21826C142, firefox, 2018-04-10 09:42:20, contaminated
trace_3.2_fail, B1787ED9-4F88-6896-7592-3A7D1A2C33F0, firefox, 2018-04-10 09:42:20, contaminated
trace_3.2_fail, ADE01D8D-0705-4034-D5FF-36EC66D5DC55, firefox, 2018-04-10 09:42:20, contaminated
trace_3.2_fail, E7C80479-2F98-63E9-C68C-24F151B89F22, firefox, 2018-04-10 09:42:20, contaminated
trace_3.2_fail, 7BF5FE85-2544-6185-8C24-4114F2186923, firefox, 2018-04-10 09:42:20, contaminated
trace_3.2_fail, 4B8787B8-B766-DE46-0B72-B93894BC306F, firefox, 2018-04-10 09:42:20, contaminated
trace_3.2_fail, C9372536-7F62-9829-CE92-2AACADBDBD10, firefox, 2018-04-10 09:42:20, contaminated
trace_3.2_fail, 62CA0D85-9939-2970-9611-49A443FC6215, firefox, 2018-04-10 09:42:20, contaminated
trace_3.2_fail, 7BF973E8-0354-BFEA-97BB-FA00A167F301, firefox, 2018-04-10 09:42:20, contaminated
trace_3.2_fail, 7D44D494-ACDD-3B5B-C8CC-F444F7186449, firefox, 2018-04-10 09:42:20, contaminated
trace_3.2_fail, E41CDACF-2FE3-7EDE-4228-A131915BF5B6, firefox, 2018-04-10 09:42:20, contaminated
trace_3.2_fail, D19E6B83-4911-90F0-5C05-687B184358F4, firefox, 2018-04-10 09:42:20, contaminated
trace_3.2_fail, 4DCBCA7A-8B5B-93DF-AA8B-28117AEF600F, firefox, 2018-04-10 09:42:20, contaminated
trace_3.2_fail, 35C9FC83-3644-F35D-0C16-47D45200405F, firefox, 2018-04-10 09:42:20, contaminated
trace_3.2_fail, 75D17D26-BA3A-D984-212B-D5D66F4B1888, firefox, 2018-04-10 09:42:20, contaminated
trace_3.2_fail, 2790BD72-D608-BC6B-809A-406F6FC25E30, firefox, 2018-04-10 09:42:20, contaminated
trace_3.2_fail, 1D52CE36-4B46-2991-8968-62580FC52052, firefox, 2018-04-10 09:42:20, contaminated
trace_3.2_fail, 7C3495CB-19B2-3648-B581-E570752EBE83, firefox, 2018-04-10 09:42:20, contaminated
trace_3.2_fail, 6CF872AE-8109-AC61-9BA7-9D377D0B8BBD, firefox, 2018-04-10 09:42:20, contaminated
trace_3.2_fail, 726FF6D3-88D2-D716-01BD-72AEDFF16807, firefox, 2018-04-10 09:42:20, contaminated
trace_3.2_fail, E3E6EE8F-A994-93A2-D3BB-789021E4B3FC, firefox, 2018-04-10 09:42:20, contaminated
trace_3.2_fail, B089A9F4-E9B7-5F19-F245-63933AD4494F, firefox, 2018-04-10 09:42:20, contaminated
trace_3.2_fail, 04262A74-5B52-CC71-49C0-C278E3D04BEF, firefox, 2018-04-10 09:42:20, contaminated
trace_3.2_fail, 2678C45B-0649-DB0D-B0BB-91E9AAA8744C, firefox, 2018-04-10 09:42:20, contaminated
trace_3.2_fail, 65800624-3EE0-30CE-58FF-19D958B66EC7, firefox, 2018-04-10 09:42:20, contaminated
trace_3.2_fail, 32B1ADB3-0E1F-8D34-8EE3-824397A72D76, firefox, 2018-04-10 09:42:20, contaminated
trace_3.2_fail, F2905183-7522-7671-74BC-ECAFF65DD63D, firefox, 2018-04-10 09:42:20, contaminated
trace_3.2_fail, F798722E-788F-79BE-3821-54FDE6185477, firefox, 2018-04-10 09:42:20, contaminated
trace_3.2_fail, 7799CB88-6BEF-8393-9E5D-E7E151A9303A, firefox, 2018-04-10 09:42:20, contaminated
trace_3.2_fail, 037939AE-74A7-32F9-6DC2-8B0253BC562E, firefox, 2018-04-10 09:42:20, contaminated
trace_3.2_fail, 1CCC27E7-7AD9-92F9-3945-04383DF0A056, firefox, 2018-04-10 09:42:20, contaminated
trace_3.2_fail, 5D6B03C3-5948-D6EC-6C60-652EAD677640, firefox, 2018-04-10 09:42:20, contaminated
trace_3.2_fail, B2BFFAFB-05F8-B14D-2896-A352F20F10DB, firefox, 2018-04-10 09:42:20, contaminated
trace_3.2_fail, 387C9742-DEF4-70A7-2F1A-B3A8E846B6C2, firefox, 2018-04-10 09:42:20, contaminated
trace_3.2_fail, 9F702A13-EB8C-5BD9-BC30-A5D7C01EE154, firefox, 2018-04-10 09:42:20, contaminated
trace_3.2_fail, 689F5837-31FF-558B-1DA8-3F42A7247DC8, firefox, 2018-04-10 09:42:20, contaminated
trace_3.2_fail, A6F095F8-5000-0E15-DD0B-88705A77A93D, firefox, 2018-04-10 09:42:20, contaminated
trace_3.2_fail, 0743CC6E-2081-55A6-6700-1DCC1A250791, firefox, 2018-04-10 09:42:20, contaminated
trace_3.2_fail, 29967B08-7DE4-43B7-4E74-AC8D24BF3CE0, firefox, 2018-04-10 09:42:20, contaminated
trace_3.2_fail, 60BEBD8D-83C8-0081-4F90-5EF1D179ABAF, firefox, 2018-04-10 09:42:20, contaminated
trace_3.2_fail, 2438D810-7EED-0ADF-F22D-1FA09985F7DE, firefox, 2018-04-10 09:42:20, contaminated
trace_3.2_fail, 9FAEEA29-5267-2A13-67A8-A3E0EACE9951, firefox, 2018-04-10 09:42:20, contaminated
trace_3.2_fail, CEAC3067-20A5-CB80-892C-D6C3FF5D8BCD, firefox, 2018-04-10 09:42:20, contaminated
trace_3.2_fail, DC12B901-E2C4-D306-610E-F356D73D7850, firefox, 2018-04-10 09:42:20, contaminated
trace_3.2_fail, F87D074F-FCD9-5817-914B-3F01125331DE, firefox, 2018-04-10 09:42:20, contaminated
trace_3.2_fail, 81FDB053-92AD-0443-7326-EF02079F6DDF, firefox, 2018-04-10 09:42:20, contaminated
trace_3.2_fail, 4987ED0C-7992-F143-8099-27C309B1999B, firefox, 2018-04-10 09:42:20, contaminated
trace_3.2_fail, 859B8222-88EA-C375-0003-6DAAAA899AEA, firefox, 2018-04-10 09:42:20, contaminated
trace_3.2_fail, 04DE322B-3EA7-48A7-4C39-EAA464AD38F2, firefox, 2018-04-10 09:42:20, contaminated
trace_3.2_fail, B90A52D0-A010-C03F-E15A-F11F73D06F11, firefox, 2018-04-10 09:42:20, contaminated
trace_3.2_fail, 0D9D06BC-B820-A6A6-A5EA-A9FB45354155, firefox, 2018-04-10 09:42:20, contaminated
trace_3.2_fail, 79EA9713-9390-E002-4DD4-A7BC0A206E12, firefox, 2018-04-10 09:42:20, contaminated
trace_3.2_fail, F9AD4903-CEBA-6F3C-CCC8-F054AF95DEA5, firefox, 2018-04-10 09:42:20, contaminated
trace_3.2_fail, 6EC34B46-467C-2B54-B8A2-1DB97CC3D058, firefox, 2018-04-10 09:42:20, contaminated
trace_3.2_fail, 82DAC3A7-0233-1785-059A-4CB8B845502E, firefox, 2018-04-10 09:42:20, contaminated
trace_3.2_fail, C4E2618D-EB85-0669-3C96-CF5F882C4BAA, firefox, 2018-04-10 09:42:20, contaminated
trace_3.2_fail, 7D8DB039-087E-0BF5-153D-E5181C4055C6, firefox, 2018-04-10 09:42:20, contaminated
trace_3.2_fail, 278A7825-A96B-88E8-2455-0835235E62AA, firefox, 2018-04-10 09:42:20, contaminated
trace_3.2_fail, C854B38B-15BB-F39F-20BB-60A4E571E69A, firefox, 2018-04-10 09:42:20, contaminated
trace_3.2_fail, DA831B9C-EC61-C00F-8F64-5C875EDE8B26, firefox, 2018-04-10 09:42:20, contaminated
trace_3.2_fail, 50D7D97A-43A1-90D7-7F70-1D87F8EAF42E, firefox, 2018-04-10 09:42:20, contaminated
trace_3.2_fail, 6E6BE356-D441-44F0-F684-40C893EDE0C9, firefox, 2018-04-10 09:42:20, contaminated
trace_3.2_fail, 44C605B6-0BFD-DB48-4302-342D84B2A654, firefox, 2018-04-10 09:42:20, contaminated
trace_3.2_fail, F94DAE9C-D48F-78E0-073F-99EA28C12BAC, firefox, 2018-04-10 09:42:20, contaminated
trace_3.2_fail, D544C66F-95E6-F85F-1299-A7732CA48877, firefox, 2018-04-10 09:42:20, contaminated
trace_3.2_fail, 8E80F37A-1505-CAFF-488F-ACAD6449EACD, firefox, 2018-04-10 09:42:20, contaminated
trace_3.2_fail, 93362FD9-5516-0CDA-284C-062596BB92A0, firefox, 2018-04-10 09:42:20, contaminated
trace_3.2_fail, 700B5A56-7C03-1B13-FAAE-8B704DECE603, firefox, 2018-04-10 09:42:20, contaminated
trace_3.2_fail, 535619E9-B6DE-7DF8-5FFB-EFBC0BA8F396, firefox, 2018-04-10 09:42:20, contaminated
trace_3.2_fail, 5E897196-D507-5DD7-8B9D-F2CF5BB7FE61, firefox, 2018-04-10 09:42:20, contaminated
trace_3.2_fail, 37566917-8F8C-8527-BDA4-0A8AE4FD988D, firefox, 2018-04-10 09:42:20, contaminated
trace_3.2_fail, 1671F621-4236-6275-6CEA-A048029DA790, firefox, 2018-04-10 09:42:20, contaminated
trace_3.2_fail, C6B2F41D-DE1C-FB0B-FDAF-D75BA2FB9479, firefox, 2018-04-10 09:42:20, contaminated
trace_3.2_fail, C6C9734D-09D4-2728-A3AB-601113181F92, firefox, 2018-04-10 09:42:20, contaminated
trace_3.2_fail, C29EC7C0-42B3-BE7A-9AB1-CC3B69B95D45, firefox, 2018-04-10 09:42:20, contaminated
trace_3.2_fail, 2A646C97-2566-E355-2BD0-0A9971A6F485, firefox, 2018-04-10 09:42:20, contaminated
trace_3.2_fail, C4DB50ED-7C1E-052E-CE1D-C619E8391D96, firefox, 2018-04-10 09:42:20, contaminated
trace_3.2_fail, 337E6D2E-E0EB-44EA-B873-846AEE8ED0C8, firefox, 2018-04-10 09:42:20, contaminated
trace_3.2_fail, 1D06D6BC-8C44-C7D3-BEFD-382397A458CB, firefox, 2018-04-10 09:42:20, contaminated
trace_3.2_fail, 6D0B9658-3E62-2201-21A4-64F65C0AA38C, firefox, 2018-04-10 09:42:20, contaminated
trace_3.2_fail, 00744F71-DE44-2B88-8ED5-C72ABBD982F8, firefox, 2018-04-10 09:42:20, contaminated
trace_3.2_fail, DA536081-9545-DFDE-192D-EC4BCF089E66, firefox, 2018-04-10 09:42:20, contaminated
trace_3.2_fail, C3E994D4-B3A2-2D30-F8CD-16B171EF2977, firefox, 2018-04-10 09:42:20, contaminated
trace_3.2_fail, 7E35BE39-BD8D-6C4D-EF1C-B8644AC8555A, firefox, 2018-04-10 09:42:20, contaminated
trace_3.2_fail, 6D37D26F-36CC-83BD-B878-FA6B92E8F901, firefox, 2018-04-10 09:42:20, contaminated
trace_3.2_fail, 3829D3D8-F8D4-16BC-FEF0-028522EDBD7A, firefox, 2018-04-10 09:42:20, contaminated
trace_3.2_fail, 2CF0C33F-A954-181E-EFA2-20BC28D402BA, firefox, 2018-04-10 09:42:20, contaminated
trace_3.2_fail, 85C1247E-FE96-9DC5-5BBB-C354C453B903, firefox, 2018-04-10 09:42:20, contaminated
trace_3.2_fail, 4C51E266-B9E3-1F90-BFB0-E714A0198775, firefox, 2018-04-10 09:42:20, contaminated
trace_3.2_fail, 68DB5A85-08AA-91E2-F674-2684527DBA31, firefox, 2018-04-10 09:42:20, contaminated
trace_3.2_fail, 4D28766D-C98E-1C8F-A660-6E86DF1997BB, firefox, 2018-04-10 09:42:20, contaminated
trace_3.2_fail, 25CA37D7-4E47-DB73-6069-7FB83E02596C, firefox, 2018-04-10 09:42:20, contaminated
trace_3.2_fail, 5CC9D1DA-6AA2-C2BC-58C3-DBF72EEB705F, firefox, 2018-04-10 09:42:20, contaminated
trace_3.2_fail, 25FD9C45-8A4E-F2C6-A329-0103C3B4029B, firefox, 2018-04-10 09:42:20, contaminated
trace_3.2_fail, 2F8BF053-B31E-CF23-2E9F-6855A7ECEFBE, firefox, 2018-04-10 09:42:20, contaminated
trace_3.2_fail, E6ACF624-8B03-9B26-0DE0-685A599AF908, firefox, 2018-04-10 09:42:20, contaminated
trace_3.2_fail, C5A0407A-99D4-8056-B453-FF8174812828, firefox, 2018-04-10 09:42:20, contaminated
trace_3.2_fail, 2549EB55-B884-2BA4-D25D-C185BCA99048, firefox, 2018-04-10 09:42:20, contaminated
trace_3.2_fail, 286E82EE-DB94-7747-1BE1-BA84C9B4589A, firefox, 2018-04-10 09:42:20, contaminated
trace_3.2_fail, F26038A5-C515-8D21-03B3-EB749421D71C, firefox, 2018-04-10 09:42:20, contaminated
trace_3.2_fail, DA108CEE-A424-E37D-6112-74CD744373F6, firefox, 2018-04-10 09:42:20, contaminated
trace_3.2_fail, 35DA1AF2-A9EE-1ADF-8CA0-61D533189242, firefox, 2018-04-10 09:42:20, contaminated
trace_3.2_fail, 04BE5198-1D53-DF3C-6470-AAD12C9CE5A8, firefox, 2018-04-10 09:42:20, contaminated
trace_3.2_fail, A9D2E746-16EE-6527-9F05-D97C52C653E1, firefox, 2018-04-10 09:42:20, contaminated
trace_3.2_fail, B06F6B5F-B28B-DDD4-8831-FF633BCED243, firefox, 2018-04-10 09:42:20, contaminated
trace_3.2_fail, DC029147-903C-3422-5C7A-DFAA851E5DDB, firefox, 2018-04-10 09:42:20, contaminated
trace_3.2_fail, 28F60C6C-0E27-936A-DC65-7720A4D577D1, firefox, 2018-04-10 09:42:20, contaminated
trace_3.2_fail, 5C9E204E-BBA9-EBE5-7F36-C94B94245E23, firefox, 2018-04-10 09:42:20, contaminated
trace_3.2_fail, 1C7EE6B1-9BF3-B076-43D5-B6D5DD19B27C, firefox, 2018-04-10 09:42:20, contaminated
trace_3.2_fail, 5615F570-82C0-6940-C520-713CACBA18F4, firefox, 2018-04-10 09:42:20, contaminated
trace_3.2_fail, F64CD805-71D3-E84C-AB71-860D17EEEAEA, firefox, 2018-04-10 09:42:20, contaminated
trace_3.2_fail, 1BC1D9F8-C69A-A8D7-A320-79291E8A874E, firefox, 2018-04-10 09:42:20, contaminated
trace_3.2_fail, 5A0A60B0-0C05-EC34-C665-DAD4AE0208DE, firefox, 2018-04-10 09:42:20, contaminated
trace_3.2_fail, 5D8AAD3C-3FF4-04C6-5786-B9E03CA0FBDB, firefox, 2018-04-10 09:42:20, contaminated
trace_3.2_fail, 4ED52A54-C7C6-CFD8-C180-2EA83A178BFB, firefox, 2018-04-10 09:42:20, contaminated
trace_3.2_fail, 159F3A7F-912B-5FF1-064B-F7F72A475C90, firefox, 2018-04-10 09:42:20, contaminated
trace_3.2_fail, 9128A6A6-140E-F05B-94D4-7B15450A0F4E, firefox, 2018-04-10 09:42:20, contaminated
trace_3.2_fail, 834BDE18-0AAB-1042-38CB-895366026BCE, firefox, 2018-04-10 09:42:20, contaminated
trace_3.2_fail, 7719DB62-C881-9063-C32E-24183E2E300A, firefox, 2018-04-10 09:42:20, contaminated
trace_3.2_fail, 3CA430C6-CA0F-9112-5F6E-A25E592FE60F, firefox, 2018-04-10 09:42:20, contaminated
trace_3.2_fail, 15988987-0C75-2988-3AB6-77C88A3C346D, firefox, 2018-04-10 09:42:20, contaminated
trace_3.2_fail, 31BAD157-988C-F83E-DFC1-3001CFD23A1F, firefox, 2018-04-10 09:42:20, contaminated
trace_3.2_fail, 7CC19D47-2199-2DD8-E12B-D1CE9528D576, firefox, 2018-04-10 09:42:20, contaminated
trace_3.2_fail, 10B4AC24-E2E9-35C7-2E70-8D4787978A39, firefox, 2018-04-10 09:42:20, contaminated
trace_3.2_fail, F71BA9BF-61D8-94BE-4E31-5028E4597D10, firefox, 2018-04-10 09:42:20, contaminated
trace_3.2_fail, 032B00E6-8776-CEF5-903E-81CAEA6B1252, firefox, 2018-04-10 09:42:20, contaminated
trace_3.2_fail, 2D44F232-FF95-0686-0A27-606285831DFE, firefox, 2018-04-10 09:42:20, contaminated
trace_3.2_fail, BE9772B6-3564-2ED0-8766-C2D3A57E0549, firefox, 2018-04-10 09:42:20, contaminated
trace_3.2_fail, EB0E6C8F-C100-41E9-9E3B-A44400A3E5EA, firefox, 2018-04-10 09:42:20, contaminated
trace_3.2_fail, 135E3944-6D0D-CB57-9DB8-FFDF2A575624, firefox, 2018-04-10 09:42:20, contaminated
trace_3.2_fail, 579A2253-869A-7C7E-3D63-6298633FD80B, firefox, 2018-04-10 09:42:20, contaminated
trace_3.2_fail, AF65E879-44FB-B80C-C894-43AF8E7B00F7, firefox, 2018-04-10 09:42:20, contaminated
trace_3.2_fail, 5CD0866C-2CC0-2417-EF62-A70D8815A5D0, firefox, 2018-04-10 09:42:20, contaminated
trace_3.2_fail, 7268075D-538C-6F18-8B24-0454A1BD9410, firefox, 2018-04-10 09:42:20, contaminated
trace_3.2_fail, E09E6DA2-63E1-2473-1734-8251DB4EEACC, firefox, 2018-04-10 09:42:20, contaminated
trace_3.2_fail, 72A94F85-994E-0A8A-3FF9-757FC0F93CDD, firefox, 2018-04-10 09:42:20, contaminated
trace_3.2_fail, 50A0C2E5-C8D0-B129-EEC1-17C7C4FD8189, firefox, 2018-04-10 09:42:20, contaminated
trace_3.2_fail, 99A6F03F-1B79-DA61-AC96-CA7440CDB7EC, firefox, 2018-04-10 09:42:20, contaminated
trace_3.2_fail, 241640FF-DC73-1020-2A79-0A4A2AE03846, firefox, 2018-04-10 09:42:20, contaminated
trace_3.2_fail, 76D930B2-A32D-1081-3195-71069D492A3D, firefox, 2018-04-10 09:42:20, contaminated
trace_3.2_fail, FB137A56-646A-0BC7-4105-8FD39FF5D7EC, firefox, 2018-04-10 09:42:20, contaminated
trace_3.2_fail, 75202B7B-A1B8-6AD7-DB85-B15F59CC2D3D, firefox, 2018-04-10 09:42:20, contaminated
trace_3.2_fail, E4B9E4A4-121E-0004-1BBC-D8C689A2D570, firefox, 2018-04-10 09:42:20, contaminated
trace_3.2_fail, 5D7288DC-AF7F-8398-6F55-FC3F12292942, firefox, 2018-04-10 09:42:20, contaminated
trace_3.2_fail, 2726744A-2BB6-0FA5-D83D-0B40E74392C6, firefox, 2018-04-10 09:42:20, contaminated
trace_3.2_fail, 192165E2-A637-B156-3CF3-114FC5B0D3EC, firefox, 2018-04-10 09:42:20, contaminated
trace_3.2_fail, D3F1F4A2-EBFF-E97D-8243-FDEBFB11E174, firefox, 2018-04-10 09:42:20, contaminated
trace_3.2_fail, 260A5731-385A-0CB5-01FF-306AFD37861B, firefox, 2018-04-10 09:42:20, contaminated
trace_3.2_fail, 2B1412B5-8C02-FB7D-21E5-EF216E7F7EEF, firefox, 2018-04-10 09:42:20, contaminated
trace_3.2_fail, 8936B9A5-5B6D-3F13-64CC-335872FA7EDA, firefox, 2018-04-10 09:42:20, contaminated
trace_3.2_fail, FCAF6766-A10B-E477-C5A0-183FABC39304, firefox, 2018-04-10 09:42:20, contaminated
trace_3.2_fail, 0018B861-EEF9-618A-1856-F2E37BD2080E, firefox, 2018-04-10 09:42:20, contaminated
trace_3.2_fail, 4913795C-7696-A88C-3CEE-D466CA2A7A63, firefox, 2018-04-10 09:42:20, contaminated
trace_3.2_fail, FBB45E6C-45DF-4782-7B49-3FEB1E4634B1, firefox, 2018-04-10 09:42:20, contaminated
trace_3.2_fail, 36328156-4F89-36EE-662A-080DFF804CB4, firefox, 2018-04-10 09:42:20, contaminated
trace_3.2_fail, C9C0F9E1-C60F-3596-43D1-7B0381C02544, firefox, 2018-04-10 09:42:20, contaminated
trace_3.2_fail, 5A9117B4-4352-2FB5-7B80-6CA5CDAD7886, firefox, 2018-04-10 09:42:20, contaminated
trace_3.2_fail, BE2F0E79-8A60-7472-439F-D3B29FC43636, firefox, 2018-04-10 09:42:20, contaminated
trace_3.2_fail, 86FE152C-D398-E4B0-148A-7ABFA3DBEB23, firefox, 2018-04-10 09:42:20, contaminated
trace_3.2_fail, 53CC972F-5452-B280-1B1A-18029529B7CC, firefox, 2018-04-10 09:42:20, contaminated
trace_3.2_fail, 818D4F66-D71D-6D22-60A2-C1DD4EE7D433, firefox, 2018-04-10 09:42:20, contaminated
trace_3.2_fail, BEE798E4-CC9E-F6A7-D386-5D46F773785E, firefox, 2018-04-10 09:42:20, contaminated
trace_3.2_fail, 25263BBC-7AE6-587E-616A-8644D64B921F, firefox, 2018-04-10 09:42:20, contaminated
trace_3.2_fail, C2CC4F33-5327-61E5-953E-9F55AB20E115, firefox, 2018-04-10 09:42:20, contaminated
trace_3.2_fail, 20EB4B6C-F9EB-2E7E-5964-249B678C4C0A, firefox, 2018-04-10 09:42:20, contaminated
trace_3.2_fail, 10894BE6-F466-9F0D-F1ED-3DE0CD93EA66, firefox, 2018-04-10 09:42:20, contaminated
trace_3.2_fail, 1E49ED55-ACF7-03EA-72F6-EB5CF69B1362, firefox, 2018-04-10 09:42:20, contaminated
trace_3.2_fail, 43E17B97-5AF5-7352-195D-473BA42E1F71, firefox, 2018-04-10 09:42:20, contaminated
trace_3.2_fail, 7CBDFAC1-D271-DD0E-FBBB-3662C1346D16, firefox, 2018-04-10 09:42:20, contaminated
trace_3.2_fail, 26906923-0D18-BCD6-94BE-C08E0FE371E9, firefox, 2018-04-10 09:42:20, contaminated
trace_3.2_fail, A5E53EB9-F119-2161-CF2D-5BD1A3CEEC48, firefox, 2018-04-10 09:42:20, contaminated
trace_3.2_fail, 001AE203-05CE-B01B-B00F-3CA2549A222A, firefox, 2018-04-10 09:42:20, contaminated
trace_3.2_fail, 77780DEF-E39C-9EC0-DDEA-4BD215AAA25A, firefox, 2018-04-10 09:42:20, contaminated
trace_3.2_fail, A4A57B8A-CAA4-B20D-8F6D-61AD3FD4D473, firefox, 2018-04-10 09:42:20, contaminated
trace_3.2_fail, C997A41C-362D-07AC-68A2-D22FC070C60A, firefox, 2018-04-10 09:42:20, contaminated
trace_3.2_fail, 892D3593-575C-2478-5F17-21E999A5044B, firefox, 2018-04-10 09:42:20, contaminated
trace_3.2_fail, 65FEB07C-F5C9-7526-686A-A8CAFF6DA51B, firefox, 2018-04-10 09:42:20, contaminated
trace_3.2_fail, C6E401B8-2A13-DB8F-1B8D-8FC93E7A4FD1, firefox, 2018-04-10 09:42:20, contaminated
trace_3.2_fail, 496D059D-841A-1D25-DD35-2EC32138CA1C, firefox, 2018-04-10 09:42:20, contaminated
trace_3.2_fail, 0BBA81EE-8365-2089-BFCA-155B8867D0C1, firefox, 2018-04-10 09:42:20, contaminated
trace_3.2_fail, 248435CF-A46C-2F23-5030-E54BE15DC4E2, firefox, 2018-04-10 09:42:20, contaminated
trace_3.2_fail, 45CB90CE-366B-37B6-9C11-C02B1BAF8366, firefox, 2018-04-10 09:42:20, contaminated
trace_3.2_fail, C6454CAD-8F20-E3BF-8586-183E51F2FCBC, firefox, 2018-04-10 09:42:20, contaminated
trace_3.2_fail, 1726E645-6157-376E-F923-0587884C6AA6, firefox, 2018-04-10 09:42:20, contaminated
trace_3.2_fail, 2101626B-6301-A48C-387F-FFB6A58C57C9, firefox, 2018-04-10 09:42:20, contaminated
trace_3.2_fail, 0B49AD57-3CA4-929A-C581-38B5BA22F979, firefox, 2018-04-10 09:42:20, contaminated
trace_3.2_fail, 7032490A-7898-481E-CC41-E54C141B5991, firefox, 2018-04-10 09:42:20, contaminated
trace_3.2_fail, B4FC4B78-59BB-1244-63D1-D80B0BCC910D, firefox, 2018-04-10 09:42:20, contaminated
trace_3.2_fail, 2278310C-2C1B-06D1-F34A-6FDE7FF708D5, firefox, 2018-04-10 09:42:20, contaminated
trace_3.2_fail, 291C2278-CACF-0E5A-91A7-F6A1D8E3B7DE, firefox, 2018-04-10 09:42:20, contaminated
trace_3.2_fail, 29360A39-C630-D5C2-F2B8-3D148AE5FD4C, firefox, 2018-04-10 09:42:20, contaminated
trace_3.2_fail, E75AB5B9-1A2D-58DA-2F1A-47DBAE8ADA2C, firefox, 2018-04-10 09:42:20, contaminated
trace_3.2_fail, B6864864-1FF6-AB22-23B1-F4611D021AAC, firefox, 2018-04-10 09:42:20, contaminated
trace_3.2_fail, 96C36C2A-B0DC-0D96-8664-4052A97911C7, firefox, 2018-04-10 09:42:20, contaminated
trace_3.2_fail, 306E64E8-C5B9-AE8B-746F-D33AD10BCEB9, firefox, 2018-04-10 09:42:20, contaminated
trace_3.2_fail, 1F9804F4-EBD6-6116-26D1-E7C71ADECB71, firefox, 2018-04-10 09:42:20, contaminated
trace_3.2_fail, DF9811BE-A66E-BFED-18D4-38B31EBF9388, firefox, 2018-04-10 09:42:20, contaminated
trace_3.2_fail, 64FCDE51-D1C8-D8FE-C207-CC69C6E1BDDB, firefox, 2018-04-10 09:42:20, contaminated
trace_3.2_fail, 5F0C63DA-17BE-B09F-9502-64DA6A07AE1E, firefox, 2018-04-10 09:42:20, contaminated
trace_3.2_fail, 077964C5-D0E8-8165-94AB-605607639B1C, firefox, 2018-04-10 09:42:20, contaminated
trace_3.2_fail, B527CF0F-E02B-EB45-38E0-8BEB50DC3A16, firefox, 2018-04-10 09:42:20, contaminated
trace_3.2_fail, EEFB1E04-F816-E75F-6EA8-4F6ABFE7437C, firefox, 2018-04-10 09:42:20, contaminated
trace_3.2_fail, 9BE03C94-391E-C126-4ECC-E8B55BFBA1A9, firefox, 2018-04-10 09:42:20, contaminated
trace_3.2_fail, E3A64101-6ED1-FEB5-64B0-B00B2E6A66F5, firefox, 2018-04-10 09:42:20, contaminated
trace_3.2_fail, D0EB2555-8943-39BE-BE9E-91F90173B131, firefox, 2018-04-10 09:42:20, contaminated
trace_3.2_fail, A737CE15-F14F-0F7A-DABD-2B23B2427B43, firefox, 2018-04-10 09:42:20, contaminated
trace_3.2_fail, F84E122B-9D3D-2CC2-273A-96E7C7172339, firefox, 2018-04-10 09:42:20, contaminated
trace_3.2_fail, 399514C1-C51E-F270-76B9-6DA6D29ADED2, firefox, 2018-04-10 09:42:20, contaminated
trace_3.2_fail, 1C717FB9-85D5-952F-3EDA-86EA3C4E2108, firefox, 2018-04-10 09:42:20, contaminated
trace_3.2_fail, 8538F466-3B8B-FA1C-C341-2E22FB4EE51E, firefox, 2018-04-10 09:42:20, contaminated
trace_3.2_fail, E6143A2F-3219-4726-1842-3B8A3F54834C, firefox, 2018-04-10 09:42:20, contaminated
trace_3.2_fail, 09114D8B-A929-E67A-580C-0FC159F1EDCB, firefox, 2018-04-10 09:42:20, contaminated
trace_3.2_fail, 24ADDA6B-4ADF-B45C-5D26-B227A9606240, firefox, 2018-04-10 09:42:20, contaminated
trace_3.2_fail, 9EC935F7-B7FF-6768-175A-EBA25C94E536, firefox, 2018-04-10 09:42:20, contaminated
trace_3.2_fail, 089C9869-595B-181B-D3A5-A5EBABE0D333, firefox, 2018-04-10 09:42:20, contaminated
trace_3.2_fail, CC50E2DF-4623-76D6-ECEA-AAEFC8EF4B68, firefox, 2018-04-10 09:42:20, contaminated
trace_3.2_fail, 77C4A1B8-C0D5-792D-322B-196725618773, firefox, 2018-04-10 09:42:20, contaminated
trace_3.2_fail, F5A65EE6-111B-0024-7B4C-4AD21C71D44F, firefox, 2018-04-10 09:42:20, contaminated
trace_3.2_fail, C24429D6-ACA3-7214-6B20-6DDC038525CC, firefox, 2018-04-10 09:42:20, contaminated
trace_3.2_fail, F22B99FB-DFE4-D080-4CD0-36249D141CC3, firefox, 2018-04-10 09:42:21, contaminated
trace_3.2_fail, D1E10B7A-F320-F523-0EB6-6C2266D253D8, firefox, 2018-04-10 09:42:21, contaminated
trace_3.2_fail, 516A66EE-27B4-F387-136C-B671D980DC95, firefox, 2018-04-10 09:42:21, contaminated
trace_3.2_fail, F2FBFD2B-AA42-41A4-6639-710D5E08A472, firefox, 2018-04-10 09:42:21, contaminated
trace_3.2_fail, BA6C7BF9-25AD-332C-E74E-FE51203BD1A7, firefox, 2018-04-10 09:42:21, contaminated
trace_3.2_fail, BA494291-10F5-B01E-5128-C7542B9B1788, firefox, 2018-04-10 09:42:21, contaminated
trace_3.2_fail, ABE8D8B9-80E3-FA77-3D43-3F19A5C7233D, firefox, 2018-04-10 09:42:21, contaminated
trace_3.2_fail, 29185F54-C44A-EC2D-65E3-316F8A52C3D1, firefox, 2018-04-10 09:42:21, contaminated
trace_3.2_fail, 5412FB09-2C37-6360-213D-FBE483BAB9B4, firefox, 2018-04-10 09:42:21, contaminated
trace_3.2_fail, BB85B45A-E984-FF93-C79A-388BC796B938, firefox, 2018-04-10 09:42:21, contaminated
trace_3.2_fail, FFCC9E81-8487-D59E-DD5A-F4D7B50B968A, firefox, 2018-04-10 09:42:21, contaminated
trace_3.2_fail, 43B248BE-DE19-5438-F72B-C30F5F4900F1, firefox, 2018-04-10 09:42:21, contaminated
trace_3.2_fail, E58CD796-9534-87E0-C614-42C4628FCBD4, firefox, 2018-04-10 09:42:21, contaminated
trace_3.2_fail, E04038F2-ABDC-A185-FDC6-85AA5EDA9CDB, firefox, 2018-04-10 09:42:21, contaminated
trace_3.2_fail, BF09781E-6E8F-311E-226C-834290E30BF2, firefox, 2018-04-10 09:42:21, contaminated
trace_3.2_fail, 625B97C5-8EEA-73A1-F32C-CED765BEB186, firefox, 2018-04-10 09:42:21, contaminated
trace_3.2_fail, 30D40F9B-12CB-3CD5-0F19-776942E35D58, firefox, 2018-04-10 09:42:21, contaminated
trace_3.2_fail, B74CB76E-4FDA-84F0-DA1E-661135FCD4C8, firefox, 2018-04-10 09:42:21, contaminated
trace_3.2_fail, 9953E922-8194-9712-81C0-0443F8F49092, firefox, 2018-04-10 09:42:21, contaminated
trace_3.2_fail, 09AF16CF-CD58-EF58-F54F-4FAA810B3253, firefox, 2018-04-10 09:42:21, contaminated
trace_3.2_fail, B06FFB54-8E23-8FC5-8985-32475589849D, firefox, 2018-04-10 09:42:21, contaminated
trace_3.2_fail, 3EC8C867-5A2E-3EF9-C2A1-ACD7D8283FF9, firefox, 2018-04-10 09:42:21, contaminated
trace_3.2_fail, F8A88096-E6DC-4EC7-68B7-3E3FCE0C7796, firefox, 2018-04-10 09:42:21, contaminated
trace_3.2_fail, FB85CB29-40C5-487D-9292-19D9E9904E09, firefox, 2018-04-10 09:42:21, contaminated
trace_3.2_fail, 268793C5-141F-4139-5348-0DD52080F525, firefox, 2018-04-10 09:42:21, contaminated
trace_3.2_fail, 35E023D6-3EDA-82D0-196A-18628E09BD3C, firefox, 2018-04-10 09:42:21, contaminated
trace_3.2_fail, 543F3B1B-8D2C-7FF7-1C47-0AAACE956F39, firefox, 2018-04-10 09:42:21, contaminated
trace_3.2_fail, C7A34373-439C-3CD4-9DBE-8FC8290BB925, firefox, 2018-04-10 09:42:21, contaminated
trace_3.2_fail, 635D967B-0E8D-7347-6C3C-290D8C6352B9, firefox, 2018-04-10 09:42:21, contaminated
trace_3.2_fail, C11E4E94-F85B-C6C5-B482-FC1B4A916A44, firefox, 2018-04-10 09:42:21, contaminated
trace_3.2_fail, 330F53E6-1F23-30F8-0FC6-FD08C7E15F4E, firefox, 2018-04-10 09:42:21, contaminated
trace_3.2_fail, EACF774E-4F8F-D012-AEBD-EE38DE52C64D, firefox, 2018-04-10 09:42:21, contaminated
trace_3.2_fail, F06F6897-4CAC-84BD-3C1A-FA04ED2D5077, firefox, 2018-04-10 09:42:21, contaminated
trace_3.2_fail, DD48D7A9-7AFF-E5ED-5619-7F7D93012003, firefox, 2018-04-10 09:42:21, contaminated
trace_3.2_fail, E591F67B-F527-89B0-1B4A-A2D98062AD15, firefox, 2018-04-10 09:42:21, contaminated
trace_3.2_fail, 5A087B35-FBF8-8E48-7F96-C0034A52FE5F, firefox, 2018-04-10 09:42:21, contaminated
trace_3.2_fail, 9585205E-654E-EA99-4426-DB3D3EDE8199, firefox, 2018-04-10 09:42:21, contaminated
trace_3.2_fail, 410587A4-7902-4422-503D-BE9A8F2F6CAF, firefox, 2018-04-10 09:42:21, contaminated
trace_3.2_fail, 7E5F0911-C789-3E70-427F-C658A4CA7876, firefox, 2018-04-10 09:42:21, contaminated
trace_3.2_fail, B7D25AA8-D1CF-F766-7E97-7D86E66C7813, firefox, 2018-04-10 09:42:21, contaminated
trace_3.2_fail, C8578112-6591-986C-6432-3B257749A990, firefox, 2018-04-10 09:42:21, contaminated
trace_3.2_fail, 9FD8BE8D-10D9-BF75-B97F-D92291776592, firefox, 2018-04-10 09:42:21, contaminated
trace_3.2_fail, FD7DD9DA-9A43-DA8A-C964-5B9350F5B09D, firefox, 2018-04-10 09:42:21, contaminated
trace_3.2_fail, 47A2B912-AD7F-C85B-E425-99A83F114D62, firefox, 2018-04-10 09:42:21, contaminated
trace_3.2_fail, DAAC9C69-7683-7388-1991-34992BE89E71, firefox, 2018-04-10 09:42:21, contaminated
trace_3.2_fail, 33FEFAF4-B4B2-CFB8-13DA-7A5FF9B49BF7, firefox, 2018-04-10 09:42:21, contaminated
trace_3.2_fail, 61599209-1140-B9CF-AAE8-FB920CAE6AB9, firefox, 2018-04-10 09:42:21, contaminated
trace_3.2_fail, 89E18694-DFCF-0F35-1DE4-B96535EC1BD1, firefox, 2018-04-10 09:42:21, contaminated
trace_3.2_fail, E73DA744-C3E5-D61D-BB2B-EC4B7935E3EA, firefox, 2018-04-10 09:42:21, contaminated
trace_3.2_fail, A29F68EA-AEA4-9DB4-49B7-E864BB1B56A6, firefox, 2018-04-10 09:42:21, contaminated
trace_3.2_fail, 85E98FCF-5797-58CA-770E-E3F5376012AD, firefox, 2018-04-10 09:42:21, contaminated
trace_3.2_fail, 614B644F-DC7D-3DFC-0A50-4DF72175D3C6, firefox, 2018-04-10 09:42:21, contaminated
trace_3.2_fail, D08AB03E-2482-3915-6144-3881E048AEC1, firefox, 2018-04-10 09:42:21, contaminated
trace_3.2_fail, 25A0C84B-35A7-1B94-E171-584340608317, firefox, 2018-04-10 09:42:21, contaminated
trace_3.2_fail, 02A1F708-B0A7-10AE-A376-2C8C1A35AD71, firefox, 2018-04-10 09:42:21, contaminated
trace_3.2_fail, 36019207-3678-AAF4-F1CD-0687B88BBE01, firefox, 2018-04-10 09:42:21, contaminated
trace_3.2_fail, B511C0AE-8A5C-6E40-071F-2CB6811C687D, firefox, 2018-04-10 09:42:21, contaminated
trace_3.2_fail, DF75E4D2-ADD5-F99C-06E2-6FB055A7D95B, firefox, 2018-04-10 09:42:21, contaminated
trace_3.2_fail, F78A71B1-28C0-3810-12C0-62EB30060CC6, firefox, 2018-04-10 09:42:21, contaminated
trace_3.2_fail, 3B3A253A-191C-D2F2-DEDF-072B6E3EDF5A, firefox, 2018-04-10 09:42:21, contaminated
trace_3.2_fail, F69F9678-7336-BE38-C759-4A0BF7885EF1, firefox, 2018-04-10 09:42:21, contaminated
trace_3.2_fail, 9CF21ABB-D36E-4190-8433-69A40DF2ED35, firefox, 2018-04-10 09:42:21, contaminated
trace_3.2_fail, F073CBF8-DF48-C642-E92B-584CC956EA9D, firefox, 2018-04-10 09:42:21, contaminated
trace_3.2_fail, 90627841-6338-C124-CD9D-19D7FA95E85D, firefox, 2018-04-10 09:42:21, contaminated
trace_3.2_fail, 003E95A9-0F2F-E33A-A0E5-4CAF329E6156, firefox, 2018-04-10 09:42:21, contaminated
trace_3.2_fail, 27CE1A9B-47FA-95BF-B43D-D2E5F3132922, firefox, 2018-04-10 09:42:21, contaminated
trace_3.2_fail, 5C122B7E-EE47-CC6F-FC90-56CCC044E88F, firefox, 2018-04-10 09:42:21, contaminated
trace_3.2_fail, A20E12E6-09DD-089F-4D12-59C74835FEF4, firefox, 2018-04-10 09:42:21, contaminated
trace_3.2_fail, 9BD4C0BC-5653-CD1C-5D3B-4476F7555BBD, firefox, 2018-04-10 09:42:21, contaminated
trace_3.2_fail, DDA564C0-15C0-3C21-D434-9573428AA4E7, firefox, 2018-04-10 09:42:21, contaminated
trace_3.2_fail, 718808A4-6416-74AB-DF4C-AC9C3D02280D, firefox, 2018-04-10 09:42:21, contaminated
trace_3.2_fail, 1BCF510D-8618-1179-B3B0-F267E88C3A4A, firefox, 2018-04-10 09:42:21, contaminated
trace_3.2_fail, C331780B-6B21-327B-E7CE-899D3208B20D, firefox, 2018-04-10 09:42:21, contaminated
trace_3.2_fail, 3B1CBD84-590A-4AD2-52A2-6D734384C089, firefox, 2018-04-10 09:42:21, contaminated
trace_3.2_fail, 059DAC1D-216F-7E88-41B0-9011C4B7935A, firefox, 2018-04-10 09:42:21, contaminated
trace_3.2_fail, 2D61F765-45B3-DA27-0905-B673E2E22288, firefox, 2018-04-10 09:42:21, contaminated
trace_3.2_fail, B3C15BA4-527E-98E4-68C2-34A2AD2F22D4, firefox, 2018-04-10 09:42:21, contaminated
trace_3.2_fail, F63CE996-09CC-E966-66D6-932645C5391C, firefox, 2018-04-10 09:42:21, contaminated
trace_3.2_fail, 052B7499-73B3-1199-D8B7-4E6982527503, firefox, 2018-04-10 09:42:21, contaminated
trace_3.2_fail, 4F9F6CF3-42A0-B5B3-C9F3-F0B93803BD68, firefox, 2018-04-10 09:42:21, contaminated
trace_3.2_fail, DA075D3D-648C-03AF-6727-9B709D000EB2, firefox, 2018-04-10 09:42:21, contaminated
trace_3.2_fail, 1594A488-98F8-1511-EF3A-29003D3CFBFB, firefox, 2018-04-10 09:42:21, contaminated
trace_3.2_fail, BB803763-F80D-45A4-7E7B-F355FB7AB505, firefox, 2018-04-10 09:42:21, contaminated
trace_3.2_fail, E34E0790-78D9-20BD-60E1-8DE147A3929E, firefox, 2018-04-10 09:42:21, contaminated
trace_3.2_fail, 40867FBD-4F80-4FEB-49D8-3ABEFD01308E, firefox, 2018-04-10 09:42:21, contaminated
trace_3.2_fail, 0AB8C26C-4355-E568-C1AB-A14DDBD89C5C, firefox, 2018-04-10 09:42:21, contaminated
trace_3.2_fail, 5CE45CEC-DB55-CA8F-541F-8FBA27302859, firefox, 2018-04-10 09:42:21, contaminated
trace_3.2_fail, 1F337D34-CCDA-E490-DFDF-8A41172C7A59, firefox, 2018-04-10 09:42:21, contaminated
trace_3.2_fail, 4978322B-4953-BF22-A3D1-FBA66A04A7F6, firefox, 2018-04-10 09:42:21, contaminated
trace_3.2_fail, 7FC59183-2CE3-4EB6-F7EE-8B0B2781910D, firefox, 2018-04-10 09:42:21, contaminated
trace_3.2_fail, 8BF1B3A3-F006-511D-1D5C-8A1D410439A2, firefox, 2018-04-10 09:42:21, contaminated
trace_3.2_fail, C744A061-16EA-247E-1217-1304A06FAD51, firefox, 2018-04-10 09:42:21, contaminated
trace_3.2_fail, 63138908-10E7-518E-E0A7-81C7C4BD37AE, firefox, 2018-04-10 09:42:21, contaminated
trace_3.2_fail, 78651E03-9769-86C6-A752-02476A7841AD, firefox, 2018-04-10 09:42:21, contaminated
trace_3.2_fail, 5E6E5174-8825-0FE7-9D34-DE19B4FFD682, firefox, 2018-04-10 09:42:21, contaminated
trace_3.2_fail, CDFF6F6B-F092-D48A-D474-C2ED9FB217D7, firefox, 2018-04-10 09:42:21, contaminated
trace_3.2_fail, 4BC9FE7B-4EEC-B038-0A8D-5DB207607F1F, firefox, 2018-04-10 09:42:21, contaminated
trace_3.2_fail, F6691361-0A14-EEF6-6601-8787FBD06815, firefox, 2018-04-10 09:42:21, contaminated
trace_3.2_fail, 48209C40-7598-C421-9510-C8C2A39A49F4, firefox, 2018-04-10 09:42:21, contaminated
trace_3.2_fail, 25A5EF4D-0FC1-E861-EACD-65D1081BBC06, firefox, 2018-04-10 09:42:21, contaminated
trace_3.2_fail, CB01C784-DA2B-FE3B-93E0-38345D83565E, firefox, 2018-04-10 09:42:21, contaminated
trace_3.2_fail, 37D5505D-4846-BA49-EA4A-33D63A8BA2FB, firefox, 2018-04-10 09:42:21, contaminated
trace_3.2_fail, BB72C7F5-BD5C-9A67-917A-F6C87BDE8ADC, firefox, 2018-04-10 09:42:21, contaminated
trace_3.2_fail, FAFBF339-8265-3653-EF5A-7ABB8324CE0A, firefox, 2018-04-10 09:42:21, contaminated
trace_3.2_fail, A5C38C6D-2EF8-C6F6-EDF8-548004A9CF3A, firefox, 2018-04-10 09:42:21, contaminated
trace_3.2_fail, 57A7C5E9-780B-4EB0-85FD-B6836A26353B, firefox, 2018-04-10 09:42:21, contaminated
trace_3.2_fail, 16C0B482-B49B-F788-B4B4-D42B7CA6C1FB, firefox, 2018-04-10 09:42:21, contaminated
trace_3.2_fail, 47214495-D24D-767C-6928-9D42DC0ADA5A, firefox, 2018-04-10 09:42:21, contaminated
trace_3.2_fail, 808D356D-FDF5-FBF6-46C8-14153ECA4966, firefox, 2018-04-10 09:42:21, contaminated
trace_3.2_fail, 0A7EABE1-6D19-17C3-E3EF-021A8639FA80, firefox, 2018-04-10 09:42:21, contaminated
trace_3.2_fail, 88BAD58E-8E8B-03E9-B7A6-535963F77047, firefox, 2018-04-10 09:42:21, contaminated
trace_3.2_fail, DDD8E475-2DEF-E2AB-0A7A-BE3B85C44DC9, firefox, 2018-04-10 09:42:21, contaminated
trace_3.2_fail, 6F76C34F-8FDF-B590-6CD5-879E0AE92032, firefox, 2018-04-10 09:42:21, contaminated
trace_3.2_fail, 53C8E5B4-D100-AE1E-FE02-69B505ACBCAC, firefox, 2018-04-10 09:42:21, contaminated
trace_3.2_fail, C46A9694-0557-00DC-E5AE-C754D8037FB1, firefox, 2018-04-10 09:42:21, contaminated
trace_3.2_fail, 40319E80-8BB0-7D0E-E476-D01DF93DC422, firefox, 2018-04-10 09:42:21, contaminated
trace_3.2_fail, 2A782051-1920-6A5F-4433-70C3B6D6DEB5, firefox, 2018-04-10 09:42:21, contaminated
trace_3.2_fail, B7B2A26B-6AE0-8E89-71C2-96590AEFBD1C, firefox, 2018-04-10 09:42:21, contaminated
trace_3.2_fail, 08364048-FB9B-490A-B708-E1500072D19C, firefox, 2018-04-10 09:42:21, contaminated
trace_3.2_fail, 48B6711E-6278-2BD9-6BFE-63A0DC0145B2, firefox, 2018-04-10 09:42:21, contaminated
trace_3.2_fail, 7CBE630F-7593-E839-2283-E413C5DB9A58, firefox, 2018-04-10 09:42:21, contaminated
trace_3.2_fail, 9B33763F-8DE7-5D43-FF3A-555CD29F5D50, firefox, 2018-04-10 09:42:21, contaminated
trace_3.2_fail, 8F02DF27-AC8B-C70B-B7C6-D6A792D63E53, firefox, 2018-04-10 09:42:21, contaminated
trace_3.2_fail, FDD54048-16CB-B8D1-B84F-AEED6E5568E4, firefox, 2018-04-10 09:42:21, contaminated
trace_3.2_fail, B058985C-96C9-6EB9-5C6D-A1103B73CF3C, firefox, 2018-04-10 09:42:21, contaminated
trace_3.2_fail, C016A1E8-4449-99FC-A061-6B0EBD64E116, firefox, 2018-04-10 09:42:21, contaminated
trace_3.2_fail, 52FE3675-1A7F-522D-5F9A-50AA467944D9, firefox, 2018-04-10 09:42:21, contaminated
trace_3.2_fail, EFDB1ABD-418B-BEF4-04EF-B94EBC2B3174, firefox, 2018-04-10 09:42:21, contaminated
trace_3.2_fail, 295E3F66-3020-168C-3A81-5AF003B23CDF, firefox, 2018-04-10 09:42:21, contaminated
trace_3.2_fail, 6C6F387A-F5E3-0104-033D-75E4689CA682, firefox, 2018-04-10 09:42:21, contaminated
trace_3.2_fail, A25AF044-77BA-4108-97E0-8C4C321410EC, firefox, 2018-04-10 09:42:21, contaminated
trace_3.2_fail, AE9949E2-70B7-BBDB-DD69-7B36691B4CF9, firefox, 2018-04-10 09:42:21, contaminated
trace_3.2_fail, 15E5A961-6DC7-FBC8-6EC8-85867DC84D55, firefox, 2018-04-10 09:42:21, contaminated
trace_3.2_fail, BD613819-B64B-FE45-A776-8825C1A5C080, firefox, 2018-04-10 09:42:21, contaminated
trace_3.2_fail, C955C88C-51BE-A3CF-A9DA-C01B52853ECE, firefox, 2018-04-10 09:42:21, contaminated
trace_3.2_fail, 5CB6FD6B-E963-84F2-6399-FDEF7A404114, firefox, 2018-04-10 09:42:21, contaminated
trace_3.2_fail, 708C0AA6-BAD4-1C0C-8641-55600A1EDFB9, firefox, 2018-04-10 09:42:21, contaminated
trace_3.2_fail, 7F11B5BA-0A44-3B43-8C1A-3B2CE0214222, firefox, 2018-04-10 09:42:21, contaminated
trace_3.2_fail, 4F49D557-BE4D-4D37-A898-584FE2AB8668, firefox, 2018-04-10 09:42:21, contaminated
trace_3.2_fail, C888E69D-4DC8-20F7-6BC6-81166FA19C04, firefox, 2018-04-10 09:42:21, contaminated
trace_3.2_fail, EC4A0E7F-0D3A-A810-E9C9-D7DE85D5D0A1, firefox, 2018-04-10 09:42:21, contaminated
trace_3.2_fail, 69481530-F5CF-2979-EA0B-DF8EB74892AD, firefox, 2018-04-10 09:42:21, contaminated
trace_3.2_fail, 54EF50B1-4C70-2221-3CB7-C43531D47517, firefox, 2018-04-10 09:42:21, contaminated
trace_3.2_fail, 065E5D6E-FB5F-8AD1-E831-53626178CEB2, firefox, 2018-04-10 09:42:21, contaminated
trace_3.2_fail, A6EC881E-6457-2255-E29F-A1DF08881820, firefox, 2018-04-10 09:42:21, contaminated
trace_3.2_fail, D3CFA82F-C334-183D-51CE-3D91596BDE9B, firefox, 2018-04-10 09:42:21, contaminated
trace_3.2_fail, 6B54CBEA-DEFA-6834-6E27-07455080506A, firefox, 2018-04-10 09:42:21, contaminated
trace_3.2_fail, 775ECE2E-323B-083F-2912-53F6765BE0F4, firefox, 2018-04-10 09:42:21, contaminated
trace_3.2_fail, B406B2E2-C349-6AFF-9D26-92A38BD1E199, firefox, 2018-04-10 09:42:21, contaminated
trace_3.2_fail, F37F00E8-B26C-C4CB-D554-20BDC1507CDF, firefox, 2018-04-10 09:42:21, contaminated
trace_3.2_fail, B63ED069-2EFA-3AC1-1D0C-E268037A06E8, firefox, 2018-04-10 09:42:21, contaminated
trace_3.2_fail, 01497182-86F3-0629-7549-D1B568E53A0A, firefox, 2018-04-10 09:42:21, contaminated
trace_3.2_fail, ECCB2204-58F6-44F6-6AAE-63A8B8E66009, firefox, 2018-04-10 09:42:21, contaminated
trace_3.2_fail, 0ECE22CB-0E50-FC68-913C-037D8BA86910, firefox, 2018-04-10 09:42:21, contaminated
trace_3.2_fail, 8D728845-6DAB-4D7F-4BC9-08B98E57BB9E, firefox, 2018-04-10 09:42:21, contaminated
trace_3.2_fail, 5DCFCA68-5A47-F8C7-A435-09110832FDFC, firefox, 2018-04-10 09:42:21, contaminated
trace_3.2_fail, 0DD7637B-2958-573A-7069-3F77E327C310, firefox, 2018-04-10 09:42:21, contaminated
trace_3.2_fail, 84EED52B-65A6-76FD-46E2-C919446BC12E, firefox, 2018-04-10 09:42:21, contaminated
trace_3.2_fail, 046E8F43-4D4C-A057-4E49-B9E548DAAE1D, firefox, 2018-04-10 09:42:21, contaminated
trace_3.2_fail, 18CAB26E-9BFC-B8A3-03AC-11A2EA1E5E03, firefox, 2018-04-10 09:42:21, contaminated
trace_3.2_fail, EFFCD08C-2F92-C26D-945B-E7251C8AB264, firefox, 2018-04-10 09:42:21, contaminated
trace_3.2_fail, C41B504C-3D9B-B040-26CE-4DE35378337C, firefox, 2018-04-10 09:42:21, contaminated
trace_3.2_fail, 83519E5C-BCE3-CC3A-D878-342DEC2BC885, firefox, 2018-04-10 09:42:21, contaminated
trace_3.2_fail, 1EFFEFD5-8D88-D1FC-5F9B-9BA13DDED2BD, firefox, 2018-04-10 09:42:21, contaminated
trace_3.2_fail, 121D6DF7-54F9-B8BD-A1C3-CA65F2EF4744, firefox, 2018-04-10 09:42:21, contaminated
trace_3.2_fail, DD36C979-F3D9-BFAD-D109-7D011128F8BF, firefox, 2018-04-10 09:42:21, contaminated
trace_3.2_fail, 7E1B4A1A-6274-A88C-3200-D60A9A5D8D2E, firefox, 2018-04-10 09:42:21, contaminated
trace_3.2_fail, 02E82326-F400-E0A5-6AFE-27D305C3DA0A, firefox, 2018-04-10 09:42:21, contaminated
trace_3.2_fail, C80C986E-845F-9760-47EC-BCC3272B7DE5, firefox, 2018-04-10 09:42:21, contaminated
trace_3.2_fail, 9B77ABC9-33E6-4D9B-21F3-8C0F9E66B17B, firefox, 2018-04-10 09:42:21, contaminated
trace_3.2_fail, 220F4BD6-5455-5620-54F4-9A5F4A0AAA7A, firefox, 2018-04-10 09:42:21, contaminated
trace_3.2_fail, E5220628-608B-06E1-B22B-EF2BB91D3D2E, firefox, 2018-04-10 09:42:21, contaminated
trace_3.2_fail, EC07FB76-52F5-A951-9331-798DFAE651CE, firefox, 2018-04-10 09:42:21, contaminated
trace_3.2_fail, 7114527A-6194-6AFF-00CD-2BC6FC40F378, firefox, 2018-04-10 09:42:21, contaminated
trace_3.2_fail, 5F32E641-631D-16E8-6A1D-04A818F9A0DA, firefox, 2018-04-10 09:42:21, contaminated
trace_3.2_fail, 816BE941-9F6E-0E28-9EEE-407D994B35B7, firefox, 2018-04-10 09:42:21, contaminated
trace_3.2_fail, B25C655C-41F1-BDA4-27FC-5A3752277279, firefox, 2018-04-10 09:42:21, contaminated
trace_3.2_fail, 8F9F606F-6929-39FE-FEEA-812208BE8214, firefox, 2018-04-10 09:42:21, contaminated
trace_3.2_fail, 2C2C5594-CCF9-E48E-E81D-0209DF90500F, firefox, 2018-04-10 09:42:21, contaminated
trace_3.2_fail, 9D42BEE6-9C97-3365-BB0D-21E7C7299117, firefox, 2018-04-10 09:42:21, contaminated
trace_3.2_fail, FB5EFE87-FC1F-9828-509C-B697EAC8B0A3, firefox, 2018-04-10 09:42:21, contaminated
trace_3.2_fail, 76DCC4E0-EC83-3030-4B9D-165C44ABD56B, firefox, 2018-04-10 09:42:21, contaminated
trace_3.2_fail, 74A95FF0-192F-8C41-6578-7819676B1374, firefox, 2018-04-10 09:42:21, contaminated
trace_3.2_fail, DE670C51-D19F-6F12-9E24-9A36FA9BB6B2, firefox, 2018-04-10 09:42:21, contaminated
trace_3.2_fail, F5E133AA-1E93-F509-D1F8-D9AE31C240BA, firefox, 2018-04-10 09:42:21, contaminated
trace_3.2_fail, 2FFBF9B6-7FD1-B317-5177-5DA221462F65, firefox, 2018-04-10 09:42:21, contaminated
trace_3.2_fail, 6D04D5D7-B7B5-3596-2368-60601769858D, firefox, 2018-04-10 09:42:21, contaminated
trace_3.2_fail, 4EF1DA18-FE50-87BE-E7A0-8F14A76D3132, firefox, 2018-04-10 09:42:21, contaminated
trace_3.2_fail, C2A4EC19-4290-A291-87F8-859AFCB5A6E3, firefox, 2018-04-10 09:42:21, contaminated
trace_3.2_fail, CF30D8C7-CB71-FA74-3E53-835DA286D3CE, firefox, 2018-04-10 09:42:21, contaminated
trace_3.2_fail, 1237A692-CA26-D033-174D-D7C70800B7CC, firefox, 2018-04-10 09:42:21, contaminated
trace_3.2_fail, 7576A720-E3D1-CA65-F798-9279EBC28B7E, firefox, 2018-04-10 09:42:21, contaminated
trace_3.2_fail, 95A843A8-C010-726E-2E21-CEA80B88D236, firefox, 2018-04-10 09:42:21, contaminated
trace_3.2_fail, 7EE5F9FA-49CD-4F7D-8DA0-A77AA2D0D9E9, firefox, 2018-04-10 09:42:21, contaminated
trace_3.2_fail, B3BD870D-19EC-5A29-9C44-6D29CABA130D, firefox, 2018-04-10 09:42:21, contaminated
trace_3.2_fail, BF676470-3DA0-EFA8-AA01-1A2C83F761F9, firefox, 2018-04-10 09:42:21, contaminated
trace_3.2_fail, E950196E-6AF7-8AB1-2858-0835A41E15E6, firefox, 2018-04-10 09:42:21, contaminated
trace_3.2_fail, C06E1669-DC01-1D1B-AFFC-5C8BBEA2A314, firefox, 2018-04-10 09:42:21, contaminated
trace_3.2_fail, E2F835E6-93E2-9B95-DC9C-56F543745523, firefox, 2018-04-10 09:42:21, contaminated
trace_3.2_fail, 8B70CB39-1F99-7BB2-463A-BFA62C1B34EF, firefox, 2018-04-10 09:42:21, contaminated
trace_3.2_fail, EF363878-97B4-B4C4-5D39-72373EDD4CC3, firefox, 2018-04-10 09:42:21, contaminated
trace_3.2_fail, 7618F133-73DC-198F-2CEB-5D68612CF23C, firefox, 2018-04-10 09:42:21, contaminated
trace_3.2_fail, 43D8AFDA-E417-DAE3-D263-E8A6D0E47243, firefox, 2018-04-10 09:42:21, contaminated
trace_3.2_fail, B0BA08BD-09D7-089F-E04B-3AD55EF28BA5, firefox, 2018-04-10 09:42:21, contaminated
trace_3.2_fail, 98045BC7-7B83-AF20-D8FE-677B87809964, firefox, 2018-04-10 09:42:21, contaminated
trace_3.2_fail, 5C538F53-DE7A-6EC8-7A98-62C2652CE176, firefox, 2018-04-10 09:42:21, contaminated
trace_3.2_fail, C23A655D-654D-7D36-5D05-909BEB707C57, firefox, 2018-04-10 09:42:21, contaminated
trace_3.2_fail, A5465039-69E0-ADD1-4179-5101FF87E27A, firefox, 2018-04-10 09:42:21, contaminated
trace_3.2_fail, D8E69992-389C-7B2B-8FA1-15FAA3DB2F53, firefox, 2018-04-10 09:42:21, contaminated
trace_3.2_fail, 03229224-E7CB-BE9F-A65D-EC6CF26DB10F, firefox, 2018-04-10 09:42:21, contaminated
trace_3.2_fail, A43A310E-235C-23E0-6800-378195563062, firefox, 2018-04-10 09:42:21, contaminated
trace_3.2_fail, EA1D2DE7-9F24-21F2-1802-5A598DFF28D7, firefox, 2018-04-10 09:42:21, contaminated
trace_3.2_fail, A265D2C5-FF95-6DF6-D401-BE57B0614B90, firefox, 2018-04-10 09:42:21, contaminated
trace_3.2_fail, 2E2BF256-9BC2-91FE-8D49-195924EF435C, firefox, 2018-04-10 09:42:21, contaminated
trace_3.2_fail, E90D2AD4-DD66-6919-407F-FAFCCCA6B522, firefox, 2018-04-10 09:42:21, contaminated
trace_3.2_fail, 2E23457E-E657-4EC8-BEF8-7CCBBEB56976, firefox, 2018-04-10 09:42:21, contaminated
trace_3.2_fail, 08C70D24-2404-B12B-1A92-58B0125BBD39, firefox, 2018-04-10 09:42:21, contaminated
trace_3.2_fail, 489234AC-0B28-2DA6-FF32-AFF3D99E60EE, firefox, 2018-04-10 09:42:21, contaminated
trace_3.2_fail, 158D080A-BD93-8ADA-67A6-A8758776B070, firefox, 2018-04-10 09:42:21, contaminated
trace_3.2_fail, 46023FDA-C975-1226-B162-8B8DB17064E8, firefox, 2018-04-10 09:42:21, contaminated
trace_3.2_fail, 6212990C-D00E-FF30-D08F-B8FD8D39DB57, firefox, 2018-04-10 09:42:21, contaminated
trace_3.2_fail, F0ACF586-3D34-7F87-FC7B-AEE5CC97DA13, firefox, 2018-04-10 09:42:21, contaminated
trace_3.2_fail, DB14394E-70D3-6FC8-EB07-C9A404C3E3C5, firefox, 2018-04-10 09:42:21, contaminated
trace_3.2_fail, 88BC39E7-2153-30FF-0FF1-B6162209923D, firefox, 2018-04-10 09:42:21, contaminated
trace_3.2_fail, 365A7EAC-00EE-F9C9-C823-632E51982B98, firefox, 2018-04-10 09:42:21, contaminated
trace_3.2_fail, A89F7F8A-7307-4F42-D319-FEAAC6D34941, firefox, 2018-04-10 09:42:21, contaminated
trace_3.2_fail, CF675E24-910F-B07F-6BF6-B43493482212, firefox, 2018-04-10 09:42:21, contaminated
trace_3.2_fail, 008CCE78-A800-8461-0FC6-76CBFC1DDE4B, firefox, 2018-04-10 09:42:21, contaminated
trace_3.2_fail, BA720A48-F975-2BC8-DB19-5588FD4905CE, firefox, 2018-04-10 09:42:21, contaminated
trace_3.2_fail, 53BC561E-F45C-8B15-6A98-4691CB0FE58D, firefox, 2018-04-10 09:42:21, contaminated
trace_3.2_fail, 7EBBB9B2-E35B-C795-18A5-9B58F72D61D0, firefox, 2018-04-10 09:42:21, contaminated
trace_3.2_fail, 57666F4A-729A-BA40-429B-51A03AAF56D7, firefox, 2018-04-10 09:42:21, contaminated
trace_3.2_fail, B79EFCB2-F93F-9201-EE07-5D90DD01C4DB, firefox, 2018-04-10 09:42:21, contaminated
trace_3.2_fail, 368C504F-546F-9F5D-A66B-AE89A7BC7D2E, firefox, 2018-04-10 09:42:21, contaminated
trace_3.2_fail, 8EDD8924-B246-9EDB-DD7D-E7AD04D533E8, firefox, 2018-04-10 09:42:21, contaminated
trace_3.2_fail, C84DFE07-B660-1D7D-4E6B-69066F203361, firefox, 2018-04-10 09:42:21, contaminated
trace_3.2_fail, E8EF7C9B-64E5-3411-5EB4-951108199653, firefox, 2018-04-10 09:42:21, contaminated
trace_3.2_fail, 136A6595-780B-9F29-7910-9F865574452F, firefox, 2018-04-10 09:42:21, contaminated
trace_3.2_fail, B7C31173-EA2F-FDEE-51F4-F455E71D39C0, firefox, 2018-04-10 09:42:21, contaminated
trace_3.2_fail, 96744ECB-7CE8-D425-9D30-903A51935C97, firefox, 2018-04-10 09:42:21, contaminated
trace_3.2_fail, F97A13B9-B104-EFAB-4B8F-E42FDD036DCE, firefox, 2018-04-10 09:42:21, contaminated
trace_3.2_fail, 5EC6B1B4-9400-08EA-607C-A3DFDB6E99B0, firefox, 2018-04-10 09:42:21, contaminated
trace_3.2_fail, 86D2E79B-5AB1-F1C0-3958-5C633CF6A37A, firefox, 2018-04-10 09:42:21, contaminated
trace_3.2_fail, AAAD4BFE-56FA-4401-6D0A-57E4F6B21CF5, firefox, 2018-04-10 09:42:21, contaminated
trace_3.2_fail, 1E1A20CD-F3A9-06D9-058D-ECB8945F0820, firefox, 2018-04-10 09:42:21, contaminated
trace_3.2_fail, A814064C-B556-E778-7811-581B1904D58A, firefox, 2018-04-10 09:42:21, contaminated
trace_3.2_fail, 0DA3F56D-D5F3-18DA-E5E0-00EA255E848B, firefox, 2018-04-10 09:42:21, contaminated
trace_3.2_fail, 2CFE1B26-B06D-3F1B-2BDC-FC134457065F, firefox, 2018-04-10 09:42:21, contaminated
trace_3.2_fail, 7F60AC91-64C5-64FD-D8D5-25E26AA51452, firefox, 2018-04-10 09:42:21, contaminated
trace_3.2_fail, B2948152-3107-D094-3D82-AB92B1143CED, firefox, 2018-04-10 09:42:21, contaminated
trace_3.2_fail, CF38014B-E76F-3B9F-E4A2-D143F87F430F, firefox, 2018-04-10 09:42:21, contaminated
trace_3.2_fail, 7D4E0988-3F4C-0A4C-41B2-3F569EB0074C, firefox, 2018-04-10 09:42:21, contaminated
trace_3.2_fail, 73E14C4F-DE20-7675-1C32-E5FB21FE6707, firefox, 2018-04-10 09:42:21, contaminated
trace_3.2_fail, 5DA870EF-F347-CA83-92BD-38B9E553FA60, firefox, 2018-04-10 09:42:21, contaminated
trace_3.2_fail, 44059AA3-3EDC-744D-B46C-5DFA46F50A5B, firefox, 2018-04-10 09:42:21, contaminated
trace_3.2_fail, 9FE93F40-AE9B-C116-C62C-2C20C0CE0D9B, firefox, 2018-04-10 09:42:21, contaminated
trace_3.2_fail, 783E2396-BD27-E1DA-65DA-824289A16CEA, firefox, 2018-04-10 09:42:21, contaminated
trace_3.2_fail, D1692BB0-98E1-4856-559E-B10DB3B7E0DA, firefox, 2018-04-10 09:42:21, contaminated
trace_3.2_fail, 0002780F-164C-ED51-D79C-96872868AE51, firefox, 2018-04-10 09:42:21, contaminated
trace_3.2_fail, FCD77295-7044-1E7C-31AA-E3940B2F63B9, firefox, 2018-04-10 09:42:21, contaminated
trace_3.2_fail, BF55399C-382E-084D-03DF-4F3B4ACA9D3B, firefox, 2018-04-10 09:42:21, contaminated
trace_3.2_fail, 3E8D5F32-F669-C071-73B8-CD5326510610, firefox, 2018-04-10 09:42:21, contaminated
trace_3.2_fail, A6B29DA2-F9EA-1BB0-6243-75E2F06C14A9, firefox, 2018-04-10 09:42:21, contaminated
trace_3.2_fail, 86023B5F-62F1-A766-0F7C-36E4DCE603D0, firefox, 2018-04-10 09:42:21, contaminated
trace_3.2_fail, BD8CACEA-8991-BA34-9A60-53AFDF36E2E1, firefox, 2018-04-10 09:42:21, contaminated
trace_3.2_fail, 401A14B5-B36B-D8C1-0BDA-7B5ABBB54109, firefox, 2018-04-10 09:42:21, contaminated
trace_3.2_fail, AF65947B-1BA0-912A-28D5-2878E0EBCAB6, firefox, 2018-04-10 09:42:21, contaminated
trace_3.2_fail, E3902B30-9086-AEE4-35A1-8A4E820BFC91, firefox, 2018-04-10 09:42:21, contaminated
trace_3.2_fail, 59062CE3-BB01-6065-D7F2-F3C8F8C283C6, firefox, 2018-04-10 09:42:21, contaminated
trace_3.2_fail, E3B02CE1-5B8E-560F-77CB-298A10254CB2, firefox, 2018-04-10 09:42:21, contaminated
trace_3.2_fail, CEE42BDC-7F86-75E3-1F7C-BCC00AA5C600, firefox, 2018-04-10 09:42:21, contaminated
trace_3.2_fail, 0D45DC20-4703-04C0-7EBE-F2B14AB707E9, firefox, 2018-04-10 09:42:21, contaminated
trace_3.2_fail, 2210BCB8-3695-B1F8-E35B-4320A89E5438, firefox, 2018-04-10 09:42:21, contaminated
trace_3.2_fail, 82749211-4A58-2882-FD38-A469FB49E816, firefox, 2018-04-10 09:42:21, contaminated
trace_3.2_fail, 2B32AEBA-94B2-DF88-C6CB-A933F104D6A4, firefox, 2018-04-10 09:42:21, contaminated
trace_3.2_fail, 9856D400-425B-9DB3-C483-8527BDD49D01, firefox, 2018-04-10 09:42:21, contaminated
trace_3.2_fail, EB7FBC97-E961-0C04-29E9-ACB9EE23B0BF, firefox, 2018-04-10 09:42:21, contaminated
trace_3.2_fail, CE04FB93-9945-75F7-A0AB-8253B5FAB43C, firefox, 2018-04-10 09:42:21, contaminated
trace_3.2_fail, 510926EA-F14E-903F-16A6-8F6219991794, firefox, 2018-04-10 09:42:21, contaminated
trace_3.2_fail, 8C2C5AB9-9050-3CF3-B9E9-FE5732414DB1, firefox, 2018-04-10 09:42:21, contaminated
trace_3.2_fail, 0437C726-42C8-DE49-6FA2-A7D0C6EE1925, firefox, 2018-04-10 09:42:21, contaminated
trace_3.2_fail, 7FA0EF35-8FC0-6074-1076-9F86F9CF2AFF, firefox, 2018-04-10 09:42:21, contaminated
trace_3.2_fail, 10906CCD-3057-5EE4-F945-81049DD31019, firefox, 2018-04-10 09:42:21, contaminated
trace_3.2_fail, 5945029B-B59B-F281-68FD-C4D91FA507C5, firefox, 2018-04-10 09:42:21, contaminated
trace_3.2_fail, 33F6A1A6-E53C-1509-0F9A-4C0DCF0165F0, firefox, 2018-04-10 09:42:21, contaminated
trace_3.2_fail, FDE9BF18-B114-E913-7224-90FB2A7659C0, firefox, 2018-04-10 09:42:21, contaminated
trace_3.2_fail, 7FD188A2-9054-13F0-B81E-D6C15E627348, firefox, 2018-04-10 09:42:21, contaminated
trace_3.2_fail, EC8464E6-DC40-AEED-EDC6-51C5BB894507, firefox, 2018-04-10 09:42:21, contaminated
trace_3.2_fail, E0B08EAC-A72E-9B35-EE5F-45D33030B20C, firefox, 2018-04-10 09:42:21, contaminated
trace_3.2_fail, 480605FD-05CA-6C1D-DE18-FE80CB4AE7EF, firefox, 2018-04-10 09:42:21, contaminated
trace_3.2_fail, 4F043EFD-E162-F3B3-31F3-74B65E465A00, firefox, 2018-04-10 09:42:21, contaminated
trace_3.2_fail, AE249E45-EC63-2601-604A-07226D1DEBF1, firefox, 2018-04-10 09:42:21, contaminated
trace_3.2_fail, 13DE9A76-85B0-BEE6-F6B1-3E4D9A87BD77, firefox, 2018-04-10 09:42:21, contaminated
trace_3.2_fail, 6E2CB801-C9A6-6443-40CB-E6444C66CABE, firefox, 2018-04-10 09:42:21, contaminated
trace_3.2_fail, ADE44514-8737-1D4A-5550-4A1B997B9466, firefox, 2018-04-10 09:42:21, contaminated
trace_3.2_fail, BFE41BF5-00C1-FD71-D076-EBB8F11C7DE2, firefox, 2018-04-10 09:42:21, contaminated
trace_3.2_fail, 463F9DA4-EBAE-03CE-D62C-23382CD8AA0E, firefox, 2018-04-10 09:42:21, contaminated
trace_3.2_fail, 02999FAD-47A5-2AE0-84A7-D7AB0158CDB4, firefox, 2018-04-10 09:42:21, contaminated
trace_3.2_fail, 349F9EA5-132B-014A-EB1A-6A32C0F0D83B, firefox, 2018-04-10 09:42:21, contaminated
trace_3.2_fail, E30287AD-0DF8-1E41-1D73-C77BF47E4E6E, firefox, 2018-04-10 09:42:21, contaminated
trace_3.2_fail, 550C178E-9AFF-B245-4688-73C578EF34B2, firefox, 2018-04-10 09:42:21, contaminated
trace_3.2_fail, 09C4CB3A-2326-3D20-069A-FAB0DEA28AAB, firefox, 2018-04-10 09:42:21, contaminated
trace_3.2_fail, CC9A2332-5DA7-4B35-F37E-6B9F194E8BB9, firefox, 2018-04-10 09:42:21, contaminated
trace_3.2_fail, 41DB4149-2107-5FAD-126A-16D54CE42C72, firefox, 2018-04-10 09:42:21, contaminated
trace_3.2_fail, 5A4A3E94-68BA-BA60-2280-63E536EBC557, firefox, 2018-04-10 09:42:21, contaminated
trace_3.2_fail, 44EADE40-208D-C1B2-9AA5-D0B2FACB2129, firefox, 2018-04-10 09:42:21, contaminated
trace_3.2_fail, A627DA57-5B68-0B57-F7C4-6088858D6EC9, firefox, 2018-04-10 09:42:21, contaminated
trace_3.2_fail, 9C9F44E1-30EE-EE70-3E6E-A721D64F72AC, firefox, 2018-04-10 09:42:21, contaminated
trace_3.2_fail, C43AF22D-7EE2-02A1-0BE8-2D7E9884A1AF, firefox, 2018-04-10 09:42:21, contaminated
trace_3.2_fail, 30125E2C-E27C-8AB5-5E71-DEAB7059E4FB, firefox, 2018-04-10 09:42:21, contaminated
trace_3.2_fail, F227003E-14D5-4156-84FF-5721DA35E885, firefox, 2018-04-10 09:42:21, contaminated
trace_3.2_fail, C701FC6F-F0AF-2320-16C1-5183ADE562EB, firefox, 2018-04-10 09:42:21, contaminated
trace_3.2_fail, 56507BBA-0042-8D5F-A321-2C76C1F1D6E4, firefox, 2018-04-10 09:42:21, contaminated
trace_3.2_fail, 9662B8B0-9455-A5D2-F776-270047942547, firefox, 2018-04-10 09:42:21, contaminated
trace_3.2_fail, 7133FF11-AABD-7CAF-53D5-C8C79FE2F4A8, firefox, 2018-04-10 09:42:21, contaminated
trace_3.2_fail, 6058BFAB-82ED-6C39-2619-961D5C94F4B8, firefox, 2018-04-10 09:42:21, contaminated
trace_3.2_fail, D0B876B6-8AA1-312E-CB3C-7986D16ACE73, firefox, 2018-04-10 09:42:21, contaminated
trace_3.2_fail, FE1BF161-E928-8432-37E4-F208D0B636B8, firefox, 2018-04-10 09:42:21, contaminated
trace_3.2_fail, BE7DDDF8-D608-6703-6EB2-B0C22468DE65, firefox, 2018-04-10 09:42:21, contaminated
trace_3.2_fail, EFA8D41F-5188-762E-7156-58B6A64772D6, firefox, 2018-04-10 09:42:21, contaminated
trace_3.2_fail, C6049CA2-A10C-5F0B-B6C3-453AF5BD01DD, firefox, 2018-04-10 09:42:21, contaminated
trace_3.2_fail, 7F31FCA4-C63E-01B2-39D2-BD7681529CEB, firefox, 2018-04-10 09:42:21, contaminated
trace_3.2_fail, 0172627E-A4B2-2780-A75F-5276999322CB, firefox, 2018-04-10 09:42:21, contaminated
trace_3.2_fail, 735E9CBA-A40D-FD7C-2CAA-9A148C3F8E07, firefox, 2018-04-10 09:42:21, contaminated
trace_3.2_fail, 7416E60D-97C1-22F1-DA25-0FA83EDB8D58, firefox, 2018-04-10 09:42:21, contaminated
trace_3.2_fail, F20D899A-EAB8-281D-2154-6181DA9C0C80, firefox, 2018-04-10 09:42:21, contaminated
trace_3.2_fail, F6C1AE9F-B899-2EAC-545D-141246865E60, firefox, 2018-04-10 09:42:21, contaminated
trace_3.2_fail, 63CDFF2E-1FCA-A576-756C-7E6027B25F84, firefox, 2018-04-10 09:42:21, contaminated
trace_3.2_fail, 2F5927BE-3423-35FD-3325-5D3517B0AC9B, firefox, 2018-04-10 09:42:21, contaminated
trace_3.2_fail, 20A54A51-4705-23D9-5FEC-6035B1C1AB7C, firefox, 2018-04-10 09:42:21, contaminated
trace_3.2_fail, F023C3D7-56D8-9BE3-DC4A-3C2BDF7CEFAF, firefox, 2018-04-10 09:42:21, contaminated
trace_3.2_fail, 416A54EC-59D6-8184-F8FC-EC38B73DD0FB, firefox, 2018-04-10 09:42:21, contaminated
trace_3.2_fail, 0444E575-97AB-8DB8-6AE4-92C12EB4E4D3, firefox, 2018-04-10 09:42:21, contaminated
trace_3.2_fail, DFA01F38-8357-FD44-A134-2AEAE409DB4A, firefox, 2018-04-10 09:42:21, contaminated
trace_3.2_fail, 637232B2-8B13-924E-4600-7664DE8075CB, firefox, 2018-04-10 09:42:21, contaminated
trace_3.2_fail, 40F2CC54-628E-CF00-5D25-C2BE945448CA, firefox, 2018-04-10 09:42:21, contaminated
trace_3.2_fail, 495528EF-44B2-5721-3FC6-65DA9459A16F, firefox, 2018-04-10 09:42:21, contaminated
trace_3.2_fail, 1320252D-80DF-0EC0-C4E9-47F706FF92EE, firefox, 2018-04-10 09:42:21, contaminated
trace_3.2_fail, 99C660A3-5F3F-12CD-4606-C0F83209AC24, firefox, 2018-04-10 09:42:21, contaminated
trace_3.2_fail, 635FB0D9-5007-40E9-686C-A9693505C766, firefox, 2018-04-10 09:42:21, contaminated
trace_3.2_fail, 1B1A57E9-8780-E067-044A-872D80C9B818, firefox, 2018-04-10 09:42:21, contaminated
trace_3.2_fail, 3E9115C4-47B1-B0BD-7B24-3795B3A0D98D, firefox, 2018-04-10 09:42:21, contaminated
trace_3.2_fail, 49324388-7371-52A6-D414-CFD667238398, firefox, 2018-04-10 09:42:21, contaminated
trace_3.2_fail, 4EADA280-3EB7-40B1-28B3-0EF5927E481D, firefox, 2018-04-10 09:42:21, contaminated
trace_3.2_fail, 4AF6C5E3-1939-D57B-0C00-60D083B91A68, firefox, 2018-04-10 09:42:21, contaminated
trace_3.2_fail, F5D05078-778D-9898-3427-AE86C117C30E, firefox, 2018-04-10 09:42:21, contaminated
trace_3.2_fail, BA894F3D-22C1-CD25-3C7C-D22EE333165D, firefox, 2018-04-10 09:42:21, contaminated
trace_3.2_fail, AEFE042B-D62E-0DA6-B6D9-95951F042FC7, firefox, 2018-04-10 09:42:21, contaminated
trace_3.2_fail, E8681C6E-DAEF-B169-129E-2FA7F3703265, firefox, 2018-04-10 09:42:21, contaminated
trace_3.2_fail, 1B967466-8EB4-C17D-0F91-E1A4E74FAEC2, firefox, 2018-04-10 09:42:21, contaminated
trace_3.2_fail, DA6AF590-C049-EB4D-C74A-1D183ABED5D3, firefox, 2018-04-10 09:42:21, contaminated
trace_3.2_fail, 267B5F4A-0CF8-801A-297F-7C066552A0C9, firefox, 2018-04-10 09:42:21, contaminated
trace_3.2_fail, 177EB1A3-884B-A968-372D-B43984BE3585, firefox, 2018-04-10 09:42:21, contaminated
trace_3.2_fail, C804430F-9CDE-BDB4-7E1B-06E13796D4FB, firefox, 2018-04-10 09:42:21, contaminated
trace_3.2_fail, 8EC2F34E-22BC-CA04-E2DE-561A48EF41A7, firefox, 2018-04-10 09:42:21, contaminated
trace_3.2_fail, 144184B6-EE60-6379-4413-7075C7E3AE02, firefox, 2018-04-10 09:42:21, contaminated
trace_3.2_fail, 6F347A0E-D557-8E80-0DB4-FB3B8DCEAB54, firefox, 2018-04-10 09:42:21, contaminated
trace_3.2_fail, 89996119-FC0B-C517-AAD2-BADE471AC4A6, firefox, 2018-04-10 09:42:21, contaminated
trace_3.2_fail, E56B0779-1B6B-7E16-4149-E9FE1E917FE5, firefox, 2018-04-10 09:42:21, contaminated
trace_3.2_fail, 742A8312-AC64-DBF1-B9C5-5296A3CAA1C3, firefox, 2018-04-10 09:42:21, contaminated
trace_3.2_fail, 6D0C6D4A-10DA-203E-E58B-34F677B08EDB, firefox, 2018-04-10 09:42:21, contaminated
trace_3.2_fail, EDD28A7B-ADA7-2EC2-B429-B63DDA5A4BE9, firefox, 2018-04-10 09:42:21, contaminated
trace_3.2_fail, 2FE984AC-7D3B-0BDB-43F9-16836B4CFB89, firefox, 2018-04-10 09:42:21, contaminated
trace_3.2_fail, D82D4834-BDD3-79F3-3BF9-C550B6A6E07D, firefox, 2018-04-10 09:42:21, contaminated
trace_3.2_fail, BB6F7885-A3CF-3B0E-A299-10BECF957788, firefox, 2018-04-10 09:42:21, contaminated
trace_3.2_fail, 0408D051-71ED-6DD5-7AD0-2D30B80F5D6E, firefox, 2018-04-10 09:42:21, contaminated
trace_3.2_fail, C1DD703D-C70B-74C4-6AA5-880109C1340E, firefox, 2018-04-10 09:42:21, contaminated
trace_3.2_fail, D9DC54B4-397B-DECA-60D3-7450DA0AFE99, firefox, 2018-04-10 09:42:21, contaminated
trace_3.2_fail, 1F677218-5972-B892-037A-37D4FD2F5E14, firefox, 2018-04-10 09:42:21, contaminated
trace_3.2_fail, 89A40862-A523-1DFA-6645-7915754ED6C4, firefox, 2018-04-10 09:42:21, contaminated
trace_3.2_fail, 414F5FCC-1CA4-DDA0-76D0-1546DD9355C7, firefox, 2018-04-10 09:42:21, contaminated
trace_3.2_fail, 44D01B4A-E90E-98F5-D2BF-67AC60C3D9B3, firefox, 2018-04-10 09:42:21, contaminated
trace_3.2_fail, 16561A48-C53B-E09A-482E-663B17414A11, firefox, 2018-04-10 09:42:21, contaminated
trace_3.2_fail, 1F21C809-088F-541D-3230-E467B81ED3F2, firefox, 2018-04-10 09:42:21, contaminated
trace_3.2_fail, 7E53D6CA-77F4-1EDF-0D8C-35F1E76F30B4, firefox, 2018-04-10 09:42:21, contaminated
trace_3.2_fail, F527A0A5-D6C3-8593-E7A0-1461AC0D6B22, firefox, 2018-04-10 09:42:21, contaminated
trace_3.2_fail, 63F5BBE5-784B-689D-C8E9-1A3688B98CFA, firefox, 2018-04-10 09:42:21, contaminated
trace_3.2_fail, C9DF6E1C-10EF-E2E7-D3B0-5F2C5AC1B996, firefox, 2018-04-10 09:42:21, contaminated
trace_3.2_fail, 9626247D-7205-CF81-2999-252028316F9B, firefox, 2018-04-10 09:42:21, contaminated
trace_3.2_fail, F69B7F3F-1647-A294-9056-AE13F33BA2A7, firefox, 2018-04-10 09:42:21, contaminated
trace_3.2_fail, B62251DC-CFC0-7014-4D18-C948C722CAC6, firefox, 2018-04-10 09:42:21, contaminated
trace_3.2_fail, EA9F571F-B4A2-4E5A-05A1-CB89C1676F31, firefox, 2018-04-10 09:42:21, contaminated
trace_3.2_fail, C3140745-AAA7-9693-15DB-E615C4FBF44D, firefox, 2018-04-10 09:42:21, contaminated
trace_3.2_fail, 00AAC175-C7C2-F177-4521-A2F2362B762C, firefox, 2018-04-10 09:42:21, contaminated
trace_3.2_fail, 107279BE-6B3F-592C-A379-36A3C7CFBC9E, firefox, 2018-04-10 09:42:21, contaminated
trace_3.2_fail, 6526D4B0-002C-999E-485B-793B4210DE44, firefox, 2018-04-10 09:42:21, contaminated
trace_3.2_fail, B186E701-3AE2-B351-40A8-983A0080054B, firefox, 2018-04-10 09:42:21, contaminated
trace_3.2_fail, E35B009B-5B1C-63BC-02D2-56E287C7D48C, firefox, 2018-04-10 09:42:21, contaminated
trace_3.2_fail, DDF826C1-A2FB-EAEC-5EF0-CFD02EAEB19B, firefox, 2018-04-10 09:42:21, contaminated
trace_3.2_fail, 966E92AE-FCD0-6E4A-0472-71D7154538A5, firefox, 2018-04-10 09:42:21, contaminated
trace_3.2_fail, A1F53E77-A3C9-B3C7-0711-F0DABBB571DF, firefox, 2018-04-10 09:42:21, contaminated
trace_3.2_fail, FF4F873B-E8A7-A095-59A6-4AAF57B84EE8, firefox, 2018-04-10 09:42:21, contaminated
trace_3.2_fail, 8C10B826-E8C0-2451-1560-3D2F58B29F17, firefox, 2018-04-10 09:42:21, contaminated
trace_3.2_fail, 6A1F7F22-8E57-3327-9D60-17D7D9F0EB5D, firefox, 2018-04-10 09:42:21, contaminated
trace_3.2_fail, 7CA422E6-5B21-9575-8857-014EA5ABEE50, firefox, 2018-04-10 09:42:21, contaminated
trace_3.2_fail, 1A2F7FE5-02BE-8462-8A71-BCE99FD7CB09, firefox, 2018-04-10 09:42:21, contaminated
trace_3.2_fail, 34A39839-649D-A947-005A-3C830AA74753, firefox, 2018-04-10 09:42:21, contaminated
trace_3.2_fail, 9B937FC4-2D26-5E2E-AE11-95CF813EFFAB, firefox, 2018-04-10 09:42:21, contaminated
trace_3.2_fail, 8B32B584-8F32-F1AF-AEF6-87EA4A6E75E4, firefox, 2018-04-10 09:42:21, contaminated
trace_3.2_fail, 4AAFB5AD-D301-2033-6CBC-B2BEC8B4D503, firefox, 2018-04-10 09:42:21, contaminated
trace_3.2_fail, EBC793E8-C2B1-3A5C-A764-796CE0DB598C, firefox, 2018-04-10 09:42:21, contaminated
trace_3.2_fail, A9D02EF1-A252-D04C-0BE0-93759C0AF105, firefox, 2018-04-10 09:42:21, contaminated
trace_3.2_fail, 5A808946-455A-33D0-2A2F-C72086AE14E6, firefox, 2018-04-10 09:42:21, contaminated
trace_3.2_fail, 5EC4C168-ABA3-2C2A-CD5F-0F2F495C3601, firefox, 2018-04-10 09:42:21, contaminated
trace_3.2_fail, FE1CC808-DAE3-9029-1196-68326BDD9DCC, firefox, 2018-04-10 09:42:21, contaminated
trace_3.2_fail, 44CA354A-07FC-D0DF-CC5A-3B80D076E8B8, firefox, 2018-04-10 09:42:21, contaminated
trace_3.2_fail, 50AAEAA0-6E76-E1BF-3F24-9C92785645F0, firefox, 2018-04-10 09:42:21, contaminated
trace_3.2_fail, 8788F608-66A9-9730-00CF-25E78AE227A1, firefox, 2018-04-10 09:42:21, contaminated
trace_3.2_fail, 249A23E5-33E6-B7C2-068B-A6463E9759AF, firefox, 2018-04-10 09:42:21, contaminated
trace_3.2_fail, 17A13155-BBD6-5944-314C-31D9DD85DFE6, firefox, 2018-04-10 09:42:21, contaminated
trace_3.2_fail, 4F601773-CF44-9D6A-9AAC-277CDE61152D, firefox, 2018-04-10 09:42:21, contaminated
trace_3.2_fail, 77BCC04E-DD13-39BD-744F-4DC40EC59647, firefox, 2018-04-10 09:42:21, contaminated
trace_3.2_fail, 89D4D5CC-947D-8311-9835-10FADDFD7FC2, firefox, 2018-04-10 09:42:21, contaminated
trace_3.2_fail, 70C6DD89-D50F-8911-50E9-C1CFD49A3E6F, firefox, 2018-04-10 09:42:21, contaminated
trace_3.2_fail, 2A2D33F5-605D-216D-55C8-C0BD952CB469, firefox, 2018-04-10 09:42:21, contaminated
trace_3.2_fail, E1713BAC-C2BA-59E7-088E-1B15209A0715, firefox, 2018-04-10 09:42:21, contaminated
trace_3.2_fail, 8B7E5F72-78F8-D730-1EA4-59003AA674F5, firefox, 2018-04-10 09:42:21, contaminated
trace_3.2_fail, 07BFC3D9-55F5-1226-57BA-BFE07B730152, firefox, 2018-04-10 09:42:21, contaminated
trace_3.2_fail, 7AA1EF12-CE74-F517-15EA-EE37D00F1CB4, firefox, 2018-04-10 09:42:21, contaminated
trace_3.2_fail, 3D473F1B-DE8C-E78E-849B-088DFDA7941D, firefox, 2018-04-10 09:42:21, contaminated
trace_3.2_fail, 3147F294-6CB1-FB54-1367-CF6232CE7D96, firefox, 2018-04-10 09:42:21, contaminated
trace_3.2_fail, D66DB18B-D1F4-7C56-27DC-BBCF017B4A0E, firefox, 2018-04-10 09:42:21, contaminated
trace_3.2_fail, DEB73741-0B12-FC2B-F28E-D8E971C97C6A, firefox, 2018-04-10 09:42:21, contaminated
trace_3.2_fail, 3FED6AA7-94D7-11B1-2464-8FE73FEEBB85, firefox, 2018-04-10 09:42:21, contaminated
trace_3.2_fail, EC06B2FE-F831-F5A3-55DE-D9637B7240DF, firefox, 2018-04-10 09:42:21, contaminated
trace_3.2_fail, CD77FB74-8DE9-FBE5-05F1-C766EC453264, firefox, 2018-04-10 09:42:21, contaminated
trace_3.2_fail, 9F935668-B99F-49A5-080F-B8F5248F7962, firefox, 2018-04-10 09:42:21, contaminated
trace_3.2_fail, 7E2374D6-449C-281C-BCFF-30D9CBA1783E, firefox, 2018-04-10 09:42:21, contaminated
trace_3.2_fail, A5313224-32FE-B1C0-00E9-0A30BA38C30B, firefox, 2018-04-10 09:42:21, contaminated
trace_3.2_fail, FCEF72E7-F712-AC24-5C98-847EC0E3EF30, firefox, 2018-04-10 09:42:21, contaminated
trace_3.2_fail, 526B4EA5-F9DA-9E92-F888-661D41A87BA2, firefox, 2018-04-10 09:42:21, contaminated
trace_3.2_fail, A4BAAC21-07A8-8814-0E89-DC9A9A4FFE56, firefox, 2018-04-10 09:42:21, contaminated
trace_3.2_fail, D607DAB2-B8A9-5709-DF65-EE0D1C0E62AE, firefox, 2018-04-10 09:42:21, contaminated
trace_3.2_fail, 6ABB111C-2CCA-B7CE-A1F5-9612319953D1, firefox, 2018-04-10 09:42:21, contaminated
trace_3.2_fail, 8F7F6A32-E7BF-C749-B1AD-51160DC8A1CE, firefox, 2018-04-10 09:42:21, contaminated
trace_3.2_fail, A5EA117C-4C93-E300-8248-126B5FF079E5, firefox, 2018-04-10 09:42:21, contaminated
trace_3.2_fail, 3290E41D-303E-FF06-CEDF-221148CF41C7, firefox, 2018-04-10 09:42:21, contaminated
trace_3.2_fail, A8595E2F-2A27-5B8B-7820-9E759499EA1C, firefox, 2018-04-10 09:42:21, contaminated
trace_3.2_fail, AEEA7CB8-867B-4360-4AA7-C574007D95FB, firefox, 2018-04-10 09:42:21, contaminated
trace_3.2_fail, B981E797-7D5F-AAA8-D488-B960AD68DC21, firefox, 2018-04-10 09:42:21, contaminated
trace_3.2_fail, 563D7423-303E-56DE-C829-8C934FCAD1FB, firefox, 2018-04-10 09:42:21, contaminated
trace_3.2_fail, 2A3D8AC1-AEF8-1F0C-6F33-7C7629F199E1, firefox, 2018-04-10 09:42:21, contaminated
trace_3.2_fail, 3CD91F27-912A-BD0A-504C-1F2F324249CC, firefox, 2018-04-10 09:42:21, contaminated
trace_3.2_fail, 9C3DE37B-71C6-32F0-6176-E96711553ED6, firefox, 2018-04-10 09:42:21, contaminated
trace_3.2_fail, 5CD60384-99CA-8D8B-7BF2-94AF12B41B40, firefox, 2018-04-10 09:42:21, contaminated
trace_3.2_fail, BED4BC07-0028-B80B-EC77-90F2167A7827, firefox, 2018-04-10 09:42:21, contaminated
trace_3.2_fail, E8116C5A-3910-0FF0-FFD5-3D4BC2347FF2, firefox, 2018-04-10 09:42:21, contaminated
trace_3.2_fail, 022A41E7-7709-0F20-5209-0C3FDBEF2C16, firefox, 2018-04-10 09:42:21, contaminated
trace_3.2_fail, FCE5F64A-173E-F2EA-014A-74D5DFAB495B, firefox, 2018-04-10 09:42:21, contaminated
trace_3.2_fail, 760409BF-E07F-38D1-B7EA-04A72C691F71, firefox, 2018-04-10 09:42:21, contaminated
trace_3.2_fail, 9B17B644-2868-4505-AE2B-C748DA386948, firefox, 2018-04-10 09:42:21, contaminated
trace_3.2_fail, 956BF52B-7B15-DBB0-8D71-E8A68F220585, firefox, 2018-04-10 09:42:21, contaminated
trace_3.2_fail, 1F7E96D4-DC4F-1178-76A3-BB55C2935141, firefox, 2018-04-10 09:42:21, contaminated
trace_3.2_fail, B872FC4A-42BD-9E15-C62F-A4BE62B8E171, firefox, 2018-04-10 09:42:21, contaminated
trace_3.2_fail, 6212CE85-CB3D-15F5-C04D-64770295223C, firefox, 2018-04-10 09:42:21, contaminated
trace_3.2_fail, 199C9614-D66B-84F7-09C9-7C5F56A84480, firefox, 2018-04-10 09:42:21, contaminated
trace_3.2_fail, D4CBD4EB-741D-9D14-9FC4-AA732581CCF5, firefox, 2018-04-10 09:42:21, contaminated
trace_3.2_fail, 65A631FB-06B4-25F0-6C32-BAF5E55A4400, firefox, 2018-04-10 09:42:21, contaminated
trace_3.2_fail, 9401BA1C-25D3-58F9-D21F-0523919F088A, firefox, 2018-04-10 09:42:21, contaminated
trace_3.2_fail, B26C748A-72B6-D199-6C93-9400DE4CEC6B, firefox, 2018-04-10 09:42:21, contaminated
trace_3.2_fail, 58299BFF-72BC-92E8-A367-828D1DC82FC4, firefox, 2018-04-10 09:42:21, contaminated
trace_3.2_fail, 626B2B2A-9101-5C71-7602-9308C56C250F, firefox, 2018-04-10 09:42:21, contaminated
trace_3.2_fail, 6E419549-F148-8B3B-9A74-7299C722999D, firefox, 2018-04-10 09:42:21, contaminated
trace_3.2_fail, AD44BAE7-3F20-3831-201B-5C0270FB3C92, firefox, 2018-04-10 09:42:21, contaminated
trace_3.2_fail, 7B255837-D4C8-D96B-E521-5231E818FF27, firefox, 2018-04-10 09:42:21, contaminated
trace_3.2_fail, 7F2FA6E1-94A3-D16F-325C-B15D26666DEB, firefox, 2018-04-10 09:42:21, contaminated
trace_3.2_fail, D06C8322-A16A-A14E-6266-D6254A890724, firefox, 2018-04-10 09:42:21, contaminated
trace_3.2_fail, 6CC4EFE2-3BE7-C3E4-C969-937FC076D0E6, firefox, 2018-04-10 09:42:21, contaminated
trace_3.2_fail, C7F0E0B4-FE69-3D8D-0B1E-F4BFC3AFA80C, firefox, 2018-04-10 09:42:21, contaminated
trace_3.2_fail, 9ED280FD-29E0-DE57-BAD2-B1B550CF7282, firefox, 2018-04-10 09:42:21, contaminated
trace_3.2_fail, 781E181A-CC70-CB0B-68C3-B0D4E073C057, firefox, 2018-04-10 09:42:21, contaminated
trace_3.2_fail, A1ABAF19-9B35-58D3-1051-492C5B8E80DD, firefox, 2018-04-10 09:42:21, contaminated
trace_3.2_fail, 7C8E1E14-8F2B-545C-CD15-56983784113C, firefox, 2018-04-10 09:42:21, contaminated
trace_3.2_fail, 046146A8-0C9B-8AE9-B849-3744485E2025, firefox, 2018-04-10 09:42:21, contaminated
trace_3.2_fail, 7FE0AF4A-A81D-E46A-F23C-04F3ACF26838, firefox, 2018-04-10 09:42:21, contaminated
trace_3.2_fail, 33B5AC05-3C1F-C115-2C66-4EEDFD5813F6, firefox, 2018-04-10 09:42:21, contaminated
trace_3.2_fail, 0E80D10D-92FB-D8E7-DB31-27F718BF21A3, firefox, 2018-04-10 09:42:21, contaminated
trace_3.2_fail, 7F079B57-928F-748F-B274-399C49403F0F, firefox, 2018-04-10 09:42:21, contaminated
trace_3.2_fail, 23FBF4AE-98B4-D53B-0287-388B6F12036D, firefox, 2018-04-10 09:42:21, contaminated
trace_3.2_fail, D290BC34-6442-9407-B624-985AB53C1B7B, firefox, 2018-04-10 09:42:21, contaminated
trace_3.2_fail, 9B757C56-609C-0B1C-844B-38EB8966BA2A, firefox, 2018-04-10 09:42:21, contaminated
trace_3.2_fail, 0F691E1F-633F-30CB-7499-D6E335FC1399, firefox, 2018-04-10 09:42:21, contaminated
trace_3.2_fail, 4A9B5066-2BA4-C980-EA94-9DE0BD7E856A, firefox, 2018-04-10 09:42:21, contaminated
trace_3.2_fail, 0CE1D3CA-5A23-B268-FFC8-871C93E681B0, firefox, 2018-04-10 09:42:21, contaminated
trace_3.2_fail, 749A2D75-2A54-FD77-EF93-7B9514614ADA, firefox, 2018-04-10 09:42:21, contaminated
trace_3.2_fail, 706092A8-F9A5-0DAE-EAB8-8EBE258D2CB0, firefox, 2018-04-10 09:42:21, contaminated
trace_3.2_fail, F326265F-B341-E28A-B3C9-D653C8BEC733, firefox, 2018-04-10 09:42:21, contaminated
trace_3.2_fail, FE1DCFEC-88A6-D779-6492-B14E1C51D31E, firefox, 2018-04-10 09:42:21, contaminated
trace_3.2_fail, CA2E5079-43E5-6F74-B6FC-B922513FD7D1, firefox, 2018-04-10 09:42:21, contaminated
trace_3.2_fail, 56BBB65A-4379-A48E-13B8-25E650FE89C9, firefox, 2018-04-10 09:42:21, contaminated
trace_3.2_fail, 3E4FE776-5638-0C72-B9C7-9A2CCB536814, firefox, 2018-04-10 09:42:21, contaminated
trace_3.2_fail, 41789051-7AAC-4E0A-31F4-4834A3F54EE0, firefox, 2018-04-10 09:42:21, contaminated
trace_3.2_fail, 3B1CB981-C415-A5E1-07D8-054BC194D410, firefox, 2018-04-10 09:42:21, contaminated
trace_3.2_fail, 0133DB13-DB1F-A3C3-9A46-165B413B0D76, firefox, 2018-04-10 09:42:21, contaminated
trace_3.2_fail, B5469C7E-FDC7-FA65-2EAE-361B33FEBA8D, firefox, 2018-04-10 09:42:21, contaminated
trace_3.2_fail, 76CD8305-AB68-B17C-1495-7CEE43C2E0BE, firefox, 2018-04-10 09:42:21, contaminated
trace_3.2_fail, 04C594F3-7585-A5EF-002D-E3FB571EE26B, firefox, 2018-04-10 09:42:21, contaminated
trace_3.2_fail, 040C9AF8-5283-F011-ABD9-542EE47C6DB0, firefox, 2018-04-10 09:42:21, contaminated
trace_3.2_fail, 6CE203EC-BC72-FCF7-B8A3-66C508028B6C, firefox, 2018-04-10 09:42:21, contaminated
trace_3.2_fail, E0BF13AF-7E3A-87FB-37F2-6A68E4B98290, firefox, 2018-04-10 09:42:21, contaminated
trace_3.2_fail, 53504F66-8071-EDBD-229B-B747E6E21BFA, firefox, 2018-04-10 09:42:21, contaminated
trace_3.2_fail, 73C35849-CBD8-0922-CFED-355E205FB652, firefox, 2018-04-10 09:42:21, contaminated
trace_3.2_fail, B46C01CC-DD08-B48E-CAA0-AD58532528A7, firefox, 2018-04-10 09:42:21, contaminated
trace_3.2_fail, 9FC9D264-D853-4033-50C0-E7FE59003831, firefox, 2018-04-10 09:42:21, contaminated
trace_3.2_fail, 3EC74981-C6DA-8377-DE97-C2F4894FF1EC, firefox, 2018-04-10 09:42:21, contaminated
trace_3.2_fail, F40448DB-1BD5-B023-4318-935EE47C34AF, firefox, 2018-04-10 09:42:21, contaminated
trace_3.2_fail, 7A9834CF-B92A-F1C1-8973-1FC7C57848D2, firefox, 2018-04-10 09:42:21, contaminated
trace_3.2_fail, 062E5E5E-AAFD-0A65-2276-84536FC4894B, firefox, 2018-04-10 09:42:21, contaminated
trace_3.2_fail, 1D405C1D-F2A1-0D40-5EA3-DAC76C09EE8E, firefox, 2018-04-10 09:42:21, contaminated
trace_3.2_fail, 26737636-EC33-0AF6-C32A-AEFCA192C1DC, firefox, 2018-04-10 09:42:21, contaminated
trace_3.2_fail, 697D98FD-9D4A-D394-C62E-4114CC0E1F81, firefox, 2018-04-10 09:42:21, contaminated
trace_3.2_fail, 8F3D1213-3EBD-A294-B2AA-ED33D674DA23, firefox, 2018-04-10 09:42:21, contaminated
trace_3.2_fail, 3D074A7C-1CA2-B518-C3E9-696B0D212607, firefox, 2018-04-10 09:42:21, contaminated
trace_3.2_fail, F10813AD-9426-4CAA-63BB-800953EC5F2E, firefox, 2018-04-10 09:42:21, contaminated
trace_3.2_fail, 1B84E313-DE86-C46D-7AE4-2EF2186FB9C7, firefox, 2018-04-10 09:42:21, contaminated
trace_3.2_fail, FC015558-2656-8D9A-5E6C-D9AAE3BDDA41, firefox, 2018-04-10 09:42:21, contaminated
trace_3.2_fail, B83AB390-6350-B24D-4CAB-BD8C091F7595, firefox, 2018-04-10 09:42:21, contaminated
trace_3.2_fail, DA40A73C-47E6-1961-5E0B-64FD9AB5E4FE, firefox, 2018-04-10 09:42:21, contaminated
trace_3.2_fail, 0039076A-D985-6378-36D7-BA87577CC177, firefox, 2018-04-10 09:42:21, contaminated
trace_3.2_fail, 6426879C-B944-A147-F4B3-97658B651AFD, firefox, 2018-04-10 09:42:21, contaminated
trace_3.2_fail, C76CD225-F542-C766-7442-8925775A2E61, firefox, 2018-04-10 09:42:21, contaminated
trace_3.2_fail, A84AED03-0BCB-3873-D764-501DC8083601, firefox, 2018-04-10 09:42:21, contaminated
trace_3.2_fail, E6C16EB4-4CF4-2985-5602-EF334222C249, firefox, 2018-04-10 09:42:21, contaminated
trace_3.2_fail, 997187BF-C3E9-47FC-18DF-FBFDE9168625, firefox, 2018-04-10 09:42:21, contaminated
trace_3.2_fail, 432B71BE-93F9-A1F0-32A9-77F4807BBF98, firefox, 2018-04-10 09:42:21, contaminated
trace_3.2_fail, CE52B954-F21A-0CF4-A08E-12A061D42681, firefox, 2018-04-10 09:42:21, contaminated
trace_3.2_fail, 23AC77B9-1CE5-78CA-0706-13C3EB245F9B, firefox, 2018-04-10 09:42:21, contaminated
trace_3.2_fail, 57CC32B2-02BB-55AA-D585-12B608105EB1, firefox, 2018-04-10 09:42:21, contaminated
trace_3.2_fail, 316D814D-E063-277A-110F-91A5F096B2C4, firefox, 2018-04-10 09:42:21, contaminated
trace_3.2_fail, 1DABD1BE-AB4E-2769-35D5-F85B460326CD, firefox, 2018-04-10 09:42:21, contaminated
trace_3.2_fail, 2B21D8EB-955E-AF8F-485D-5875BB2D2634, firefox, 2018-04-10 09:42:21, contaminated
trace_3.2_fail, 703FBB86-494C-3AE2-15A7-9337B019B988, firefox, 2018-04-10 09:42:21, contaminated
trace_3.2_fail, 9F1452EA-FD80-7989-6124-7528D0AEDC98, firefox, 2018-04-10 09:42:21, contaminated
trace_3.2_fail, A2C68C24-4A84-0314-6D0D-58253E391653, firefox, 2018-04-10 09:42:21, contaminated
trace_3.2_fail, BA8A57C9-6B7D-F93E-9284-BB61350161E6, firefox, 2018-04-10 09:42:21, contaminated
trace_3.2_fail, 86DE7586-11C2-0123-FE7B-9F94C4013FBF, firefox, 2018-04-10 09:42:21, contaminated
trace_3.2_fail, F5DB750A-C554-076B-D4C4-5E8350C6CFA8, firefox, 2018-04-10 09:42:21, contaminated
trace_3.2_fail, 75D8BDB7-ECA0-0FF5-D712-C8F8708CB51B, firefox, 2018-04-10 09:42:21, contaminated
trace_3.2_fail, 72D72EF6-EBB5-973A-108F-B696069A7609, firefox, 2018-04-10 09:42:21, contaminated
trace_3.2_fail, C8DD5E88-EDCB-35EB-9100-375FBA593272, firefox, 2018-04-10 09:42:21, contaminated
trace_3.2_fail, 3E233E3E-E495-33B7-46DF-E06BBC0DECE9, firefox, 2018-04-10 09:42:21, contaminated
trace_3.2_fail, FCBBDBB9-9F45-D4EA-DC88-5DEC112CF088, firefox, 2018-04-10 09:42:21, contaminated
trace_3.2_fail, BFDF307E-212A-7435-8C1D-8704F55613F0, firefox, 2018-04-10 09:42:21, contaminated
trace_3.2_fail, 08878AF5-D2E2-C7B1-9EB8-C046E11512D2, firefox, 2018-04-10 09:42:21, contaminated
trace_3.2_fail, 9C36B044-0702-C1E9-4209-D47BC6E7D0DE, firefox, 2018-04-10 09:42:21, contaminated
trace_3.2_fail, 57DBD151-4F3C-79C2-6437-0FC9CDF26449, firefox, 2018-04-10 09:42:21, contaminated
trace_3.2_fail, DF6DDB66-369E-3174-B925-666CE9FB82B8, firefox, 2018-04-10 09:42:21, contaminated
trace_3.2_fail, 3DA81A2F-07F3-7350-EAED-85B0B7E10256, firefox, 2018-04-10 09:42:21, contaminated
trace_3.2_fail, 8AD45283-F2CB-712C-D776-9077DEBF31BC, firefox, 2018-04-10 09:42:21, contaminated
trace_3.2_fail, 35B3F05A-5605-5E8C-B9AF-6EA7DD65C6A8, firefox, 2018-04-10 09:42:21, contaminated
trace_3.2_fail, D3553059-C911-B81E-1FD2-816E7B49A26E, firefox, 2018-04-10 09:42:21, contaminated
trace_3.2_fail, 97D03B49-C443-53B5-9F5D-0E2E82DE0CB1, firefox, 2018-04-10 09:42:21, contaminated
trace_3.2_fail, 450BE6C0-A5F1-4FA3-A46A-7F3420FEF7D0, firefox, 2018-04-10 09:42:21, contaminated
trace_3.2_fail, 7E8EC4D8-F808-23FD-FA6B-418BB6B1367D, firefox, 2018-04-10 09:42:21, contaminated
trace_3.2_fail, 3EB67561-95FB-69FF-936E-F779A91116F1, firefox, 2018-04-10 09:42:21, contaminated
trace_3.2_fail, 51425F65-CB1E-F987-E257-8EF24F608680, firefox, 2018-04-10 09:42:21, contaminated
trace_3.2_fail, 3FCFD698-6FC9-55C8-C253-B0A028910B2A, firefox, 2018-04-10 09:42:21, contaminated
trace_3.2_fail, B82BE229-FC75-E714-3438-BB26CE8BB5F1, firefox, 2018-04-10 09:42:21, contaminated
trace_3.2_fail, 30D90B60-93EF-4713-6C09-4AE901CCD537, firefox, 2018-04-10 09:42:21, contaminated
trace_3.2_fail, 0183207A-A798-2AE2-EAF8-9E6DD1C3B9F3, firefox, 2018-04-10 09:42:21, contaminated
trace_3.2_fail, 3C66BF19-8868-B2B7-F717-DE939AB365D0, firefox, 2018-04-10 09:42:21, contaminated
trace_3.2_fail, 8D2A98C3-B82D-A3DF-5C58-178453093FAD, firefox, 2018-04-10 09:42:21, contaminated
trace_3.2_fail, F33D9C02-6E5B-FD43-D4FB-6E984D906F10, firefox, 2018-04-10 09:42:21, contaminated
trace_3.2_fail, 37C0F1AE-C197-7650-6EAE-CFEF8CB687BF, firefox, 2018-04-10 09:42:21, contaminated
trace_3.2_fail, 64AB6CB5-D52D-EF86-7D1A-6446535C002F, firefox, 2018-04-10 09:42:21, contaminated
trace_3.2_fail, 1A8D331D-D3D6-685D-ED2D-3A2B5DDD8726, firefox, 2018-04-10 09:42:21, contaminated
trace_3.2_fail, 2DE42687-D4AB-7749-B6C0-168BC0C66286, firefox, 2018-04-10 09:42:21, contaminated
trace_3.2_fail, B00BB3A9-3FE2-626D-49F0-9A8B63C1E62E, firefox, 2018-04-10 09:42:21, contaminated
trace_3.2_fail, 9F539E0A-9B1F-5F75-9E60-ADBA2B29CBE4, firefox, 2018-04-10 09:42:21, contaminated
trace_3.2_fail, A78895C0-B517-C6A2-7BE9-A1451EDB5531, firefox, 2018-04-10 09:42:21, contaminated
trace_3.2_fail, 8ABB6CB3-CB4B-9493-918D-88EAB6ED45B9, firefox, 2018-04-10 09:42:21, contaminated
trace_3.2_fail, 9211FC62-5C29-0331-AC56-7E9ED92222C1, firefox, 2018-04-10 09:42:21, contaminated
trace_3.2_fail, 22551A86-2771-B447-52BF-79787BC1AB76, firefox, 2018-04-10 09:42:21, contaminated
trace_3.2_fail, 31966197-1763-996C-3542-2668F647320F, firefox, 2018-04-10 09:42:21, contaminated
trace_3.2_fail, 14EDAC6A-596E-EE67-1230-84B744572182, firefox, 2018-04-10 09:42:21, contaminated
trace_3.2_fail, 483E5C3C-51D5-606E-8539-33088B3752CD, firefox, 2018-04-10 09:42:21, contaminated
trace_3.2_fail, 2FBCDC0A-0799-4F10-1E58-44478FACB35B, firefox, 2018-04-10 09:42:21, contaminated
trace_3.2_fail, FB64D704-E94B-6616-FD6B-44450C480DC0, firefox, 2018-04-10 09:42:21, contaminated
trace_3.2_fail, CF6EF275-FCBB-079D-1538-DE1EAD4511D6, firefox, 2018-04-10 09:42:21, contaminated
trace_3.2_fail, A86B3B94-97E5-BF0E-2524-1A238B0F62E3, firefox, 2018-04-10 09:42:21, contaminated
trace_3.2_fail, 4C12241D-100A-CE9B-D279-A4593E02CDB3, firefox, 2018-04-10 09:42:21, contaminated
trace_3.2_fail, CD98929F-897C-156B-D8FF-2CAB1254662B, firefox, 2018-04-10 09:42:21, contaminated
trace_3.2_fail, A24BDB1A-972B-24C4-E6E6-1CBBF7ACB851, firefox, 2018-04-10 09:42:21, contaminated
trace_3.2_fail, F7EB9E8F-1B8B-6B8E-F362-BB6353DE4C3E, firefox, 2018-04-10 09:42:21, contaminated
trace_3.2_fail, 7F5576D1-1F4D-6A76-D3F0-AAC982916D0E, firefox, 2018-04-10 09:42:21, contaminated
trace_3.2_fail, E5E65038-7E1E-2428-127D-91600552FBCB, firefox, 2018-04-10 09:42:21, contaminated
trace_3.2_fail, D156096C-3E63-81BB-75B1-0280F4C4ADF0, firefox, 2018-04-10 09:42:21, contaminated
trace_3.2_fail, 805B15FE-C825-1047-6475-210AEC8F48F5, firefox, 2018-04-10 09:42:21, contaminated
trace_3.2_fail, 78117E30-2AE6-F84B-76D9-F07069EA417F, firefox, 2018-04-10 09:42:21, contaminated
trace_3.2_fail, D4E5EB34-B68B-5B28-D836-06311085B3E6, firefox, 2018-04-10 09:42:21, contaminated
trace_3.2_fail, BF689409-0C38-9149-1461-14D538297F68, firefox, 2018-04-10 09:42:21, contaminated
trace_3.2_fail, 9EA61C6A-65E0-3369-07B1-22F47B611241, firefox, 2018-04-10 09:42:21, contaminated
trace_3.2_fail, DB59973B-DE42-30E9-E738-84A4136DC252, firefox, 2018-04-10 09:42:21, contaminated
trace_3.2_fail, 7F553BF1-6654-6CF0-AADD-650EDA9DC100, firefox, 2018-04-10 09:42:21, contaminated
trace_3.2_fail, DE94EFE0-B501-7DCE-0DA4-37D6AB51EC34, firefox, 2018-04-10 09:42:21, contaminated
trace_3.2_fail, 85D71870-DCB4-936E-ADA2-9758972D16BE, firefox, 2018-04-10 09:42:21, contaminated
trace_3.2_fail, 6C1F2111-CCBE-FB5E-F34C-D8153489C6DD, firefox, 2018-04-10 09:42:21, contaminated
trace_3.2_fail, 2E11287E-1A73-F907-566C-D893E6C844C4, firefox, 2018-04-10 09:42:21, contaminated
trace_3.2_fail, 87D17A74-93B5-19EE-47D9-C658FCAB8195, firefox, 2018-04-10 09:42:21, contaminated
trace_3.2_fail, 115E1D9C-C683-FB70-EAF1-4A8E82648721, firefox, 2018-04-10 09:42:21, contaminated
trace_3.2_fail, FB448A82-EBD4-A846-087C-3D79BB1B556D, firefox, 2018-04-10 09:42:21, contaminated
trace_3.2_fail, 3E31E89B-90C1-785A-7415-8CCB9784EB2C, firefox, 2018-04-10 09:42:21, contaminated
trace_3.2_fail, C6DDE7FA-E355-9F7D-0B04-6EB716F5B2F7, firefox, 2018-04-10 09:42:21, contaminated
trace_3.2_fail, CB94B57C-160E-1750-308E-6C489277409D, firefox, 2018-04-10 09:42:21, contaminated
trace_3.2_fail, 6FF5D45E-B873-8F10-F77B-CA9946692B06, firefox, 2018-04-10 09:42:21, contaminated
trace_3.2_fail, FB629288-0BE5-C2DC-83FC-67560C2FB360, firefox, 2018-04-10 09:42:21, contaminated
trace_3.2_fail, 047926C4-C1B4-6F4C-8380-B009A005CD34, firefox, 2018-04-10 09:42:21, contaminated
trace_3.2_fail, 91BA55A6-C8D5-A343-7BEF-B66C15F2782E, firefox, 2018-04-10 09:42:21, contaminated
trace_3.2_fail, D5ADC931-D89B-C58A-39DE-46D7B911FDE5, firefox, 2018-04-10 09:42:21, contaminated
trace_3.2_fail, 98C1B549-952B-444F-163E-FC8EDC4BFCB2, firefox, 2018-04-10 09:42:21, contaminated
trace_3.2_fail, 0AA85D09-7BE3-EEC9-11F6-2A30BD4331FA, firefox, 2018-04-10 09:42:21, contaminated
trace_3.2_fail, CB594FFB-E44F-4A13-05B9-F6B04A6A9B89, firefox, 2018-04-10 09:42:21, contaminated
trace_3.2_fail, B3CDC9CB-4D1E-2905-B28B-702D53C718A7, firefox, 2018-04-10 09:42:21, contaminated
trace_3.2_fail, 091FD92F-8199-AAFB-4BAB-9583FAA0078B, firefox, 2018-04-10 09:42:21, contaminated
trace_3.2_fail, 397899AF-CB0F-D5D3-4F0E-F6E966C3F9E3, firefox, 2018-04-10 09:42:21, contaminated
trace_3.2_fail, 6F4B0361-C87E-A243-076A-EA4F93EBD627, firefox, 2018-04-10 09:42:21, contaminated
trace_3.2_fail, A6BCC7A7-F3CC-5151-AA51-5D7CAC4DB3DB, firefox, 2018-04-10 09:42:21, contaminated
trace_3.2_fail, 3F1D2306-5DA9-5630-677C-E98A7433C38F, firefox, 2018-04-10 09:42:21, contaminated
trace_3.2_fail, 191EE74A-CE6F-F453-76F0-78EC8D4D03B9, firefox, 2018-04-10 09:42:21, contaminated
trace_3.2_fail, 062B2C30-61C1-706A-670C-E091839097A7, firefox, 2018-04-10 09:42:21, contaminated
trace_3.2_fail, B8D124BF-2AD1-F81E-EDB0-077930E6217F, firefox, 2018-04-10 09:42:21, contaminated
trace_3.2_fail, 90A3DBA9-92C8-9D42-C7F9-0F1E2CD2B883, firefox, 2018-04-10 09:42:21, contaminated
trace_3.2_fail, 2D4A5C55-F2BB-C452-D7AC-EF0B711888FB, firefox, 2018-04-10 09:42:21, contaminated
trace_3.2_fail, 09E37AE3-B9C0-BAC5-438D-422FB8C57236, firefox, 2018-04-10 09:42:21, contaminated
trace_3.2_fail, 93717506-6A5B-735D-C70A-9ED3BCDDEC5C, firefox, 2018-04-10 09:42:21, contaminated
trace_3.2_fail, EC745DF3-B330-C839-DB36-7C9BE51321EF, firefox, 2018-04-10 09:42:21, contaminated
trace_3.2_fail, D8BF4887-938D-A924-C7AF-29F130BD11AC, firefox, 2018-04-10 09:42:21, contaminated
trace_3.2_fail, A9C1BCBE-923E-0BE3-7A3B-90D52617F02B, firefox, 2018-04-10 09:42:21, contaminated
trace_3.2_fail, C377B9E8-B4F3-3AA3-C8BF-58B27302221F, firefox, 2018-04-10 09:42:21, contaminated
trace_3.2_fail, 9B22A396-5BEA-7E2D-233F-28305E57853C, firefox, 2018-04-10 09:42:21, contaminated
trace_3.2_fail, 1C820903-C083-563E-2D8A-A3AAE90E87AF, firefox, 2018-04-10 09:42:21, contaminated
trace_3.2_fail, 94279802-2366-E9AD-5AF7-D16F12AD2D8C, firefox, 2018-04-10 09:42:21, contaminated
trace_3.2_fail, 987F3DEF-4D06-C935-387A-7CA2274D331B, firefox, 2018-04-10 09:42:21, contaminated
trace_3.2_fail, E572DB2E-8F7E-EDA9-4DE5-9B3939173E3F, firefox, 2018-04-10 09:42:21, contaminated
trace_3.2_fail, BEE559B9-F8BA-E783-2264-257E8A7DF59B, firefox, 2018-04-10 09:42:21, contaminated
trace_3.2_fail, 51721BA3-AA5B-80EF-1808-AED4EA1BDB74, firefox, 2018-04-10 09:42:21, contaminated
trace_3.2_fail, 7DFB3A4B-B099-E6B0-C086-6E7DE88A47B6, firefox, 2018-04-10 09:42:21, contaminated
trace_3.2_fail, 3CC4E8C5-D075-4A4F-2EBF-AD852AF2CF3D, firefox, 2018-04-10 09:42:21, contaminated
trace_3.2_fail, DE7CA350-CC8C-47B4-1B09-241CA1B40BCE, firefox, 2018-04-10 09:42:21, contaminated
trace_3.2_fail, AE5250D2-8B7F-0C53-A7C7-243CA2E80C3B, firefox, 2018-04-10 09:42:21, contaminated
trace_3.2_fail, E806A910-9C51-6284-9BED-6D0140871C2F, firefox, 2018-04-10 09:42:21, contaminated
trace_3.2_fail, 11D11655-064F-4992-FFF8-70E09A778BA5, firefox, 2018-04-10 09:42:21, contaminated
trace_3.2_fail, CD2C7CD3-0152-5B28-7925-1BE786F411F9, firefox, 2018-04-10 09:42:21, contaminated
trace_3.2_fail, 058D4725-499F-8B68-1BA4-A264094D7365, firefox, 2018-04-10 09:42:21, contaminated
trace_3.2_fail, 2DF8CB9D-DF28-5259-66C8-C16E16C8419E, firefox, 2018-04-10 09:42:21, contaminated
trace_3.2_fail, 0909D502-F629-0CCB-FB85-02F6063E426B, firefox, 2018-04-10 09:42:21, contaminated
trace_3.2_fail, 8E52AC9D-8681-6AB6-BA48-0D8B0E29FD06, firefox, 2018-04-10 09:42:21, contaminated
trace_3.2_fail, E1CD0343-D847-DF19-B919-0945EE8EB30A, firefox, 2018-04-10 09:42:21, contaminated
trace_3.2_fail, 5134C3C9-8D54-027C-B248-008CC90F7282, firefox, 2018-04-10 09:42:21, contaminated
trace_3.2_fail, 730EFFF0-EA62-0D9D-CFB3-082EDCDCFD16, firefox, 2018-04-10 09:42:21, contaminated
trace_3.2_fail, DBF249E4-30E7-7558-7AEA-77A9040E2BB3, firefox, 2018-04-10 09:42:21, contaminated
trace_3.2_fail, 181EDDC2-D254-E8A3-BD30-2002C1961728, firefox, 2018-04-10 09:42:21, contaminated
trace_3.2_fail, D7D0928B-BA89-6E2E-87FC-A8381C7D429A, firefox, 2018-04-10 09:42:21, contaminated
trace_3.2_fail, 256739B9-048B-B98A-B2F2-A5EAAF4114FC, firefox, 2018-04-10 09:42:21, contaminated
trace_3.2_fail, ED857625-2871-D020-E276-D4879B3A5B14, firefox, 2018-04-10 09:42:21, contaminated
trace_3.2_fail, E5407A21-3041-5962-2A97-CE0F2D0BA907, firefox, 2018-04-10 09:42:21, contaminated
trace_3.2_fail, 0692435C-BF7F-5125-94F5-8D5308C87F77, firefox, 2018-04-10 09:42:21, contaminated
trace_3.2_fail, EBC708A6-37C8-EC4A-6C27-751F7785C23C, firefox, 2018-04-10 09:42:21, contaminated
trace_3.2_fail, 7B77A455-4E61-BE76-2031-71AEA45331CD, firefox, 2018-04-10 09:42:21, contaminated
trace_3.2_fail, 4A3187C4-E3EF-8210-615A-AA43BED3D686, firefox, 2018-04-10 09:42:21, contaminated
trace_3.2_fail, DA51ADEE-A11F-3513-7AD0-B8DAA3C5022E, firefox, 2018-04-10 09:42:21, contaminated
trace_3.2_fail, C86E64B2-E56A-449A-727A-309B790A96CC, firefox, 2018-04-10 09:42:21, contaminated
trace_3.2_fail, 32F3660B-C857-C894-6CD1-FC0813EF729F, firefox, 2018-04-10 09:42:21, contaminated
trace_3.2_fail, C0981B9D-E13F-F9E2-A257-7FAEEEE1954E, firefox, 2018-04-10 09:42:21, contaminated
trace_3.2_fail, 8EDE866B-9CC3-EDBA-5EC8-0FE2AC042B65, firefox, 2018-04-10 09:42:21, contaminated
trace_3.2_fail, 9ABC939C-A1E0-E603-DBAB-F065756081DC, firefox, 2018-04-10 09:42:21, contaminated
trace_3.2_fail, BDAF322D-B3B4-40CD-F25D-BB891C3672F8, firefox, 2018-04-10 09:42:21, contaminated
trace_3.2_fail, FCA479F2-31B8-41A0-6C72-6A905E227662, firefox, 2018-04-10 09:42:21, contaminated
trace_3.2_fail, 7CD49D40-9B8D-00A2-22E3-11BF19B81AD8, firefox, 2018-04-10 09:42:21, contaminated
trace_3.2_fail, 58BD6D87-D3BF-0D13-BC5E-FD465AAE358B, firefox, 2018-04-10 09:42:21, contaminated
trace_3.2_fail, 92ED2AB0-0A70-A01D-706B-C28A4F7D1475, firefox, 2018-04-10 09:42:21, contaminated
trace_3.2_fail, 875FA33C-4952-1956-AD8A-E6B569116EC4, firefox, 2018-04-10 09:42:21, contaminated
trace_3.2_fail, AD9B418C-7708-6C4D-4797-A68882A88750, firefox, 2018-04-10 09:42:21, contaminated
trace_3.2_fail, 4A740A26-2D87-600D-A3E0-A4B6A53133E6, firefox, 2018-04-10 09:42:21, contaminated
trace_3.2_fail, D46FB39A-480F-C4CF-78ED-BAD25D68D71C, firefox, 2018-04-10 09:42:21, contaminated
trace_3.2_fail, 306C7B56-2AC4-DEFE-4492-1255371E6D81, firefox, 2018-04-10 09:42:21, contaminated
trace_3.2_fail, E90EF184-4A93-703B-CD09-DC4C7DD61045, firefox, 2018-04-10 09:42:21, contaminated
trace_3.2_fail, BFFC3682-1EAC-0886-4E12-A1CEE0D0ACDA, firefox, 2018-04-10 09:42:21, contaminated
trace_3.2_fail, F05104A8-3F95-CFA8-C1C7-69802C585978, firefox, 2018-04-10 09:42:21, contaminated
trace_3.2_fail, F59CC871-BDEB-2402-5827-0606B56CEAFD, firefox, 2018-04-10 09:42:21, contaminated
trace_3.2_fail, 2C58A488-EFDE-E0C7-D8D5-A69ECE994794, firefox, 2018-04-10 09:42:21, contaminated
trace_3.2_fail, A8ABC9E2-E26A-D36C-6758-E8C663032D8E, firefox, 2018-04-10 09:42:21, contaminated
trace_3.2_fail, 5E02EB3F-5476-B168-CAD7-836CA5FCF996, firefox, 2018-04-10 09:42:21, contaminated
trace_3.2_fail, 64F33300-6EF4-BC80-58C5-A0C71846ACD0, firefox, 2018-04-10 09:42:21, contaminated
trace_3.2_fail, E438AAEF-03DC-4DB1-EAD3-8EBAEAA9BE75, firefox, 2018-04-10 09:42:21, contaminated
trace_3.2_fail, 9614B7F1-6D81-A059-2552-401FFCE96F01, firefox, 2018-04-10 09:42:21, contaminated
trace_3.2_fail, 0E701594-9C88-E357-00FB-07115D3B206C, firefox, 2018-04-10 09:42:21, contaminated
trace_3.2_fail, 431E1F51-3EE5-D73A-0951-2C8372E7151F, firefox, 2018-04-10 09:42:21, contaminated
trace_3.2_fail, 30595668-CF07-0918-B03C-4A5435FB7D77, firefox, 2018-04-10 09:42:21, contaminated
trace_3.2_fail, 4905C5EF-DEFA-D2FD-E9EE-715F4E16EFA5, firefox, 2018-04-10 09:42:21, contaminated
trace_3.2_fail, 6474517C-E409-7E99-50CE-B025E1469288, firefox, 2018-04-10 09:42:21, contaminated
trace_3.2_fail, 99277F32-35A1-D185-1782-A258970CA37D, firefox, 2018-04-10 09:42:21, contaminated
trace_3.2_fail, 672D21BA-2DD8-9789-9AAE-91D5C714EBAE, firefox, 2018-04-10 09:42:21, contaminated
trace_3.2_fail, D72D4BAC-10B4-9828-CC2F-04944DB0C4B5, firefox, 2018-04-10 09:42:21, contaminated
trace_3.2_fail, FB44DE1C-1CC5-005F-CA6D-894C99027A5A, firefox, 2018-04-10 09:42:21, contaminated
trace_3.2_fail, D5BFA5F6-E0B5-9990-3FA8-DFA6BF989AD4, firefox, 2018-04-10 09:42:21, contaminated
trace_3.2_fail, 36AF0839-4632-A9F6-249B-8A3158310A31, firefox, 2018-04-10 09:42:21, contaminated
trace_3.2_fail, BE60246C-1B52-5761-DB90-B0834248344D, firefox, 2018-04-10 09:42:21, contaminated
trace_3.2_fail, 28730597-9F8B-6F62-BCF5-DF5F004F785C, firefox, 2018-04-10 09:42:21, contaminated
trace_3.2_fail, 56A2046E-F716-F88D-5202-40E3FE00E637, firefox, 2018-04-10 09:42:21, contaminated
trace_3.2_fail, D3E341E8-0FC7-B42C-642C-FFEF6E47A9C4, firefox, 2018-04-10 09:42:21, contaminated
trace_3.2_fail, 4CA4DB29-42DE-B206-2DA4-7B6481E55BF3, firefox, 2018-04-10 09:42:21, contaminated
trace_3.2_fail, 144855B5-654A-558B-1225-64C47224D660, firefox, 2018-04-10 09:42:21, contaminated
trace_3.2_fail, 65DD2F21-6383-0578-2128-72D23C4CF052, firefox, 2018-04-10 09:42:21, contaminated
trace_3.2_fail, 205C6CF7-8D46-2FFD-0402-E9C8F5ABC8BC, firefox, 2018-04-10 09:42:21, contaminated
trace_3.2_fail, 58876BA4-56D8-94EC-3728-D7ECCF1E7773, firefox, 2018-04-10 09:42:21, contaminated
trace_3.2_fail, 1E6C039B-0E9A-DEAA-78B1-C33050EB9475, firefox, 2018-04-10 09:42:21, contaminated
trace_3.2_fail, C79ABAFE-AA83-BFF7-BC56-97A278F12D0A, firefox, 2018-04-10 09:42:21, contaminated
trace_3.2_fail, C6DF9CF1-FFF7-BB8B-863D-CF8B702C6CD8, firefox, 2018-04-10 09:42:21, contaminated
trace_3.2_fail, 43BDE5AA-9458-A402-471B-F40A028CABF5, firefox, 2018-04-10 09:42:21, contaminated
trace_3.2_fail, A15C30C7-A5AE-67D8-A33C-717224FD05F9, firefox, 2018-04-10 09:42:21, contaminated
trace_3.2_fail, 3B937B64-32F4-D421-68E8-F6D2586AD18D, firefox, 2018-04-10 09:42:21, contaminated
trace_3.2_fail, 7F8B9CA6-BA87-AB37-6F6E-903331F8061C, firefox, 2018-04-10 09:42:21, contaminated
trace_3.2_fail, AB47CB11-22E0-E073-ABAF-9B76311BC3AA, firefox, 2018-04-10 09:42:21, contaminated
trace_3.2_fail, 6DCC4EEC-1129-D2CE-80DE-5C689938552E, firefox, 2018-04-10 09:42:21, contaminated
trace_3.2_fail, D74BF78D-C40C-55F8-0588-45756DB160CC, firefox, 2018-04-10 09:42:21, contaminated
trace_3.2_fail, 51F34A41-06CB-6C0D-E0B8-B14DA42946CB, firefox, 2018-04-10 09:42:21, contaminated
trace_3.2_fail, BC734540-4081-0A02-4BBE-98DB96CA1FFE, firefox, 2018-04-10 09:42:21, contaminated
trace_3.2_fail, 7B7FB60B-DEA8-875C-69C4-880BFA965326, firefox, 2018-04-10 09:42:21, contaminated
trace_3.2_fail, 1D217511-A5A7-6EB1-40E4-BC494A562CF9, firefox, 2018-04-10 09:42:21, contaminated
trace_3.2_fail, CAB01C46-D14B-6133-3E9A-E4401BA2853F, firefox, 2018-04-10 09:42:21, contaminated
trace_3.2_fail, BD8CEEBA-AFCA-2B73-E888-B97179E4CA1B, firefox, 2018-04-10 09:42:21, contaminated
trace_3.2_fail, DC301743-8D74-A57D-9F35-86FD2743EBE0, firefox, 2018-04-10 09:42:21, contaminated
trace_3.2_fail, BE9715DA-DA8B-6953-EAC1-C1E00D870CAA, firefox, 2018-04-10 09:42:21, contaminated
trace_3.2_fail, B2439180-5641-87EE-0FB1-DE918785736F, firefox, 2018-04-10 09:42:21, contaminated
trace_3.2_fail, A544EC1B-6B9C-8565-CA0D-DBBFE2B8E740, firefox, 2018-04-10 09:42:21, contaminated
trace_3.2_fail, DA6626CA-2BFC-6F13-54C3-EB1072C1EBFA, firefox, 2018-04-10 09:42:21, contaminated
trace_3.2_fail, 3A734B01-974D-2401-9D16-34187F452A6B, firefox, 2018-04-10 09:42:21, contaminated
trace_3.2_fail, 3918836B-BCFB-E5B1-28E9-C0AE746B7BEC, firefox, 2018-04-10 09:42:21, contaminated
trace_3.2_fail, 00537519-AA27-648B-52A9-260F5C93D217, firefox, 2018-04-10 09:42:21, contaminated
trace_3.2_fail, 260AE0F0-DC46-1727-E3D7-2E0273533513, firefox, 2018-04-10 09:42:21, contaminated
trace_3.2_fail, AED8B37A-7AB8-746D-DEEF-5590F21F1621, firefox, 2018-04-10 09:42:21, contaminated
trace_3.2_fail, 9C665A9A-C429-15E6-05F4-5A7578C2A645, firefox, 2018-04-10 09:42:21, contaminated
trace_3.2_fail, 708F0B41-24D2-ABE0-7401-A6A6CEBFFD2F, firefox, 2018-04-10 09:42:21, contaminated
trace_3.2_fail, 83AF6ADB-2164-B99C-7E6A-61896527F5B4, firefox, 2018-04-10 09:42:21, contaminated
trace_3.2_fail, 15232B11-5FFE-FDD4-FCC9-93B741D33ABD, firefox, 2018-04-10 09:42:21, contaminated
trace_3.2_fail, CAFC1C7B-4A34-BE70-091B-490DFD0EC708, firefox, 2018-04-10 09:42:21, contaminated
trace_3.2_fail, A36B106D-A903-21A9-BCEB-B96FCFBBBF72, firefox, 2018-04-10 09:42:21, contaminated
trace_3.2_fail, 291B2F56-C7AA-AB66-736B-4546F1BD5DF9, firefox, 2018-04-10 09:42:21, contaminated
trace_3.2_fail, F3E322A3-E6DD-CA15-6C3B-0C39C493AAF3, firefox, 2018-04-10 09:42:21, contaminated
trace_3.2_fail, D52DFF02-AF59-4F14-327E-B2AE4313CA3E, firefox, 2018-04-10 09:42:21, contaminated
trace_3.2_fail, EAF0CAF4-8AED-743C-8DF5-5196F8F438F3, firefox, 2018-04-10 09:42:21, contaminated
trace_3.2_fail, 399D5A57-7349-87FF-41DE-7D06A8C1E72A, firefox, 2018-04-10 09:42:21, contaminated
trace_3.2_fail, 2E98C532-D88F-CDC7-A1E5-87B99ABF87FE, firefox, 2018-04-10 09:42:21, contaminated
trace_3.2_fail, 422162FB-F899-ED3E-570F-1AD70A2AB80D, firefox, 2018-04-10 09:42:21, contaminated
trace_3.2_fail, 86197C6A-B3C8-2892-44EC-0B43A5B3D18C, firefox, 2018-04-10 09:42:21, contaminated
trace_3.2_fail, 4F72CF6B-BB37-876B-9B55-B65B8E6E779B, firefox, 2018-04-10 09:42:21, contaminated
trace_3.2_fail, D426A4F3-853C-973D-9EFC-B4E740F921D5, firefox, 2018-04-10 09:42:21, contaminated
trace_3.2_fail, 67C43B50-99A2-A9B2-76A8-CEBD7DD494EA, firefox, 2018-04-10 09:42:21, contaminated
trace_3.2_fail, 1A4E7A0B-1C34-9C3E-F9BF-067E926C3622, firefox, 2018-04-10 09:42:21, contaminated
trace_3.2_fail, 3928F426-BC6F-3A83-A13D-611AE0F269BA, firefox, 2018-04-10 09:42:21, contaminated
trace_3.2_fail, 53ABDF48-D34E-261C-A0C2-73D5D154FE14, firefox, 2018-04-10 09:42:21, contaminated
trace_3.2_fail, 5CCE8D16-DD12-97F3-4E86-108C52284965, firefox, 2018-04-10 09:42:21, contaminated
trace_3.2_fail, F285AADF-E1B0-A5E2-0099-A7029874E65A, firefox, 2018-04-10 09:42:21, contaminated
trace_3.2_fail, AF8ACBC4-9207-38C6-5177-C24435C8E7F7, firefox, 2018-04-10 09:42:21, contaminated
trace_3.2_fail, C85CA12E-4AE9-3F71-1391-74200A9E5CA3, firefox, 2018-04-10 09:42:21, contaminated
trace_3.2_fail, 6D24DFDD-075A-8BB0-C85B-A715BB3D6CD9, firefox, 2018-04-10 09:42:21, contaminated
trace_3.2_fail, 141F3315-0B2E-6B89-BC93-CBFDCB37CCF3, firefox, 2018-04-10 09:42:21, contaminated
trace_3.2_fail, 0B01D2A3-ACD3-2353-AFE4-5CFB91D51D49, firefox, 2018-04-10 09:42:21, contaminated
trace_3.2_fail, 9CD78492-0083-8E86-7D26-42EC48398148, firefox, 2018-04-10 09:42:21, contaminated
trace_3.2_fail, 0D72C34A-F510-F8AA-6A85-BC0EF1B11954, firefox, 2018-04-10 09:42:21, contaminated
trace_3.2_fail, 2816C003-4339-5836-214E-CB6C95709A93, firefox, 2018-04-10 09:42:21, contaminated
trace_3.2_fail, C97BDFA7-8625-2247-2A05-93DC78D88DA8, firefox, 2018-04-10 09:42:21, contaminated
trace_3.2_fail, 42E18E82-0B2E-1663-2A04-B5B8B6163880, firefox, 2018-04-10 09:42:21, contaminated
trace_3.2_fail, A82193A5-45B2-991E-1DC5-348E7631C46B, firefox, 2018-04-10 09:42:21, contaminated
trace_3.2_fail, D70EF0DD-D741-D367-F6E6-88677A8F9D57, firefox, 2018-04-10 09:42:21, contaminated
trace_3.2_fail, B5053AF2-9187-770D-4062-097414135A01, firefox, 2018-04-10 09:42:21, contaminated
trace_3.2_fail, 74E581E9-1B4B-680E-F404-895A801F952F, firefox, 2018-04-10 09:42:21, contaminated
trace_3.2_fail, 1033CB3B-E699-52C8-4AE9-798A0526C717, firefox, 2018-04-10 09:42:21, contaminated
trace_3.2_fail, A1734F00-11DF-E506-D8BD-1E1B9A1DF667, firefox, 2018-04-10 09:42:21, contaminated
trace_3.2_fail, 7C7C3113-6680-DF4A-AD97-60EF774C0B51, firefox, 2018-04-10 09:42:21, contaminated
trace_3.2_fail, 32F307F9-6211-262B-E760-41853FF7201E, firefox, 2018-04-10 09:42:21, contaminated
trace_3.2_fail, B0FC1ABF-917F-6CC4-AC79-F3ACCCEB0322, firefox, 2018-04-10 09:42:21, contaminated
trace_3.2_fail, C1D893AF-66F8-1A1B-894C-91CE7B0E8948, firefox, 2018-04-10 09:42:21, contaminated
trace_3.2_fail, 2D0BD8F9-3E8A-678A-E429-5F7D7250DA07, firefox, 2018-04-10 09:42:21, contaminated
trace_3.2_fail, 12425202-0849-8086-3E37-BB9A76611AC5, firefox, 2018-04-10 09:42:21, contaminated
trace_3.2_fail, 8726AF9A-F852-5E2C-90E7-15532F373D23, firefox, 2018-04-10 09:42:21, contaminated
trace_3.2_fail, EDBC4AEB-57CA-84E3-E6EC-7C41C2823520, firefox, 2018-04-10 09:42:21, contaminated
trace_3.2_fail, BD6CA772-9E10-C556-0B96-3BBE99CACBC8, firefox, 2018-04-10 09:42:21, contaminated
trace_3.2_fail, 4C8A54D1-E267-1E31-8EDD-F9DFAF9EBDBE, firefox, 2018-04-10 09:42:21, contaminated
trace_3.2_fail, 26E9BC02-1367-0AD8-9555-E46C6CB55C0B, firefox, 2018-04-10 09:42:21, contaminated
trace_3.2_fail, CA18C13D-3A8E-52C4-80CB-67EEB4D65784, firefox, 2018-04-10 09:42:21, contaminated
trace_3.2_fail, 2A3A51FB-8F59-576C-C767-B442AB414090, firefox, 2018-04-10 09:42:21, contaminated
trace_3.2_fail, B693E29C-2923-5F00-5AB2-A774D24975F6, firefox, 2018-04-10 09:42:21, contaminated
trace_3.2_fail, 89D32911-FE81-4D0A-9EA9-131CC7D8D1B4, firefox, 2018-04-10 09:42:21, contaminated
trace_3.2_fail, 99B7839D-83E9-C961-CC3C-6390991B0CF6, firefox, 2018-04-10 09:42:21, contaminated
trace_3.2_fail, 5BA2BA83-6231-0635-6572-9886114D9457, firefox, 2018-04-10 09:42:21, contaminated
trace_3.2_fail, F52A4C49-1B2B-AE4B-EC6A-1E4AF987B493, firefox, 2018-04-10 09:42:21, contaminated
trace_3.2_fail, B5623D94-ED3B-A25D-F44E-F819C4FF1453, firefox, 2018-04-10 09:42:21, contaminated
trace_3.2_fail, D636ADE9-DDEA-FDBF-F916-2F3480382C99, firefox, 2018-04-10 09:42:21, contaminated
trace_3.2_fail, EF817299-55A5-F2F4-FAC2-CA50557CC920, firefox, 2018-04-10 09:42:21, contaminated
trace_3.2_fail, 0A841D60-F436-1416-093E-C5477C088092, firefox, 2018-04-10 09:42:21, contaminated
trace_3.2_fail, 581AE4CA-8C5C-05B7-C174-A99783723282, firefox, 2018-04-10 09:42:21, contaminated
trace_3.2_fail, 16242234-954A-2B63-27E0-C6E6C92C84CC, firefox, 2018-04-10 09:42:21, contaminated
trace_3.2_fail, 376C4789-C9C9-D5E8-CEA3-CFDD586AB968, firefox, 2018-04-10 09:42:21, contaminated
trace_3.2_fail, 785D0061-5ED5-B571-5D45-26B5B534B64D, firefox, 2018-04-10 09:42:21, contaminated
trace_3.2_fail, BD68D563-6DFC-F8A0-DFD8-1DC30ECD49DE, firefox, 2018-04-10 09:42:21, contaminated
trace_3.2_fail, 1CAAAF5D-214B-D182-4421-4AF63FC04456, firefox, 2018-04-10 09:42:21, contaminated
trace_3.2_fail, 0A2AD1FD-3BF3-D548-21AD-9E172148863E, firefox, 2018-04-10 09:42:21, contaminated
trace_3.2_fail, 4AC480DA-1F79-DC09-825D-85025722526C, firefox, 2018-04-10 09:42:21, contaminated
trace_3.2_fail, D83D311E-C1D5-77C3-87AF-E2B668074CB1, firefox, 2018-04-10 09:42:21, contaminated
trace_3.2_fail, 99ADC659-C4B4-F5A0-4C63-64129D912D04, firefox, 2018-04-10 09:42:21, contaminated
trace_3.2_fail, 1AEAF1F8-BB44-E98A-EE42-F1E8E8687DC1, firefox, 2018-04-10 09:42:21, contaminated
trace_3.2_fail, 4DFECE78-4916-3794-78C3-D75A7F50306A, firefox, 2018-04-10 09:42:21, contaminated
trace_3.2_fail, 7671AE4E-D775-BC4D-506C-F1F1B1F60745, firefox, 2018-04-10 09:42:21, contaminated
trace_3.2_fail, 89D41512-9AE8-F6CB-8A4D-9E6E5047B2DE, firefox, 2018-04-10 09:42:21, contaminated
trace_3.2_fail, 8DB64308-22B7-FC6F-8F01-5D385671E748, firefox, 2018-04-10 09:42:21, contaminated
trace_3.2_fail, 6138FDB9-C4B7-E604-C430-372057D698F6, firefox, 2018-04-10 09:42:21, contaminated
trace_3.2_fail, DE510AB2-B907-6868-4C4F-2D39123549EF, firefox, 2018-04-10 09:42:21, contaminated
trace_3.2_fail, EDA76C02-4311-4656-147F-4A4C59EABBD5, firefox, 2018-04-10 09:42:21, contaminated
trace_3.2_fail, 9BA73755-9510-9EAA-0DE6-F7F071622C69, firefox, 2018-04-10 09:42:21, contaminated
trace_3.2_fail, 5B232A0A-0477-E8A0-A5B5-295461D0F9CF, firefox, 2018-04-10 09:42:21, contaminated
trace_3.2_fail, 266A9111-C5AB-9836-D971-89643D883F3A, firefox, 2018-04-10 09:42:21, contaminated
trace_3.2_fail, 5ADEB152-0111-E8FA-9F1F-CAF5861AD3E3, firefox, 2018-04-10 09:42:21, contaminated
trace_3.2_fail, 51ABDC55-F2B1-B072-397A-A168C8E52833, firefox, 2018-04-10 09:42:21, contaminated
trace_3.2_fail, 8E03A1E7-7605-AE76-B024-C9B756BBC012, firefox, 2018-04-10 09:42:21, contaminated
trace_3.2_fail, B12C57A9-F95C-B0AB-F049-BDA6CF0E6C56, firefox, 2018-04-10 09:42:21, contaminated
trace_3.2_fail, 725C9CCD-2BF1-9EFA-C8EF-CE6B6564AFE4, firefox, 2018-04-10 09:42:21, contaminated
trace_3.2_fail, E670E0B9-EEAF-2EFA-CFEC-DB7EE3985155, firefox, 2018-04-10 09:42:21, contaminated
trace_3.2_fail, 5030F92C-C2FC-B3D4-96BC-4B8E1CF819B3, firefox, 2018-04-10 09:42:21, contaminated
trace_3.2_fail, 1475AB5F-302A-122C-6EE0-B83A2E70A052, firefox, 2018-04-10 09:42:21, contaminated
trace_3.2_fail, 2B421678-CF9B-E79F-8216-E623A6221359, firefox, 2018-04-10 09:42:21, contaminated
trace_3.2_fail, 49026EC6-B635-BF5C-3327-1BF2DF0A2B1E, firefox, 2018-04-10 09:42:21, contaminated
trace_3.2_fail, 0353E1B3-83D7-6EFD-C4B3-D4F1318665E0, firefox, 2018-04-10 09:42:21, contaminated
trace_3.2_fail, FB6F69A8-65E3-0D81-E6BA-47786080409A, firefox, 2018-04-10 09:42:21, contaminated
trace_3.2_fail, 8EB1A141-0612-99F4-D493-C67267849585, firefox, 2018-04-10 09:42:21, contaminated
trace_3.2_fail, 41ADB5FF-7FD2-1F87-36CA-1C35A3FBA326, firefox, 2018-04-10 09:42:21, contaminated
trace_3.2_fail, DA457DB0-48DE-5EFB-CF33-08317E6FED8E, firefox, 2018-04-10 09:42:21, contaminated
trace_3.2_fail, D3D32614-F132-77EE-5F1F-D71449D349AD, firefox, 2018-04-10 09:42:21, contaminated
trace_3.2_fail, CB4A3929-0860-4C79-F83B-868A4242D15D, firefox, 2018-04-10 09:42:21, contaminated
trace_3.2_fail, A57E2DA4-F0BB-3764-DDF1-709697A9181E, firefox, 2018-04-10 09:42:21, contaminated
trace_3.2_fail, 3F5DAF02-0F63-E45D-C396-6F2BD47EE870, firefox, 2018-04-10 09:42:21, contaminated
trace_3.2_fail, 5FD7A67A-D756-89F5-1129-FFAA86522192, firefox, 2018-04-10 09:42:21, contaminated
trace_3.2_fail, 0160B12D-854A-72C7-8643-FA34392CEB30, firefox, 2018-04-10 09:42:21, contaminated
trace_3.2_fail, ED422F3A-5C97-0BE7-8839-C522313B88FD, firefox, 2018-04-10 09:42:21, contaminated
trace_3.2_fail, 52BF85B8-DAC0-C0EF-3E26-883DEC36BC02, firefox, 2018-04-10 09:42:21, contaminated
trace_3.2_fail, C758A15F-C89B-1321-9A29-BBC38E5E374A, firefox, 2018-04-10 09:42:21, contaminated
trace_3.2_fail, 249FFB0E-2A7E-361B-DDCB-2D16AC56EC6E, firefox, 2018-04-10 09:42:21, contaminated
trace_3.2_fail, E63FC809-428B-C9F6-A80B-934BAE25C835, firefox, 2018-04-10 09:42:21, contaminated
trace_3.2_fail, 455E6170-4E86-1AC2-B0A4-8491B2422C3A, firefox, 2018-04-10 09:42:21, contaminated
trace_3.2_fail, AC0D92C0-E678-7E59-7821-5746B4899D87, firefox, 2018-04-10 09:42:21, contaminated
trace_3.2_fail, CEA8D02B-8F51-B9FF-C890-60CD9459095E, firefox, 2018-04-10 09:42:21, contaminated
trace_3.2_fail, 8A3C7AD3-CA36-2307-A193-A6487F09B3EA, firefox, 2018-04-10 09:42:21, contaminated
trace_3.2_fail, A937BB35-7056-BA8D-70A7-D66432E7FFB6, firefox, 2018-04-10 09:42:21, contaminated
trace_3.2_fail, 1CC6146F-38F2-358D-5525-25CE8487D6EB, firefox, 2018-04-10 09:42:21, contaminated
trace_3.2_fail, 794BE9EF-D0FC-E28E-C9E3-D600C2FD0F80, firefox, 2018-04-10 09:42:21, contaminated
trace_3.2_fail, 5B0B56C7-918B-4D98-F9B3-BB02B535B1DB, firefox, 2018-04-10 09:42:21, contaminated
trace_3.2_fail, 316CAB48-E581-5CFC-A550-AB245A3FB82B, firefox, 2018-04-10 09:42:21, contaminated
trace_3.2_fail, B9B6579D-5DB3-F074-B2A7-CB35CD92D61B, firefox, 2018-04-10 09:42:21, contaminated
trace_3.2_fail, 65E00313-D2BC-57F0-29E0-F72CB68A287A, firefox, 2018-04-10 09:42:21, contaminated
trace_3.2_fail, 98291E3B-9B3C-C10A-78DC-03D36323A31D, firefox, 2018-04-10 09:42:21, contaminated
trace_3.2_fail, B9D06D90-FFB4-2BE8-A102-4BDB9AFD060D, firefox, 2018-04-10 09:42:21, contaminated
trace_3.2_fail, E85A3920-E6E0-A491-6CDE-58AAA3402F58, firefox, 2018-04-10 09:42:21, contaminated
trace_3.2_fail, ACDC01EC-F8DC-EA69-6DFE-886A28CAEF0D, firefox, 2018-04-10 09:42:21, contaminated
trace_3.2_fail, A134B9C1-8D68-30A5-27B3-F4B4FBF39E99, firefox, 2018-04-10 09:42:21, contaminated
trace_3.2_fail, EFF079D7-9B62-1323-1293-4981B08344BE, firefox, 2018-04-10 09:42:21, contaminated
trace_3.2_fail, 6DEA97EE-B7DB-D402-82D5-98627F607A5F, firefox, 2018-04-10 09:42:21, contaminated
trace_3.2_fail, E203DE19-2CAB-EA4C-16A7-5057C2146DCA, firefox, 2018-04-10 09:42:21, contaminated
trace_3.2_fail, 02AED649-961A-ED06-CDF0-02D7012B8B73, firefox, 2018-04-10 09:42:21, contaminated
trace_3.2_fail, 50896E32-6B4A-DFB6-47B9-8ECFA7DEB66A, firefox, 2018-04-10 09:42:21, contaminated
trace_3.2_fail, 03B2FE1C-782A-58E0-D368-E2D33D6C1B45, firefox, 2018-04-10 09:42:21, contaminated
trace_3.2_fail, C2C26EAB-A4FF-FDCC-62FD-02F2E72966BD, firefox, 2018-04-10 09:42:21, contaminated
trace_3.2_fail, F1BB77E2-BCC5-6AFD-5670-FC481B6EDC08, firefox, 2018-04-10 09:42:21, contaminated
trace_3.2_fail, 084D805B-5355-E1EE-25DE-2DD8BC71372A, firefox, 2018-04-10 09:42:21, contaminated
trace_3.2_fail, F56011B9-8ABF-1FC0-73A0-C3F5832596DB, firefox, 2018-04-10 09:42:21, contaminated
trace_3.2_fail, 92C253DA-A27F-F344-DDE8-8F8723262ABB, firefox, 2018-04-10 09:42:21, contaminated
trace_3.2_fail, 24846F24-7FF2-1A10-DF89-BF9E6B6734DE, firefox, 2018-04-10 09:42:21, contaminated
trace_3.2_fail, CEE1984F-EF63-B9F5-961A-1FE91D7EF6EE, firefox, 2018-04-10 09:42:21, contaminated
trace_3.2_fail, 05A117B0-C6FF-81D6-E99B-31095EEA4F44, firefox, 2018-04-10 09:42:21, contaminated
trace_3.2_fail, A3CA6E1B-B384-EE80-B2B3-1A144C8ED682, firefox, 2018-04-10 09:42:21, contaminated
trace_3.2_fail, 07B214E9-363A-A283-EE80-F20CD2CAF6E7, firefox, 2018-04-10 09:42:21, contaminated
trace_3.2_fail, C55FA3EB-B4F1-BE56-39E7-3FBB66B37BBD, firefox, 2018-04-10 09:42:21, contaminated
trace_3.2_fail, 5A29BAC9-8A27-9B0B-58E9-EB0F7592F200, firefox, 2018-04-10 09:42:21, contaminated
trace_3.2_fail, EA18E282-3B5B-E05B-259A-1962C4355371, firefox, 2018-04-10 09:42:21, contaminated
trace_3.2_fail, 81D38743-CBAC-2C87-8AB6-B5118DB42F7D, firefox, 2018-04-10 09:42:21, contaminated
trace_3.2_fail, CF33545C-A49D-4780-2CA3-7C0BDAF66B50, firefox, 2018-04-10 09:42:21, contaminated
trace_3.2_fail, C3194DF9-CD26-5AB7-9D7F-7C375E9B8967, firefox, 2018-04-10 09:42:21, contaminated
trace_3.2_fail, E2FCEE13-9CC8-EB23-E469-5F9E944B8E85, firefox, 2018-04-10 09:42:21, contaminated
trace_3.2_fail, B534BD86-26C7-0399-6291-FD0C61994A1F, firefox, 2018-04-10 09:42:21, contaminated
trace_3.2_fail, BEA569DF-22C5-DA97-3DE5-D88591A7F563, firefox, 2018-04-10 09:42:21, contaminated
trace_3.2_fail, 51761A0A-1528-D51A-1B5E-9772A3400CDE, firefox, 2018-04-10 09:42:21, contaminated
trace_3.2_fail, E4761D64-33E6-559D-B090-E93F7AACBFCE, firefox, 2018-04-10 09:42:21, contaminated
trace_3.2_fail, 70B6BC91-3CCB-2000-7CE3-27B5B9A4F450, firefox, 2018-04-10 09:42:21, contaminated
trace_3.2_fail, 3F002ED4-63C1-17C5-7DCB-701B16E5DA27, firefox, 2018-04-10 09:42:21, contaminated
trace_3.2_fail, 413798E8-5278-57E9-27FE-2DCACD3E70FB, firefox, 2018-04-10 09:42:21, contaminated
trace_3.2_fail, 07B19B63-53FD-F5A7-AEAE-5C1F0401E90C, firefox, 2018-04-10 09:42:21, contaminated
trace_3.2_fail, 73FDD96A-181F-E3FC-FE95-A10455CB6874, firefox, 2018-04-10 09:42:21, contaminated
trace_3.2_fail, 336C1E6A-23C2-4274-1C29-037EA9920A72, firefox, 2018-04-10 09:42:21, contaminated
trace_3.2_fail, DF8BE101-997A-5471-18D5-19A6BCAD989B, firefox, 2018-04-10 09:42:21, contaminated
trace_3.2_fail, D4A860D8-878F-3324-729C-FA972398EB5B, firefox, 2018-04-10 09:42:21, contaminated
trace_3.2_fail, FAA2D4FE-8702-7E78-7171-DD1A3C6ED1AE, firefox, 2018-04-10 09:42:21, contaminated
trace_3.2_fail, 102A31EF-F688-520A-98F0-28615DC48213, firefox, 2018-04-10 09:42:21, contaminated
trace_3.2_fail, 35C4E812-DF5D-3D45-670E-9D96D4D7FF3D, firefox, 2018-04-10 09:42:21, contaminated
trace_3.2_fail, 88238E04-7F12-8307-3A59-6D450581D3E5, firefox, 2018-04-10 09:42:21, contaminated
trace_3.2_fail, 5E3358BF-3B21-A367-DCFF-787D0B7686E7, firefox, 2018-04-10 09:42:21, contaminated
trace_3.2_fail, AF031577-AC96-FD59-0E5A-523C705DB377, firefox, 2018-04-10 09:42:21, contaminated
trace_3.2_fail, 257E7716-E442-0036-C2E1-FBE16A3672C2, firefox, 2018-04-10 09:42:21, contaminated
trace_3.2_fail, 4CDF44A2-B542-1A39-DEA6-1AEB4CA867A5, firefox, 2018-04-10 09:42:21, contaminated
trace_3.2_fail, 7AE73180-6679-9879-504C-6734719D0F26, firefox, 2018-04-10 09:42:21, contaminated
trace_3.2_fail, 8BB1DCDB-B362-42DB-3D82-AAEA78C94E56, firefox, 2018-04-10 09:42:21, contaminated
trace_3.2_fail, 4CA828BD-C6AC-3869-BADB-4647518B0261, firefox, 2018-04-10 09:42:21, contaminated
trace_3.2_fail, 22216799-D78E-405F-5347-992A01F47DBF, firefox, 2018-04-10 09:42:21, contaminated
trace_3.2_fail, A1A16240-092D-C974-CCC4-24B27B1A7C8C, firefox, 2018-04-10 09:42:21, contaminated
trace_3.2_fail, 0BC4ED30-FAED-EDB7-8A03-077D4D57E130, firefox, 2018-04-10 09:42:21, contaminated
trace_3.2_fail, B36EEF51-9B33-C9D5-6034-AF8A23B6CCF4, firefox, 2018-04-10 09:42:21, contaminated
trace_3.2_fail, 2ED7E7C0-0CBE-8B50-A92C-69D65F1D1697, firefox, 2018-04-10 09:42:21, contaminated
trace_3.2_fail, A8C1A42F-ACCA-E91A-7EA3-3F7C3B6F64C9, firefox, 2018-04-10 09:42:21, contaminated
trace_3.2_fail, AF8BC467-070F-CFAC-B722-D47D187E5E83, firefox, 2018-04-10 09:42:21, contaminated
trace_3.2_fail, 6318750D-4226-379D-1FCA-944714F1ADA0, firefox, 2018-04-10 09:42:21, contaminated
trace_3.2_fail, D02E7740-813C-ADAC-1DF6-20662E77FBC3, firefox, 2018-04-10 09:42:21, contaminated
trace_3.2_fail, 2D541BFD-74B0-93F2-BCF9-ADFAD26A62CD, firefox, 2018-04-10 09:42:21, contaminated
trace_3.2_fail, 046F7F79-18D6-4268-9523-317A94226D1D, firefox, 2018-04-10 09:42:21, contaminated
trace_3.2_fail, 368369A2-00DC-77D4-1735-E8CC18675219, firefox, 2018-04-10 09:42:21, contaminated
trace_3.2_fail, 3A5AEF56-2D85-CB1B-901A-B8FB43F0795F, firefox, 2018-04-10 09:42:21, contaminated
trace_3.2_fail, 9A9CB16D-5870-9E3B-466E-80E3DFB47A94, firefox, 2018-04-10 09:42:21, contaminated
trace_3.2_fail, A2B92D7A-A958-D95D-4B0B-5B2DFE164974, firefox, 2018-04-10 09:42:21, contaminated
trace_3.2_fail, FDDF8168-7E48-99F4-BD25-EAF36DC7DA91, firefox, 2018-04-10 09:42:21, contaminated
trace_3.2_fail, EEFAC717-6F9A-E215-85EA-7713B3B6A9F9, firefox, 2018-04-10 09:42:21, contaminated
trace_3.2_fail, 125D9731-851B-1F59-C85C-E267725D004C, firefox, 2018-04-10 09:42:21, contaminated
trace_3.2_fail, CF19D109-F781-E2DF-59C7-F98284BFB0A0, firefox, 2018-04-10 09:42:21, contaminated
trace_3.2_fail, 81B34E8C-4387-3BEB-F2C6-9D4F1A06826C, firefox, 2018-04-10 09:42:21, contaminated
trace_3.2_fail, 1BD45D30-36BB-129E-FBF8-8AB997093B40, firefox, 2018-04-10 09:42:21, contaminated
trace_3.2_fail, 41BD2CA5-7EBD-DC7D-0DBF-E8FDCC9DC6F4, firefox, 2018-04-10 09:42:21, contaminated
trace_3.2_fail, 88E28D25-4949-04E8-3B4C-9EA5E8FC2159, firefox, 2018-04-10 09:42:21, contaminated
trace_3.2_fail, 4AE61388-76BE-082F-DAC8-4A808DBBF3E4, firefox, 2018-04-10 09:42:21, contaminated
trace_3.2_fail, DD9D7B9C-2B2E-77C8-2F5E-69FDC9198A50, firefox, 2018-04-10 09:42:21, contaminated
trace_3.2_fail, A6DCFC96-9ACE-BC21-E982-9E744E185BB4, firefox, 2018-04-10 09:42:21, contaminated
trace_3.2_fail, 691B112C-0968-5D0A-FEE6-4D806F61DE7B, firefox, 2018-04-10 09:42:21, contaminated
trace_3.2_fail, 80DE072F-B5C9-947C-FEB4-60A144743B37, firefox, 2018-04-10 09:42:21, contaminated
trace_3.2_fail, 2CFD6FB4-83E2-3600-09DC-7EB9B01AB240, firefox, 2018-04-10 09:42:21, contaminated
trace_3.2_fail, 8370C4ED-4B9C-C1AE-3647-A931BCDB9218, firefox, 2018-04-10 09:42:21, contaminated
trace_3.2_fail, 939FAA37-0F16-5E4C-3845-A37907E572D0, firefox, 2018-04-10 09:42:21, contaminated
trace_3.2_fail, A5097B5E-B8CB-5228-8975-FA9DCB0CF8D5, firefox, 2018-04-10 09:42:21, contaminated
trace_3.2_fail, E97C003E-8448-F0E4-6224-F6CF7628995D, firefox, 2018-04-10 09:42:21, contaminated
trace_3.2_fail, 25835E44-F474-7A3C-7056-1E4311B96E62, firefox, 2018-04-10 09:42:21, contaminated
trace_3.2_fail, 47F65771-938F-9DD5-B503-A8C2B5D227D8, firefox, 2018-04-10 09:42:21, contaminated
trace_3.2_fail, D8F8CEA0-45CE-DC58-FD7D-71B46717CE4C, firefox, 2018-04-10 09:42:21, contaminated
trace_3.2_fail, 1A1F87E2-1FE5-8108-6970-73056D980475, firefox, 2018-04-10 09:42:21, contaminated
trace_3.2_fail, 0F6BF135-39B9-93AE-3F97-5838D0B4BFF6, firefox, 2018-04-10 09:42:21, contaminated
trace_3.2_fail, 013D37AB-1DED-45B3-B306-70C2B96D36DE, firefox, 2018-04-10 09:42:21, contaminated
trace_3.2_fail, 894E7607-9E2F-CDCE-76DA-3E0E97549412, firefox, 2018-04-10 09:42:21, contaminated
trace_3.2_fail, 6C14AD95-5429-5EA5-6EE5-96D84F69A3A4, firefox, 2018-04-10 09:42:21, contaminated
trace_3.2_fail, 9512C7AD-CDE6-6EDA-6387-08F5911252AB, firefox, 2018-04-10 09:42:21, contaminated
trace_3.2_fail, F9410B69-DD82-6CFF-759A-CD450E5BA6F4, firefox, 2018-04-10 09:42:21, contaminated
trace_3.2_fail, A24BAAD4-5756-8631-6B01-DBF83B3EA859, firefox, 2018-04-10 09:42:21, contaminated
trace_3.2_fail, 9AAFCC3C-C2BA-EB7B-D61A-CFA5005022C5, firefox, 2018-04-10 09:42:21, contaminated
trace_3.2_fail, 720B0FF2-06FD-F4CD-3675-34DD2E356961, firefox, 2018-04-10 09:42:21, contaminated
trace_3.2_fail, 32316EBF-E18A-55A9-1708-728D3AEEF259, firefox, 2018-04-10 09:42:21, contaminated
trace_3.2_fail, 3F69C2EF-1F8F-681C-A78B-5BD1863BE0BB, firefox, 2018-04-10 09:42:21, contaminated
trace_3.2_fail, B5FF5FA1-C9B8-8BA1-5EEB-E09D20FD6F69, firefox, 2018-04-10 09:42:21, contaminated
trace_3.2_fail, E402AFBF-6AA1-AA5F-D607-7071D92275DF, firefox, 2018-04-10 09:42:21, contaminated
trace_3.2_fail, B62A3E81-37DB-2EF1-BA5F-FFC548F5445C, firefox, 2018-04-10 09:42:21, contaminated
trace_3.2_fail, 4A96E62F-652B-54E7-AB7F-C5731D2EB34A, firefox, 2018-04-10 09:42:21, contaminated
trace_3.2_fail, B6FF079A-9D13-30AA-715A-45051A0BD2B7, firefox, 2018-04-10 09:42:21, contaminated
trace_3.2_fail, 63AA2C69-4E42-16E6-34A5-E84E2CE6A7AC, firefox, 2018-04-10 09:42:21, contaminated
trace_3.2_fail, 77AD4AAF-41AA-E9E8-9D3C-8C01B48B7065, firefox, 2018-04-10 09:42:21, contaminated
trace_3.2_fail, 2C76A6F6-9061-DA97-CF30-E74A9AFE3FCD, firefox, 2018-04-10 09:42:21, contaminated
trace_3.2_fail, 81DD81EE-0346-FE9E-79D6-F4632BA9BDC3, firefox, 2018-04-10 09:42:21, contaminated
trace_3.2_fail, B0EB7186-7FC2-6726-9475-765775E326F1, firefox, 2018-04-10 09:42:21, contaminated
trace_3.2_fail, 2235CFAE-A9E8-2E29-76DF-C3516C9AEA7A, firefox, 2018-04-10 09:42:21, contaminated
trace_3.2_fail, 0B69685D-7497-6BCD-2D42-5F2309088D38, firefox, 2018-04-10 09:42:21, contaminated
trace_3.2_fail, DC9EBB2D-96B2-F8D8-1909-4537CFBA9993, firefox, 2018-04-10 09:42:21, contaminated
trace_3.2_fail, 8C626F15-529A-1071-5D32-1A5E4E7D1F19, firefox, 2018-04-10 09:42:21, contaminated
trace_3.2_fail, 2DD5692D-DBFC-9459-E53E-DD37B61A824D, firefox, 2018-04-10 09:42:21, contaminated
trace_3.2_fail, 44F27028-FA2B-4EEB-0AE2-32A309C0287D, firefox, 2018-04-10 09:42:21, contaminated
trace_3.2_fail, BFD62BC2-E80D-E0FF-4C8B-F4652C97948C, firefox, 2018-04-10 09:42:21, contaminated
trace_3.2_fail, 09610173-E0F4-A8B6-8C75-B98E5B99F5E5, firefox, 2018-04-10 09:42:21, contaminated
trace_3.2_fail, F8004E21-9321-5337-C6E1-17C8D6567BE0, firefox, 2018-04-10 09:42:21, contaminated
trace_3.2_fail, 76A37889-6458-8BFB-14A6-E92AB5B6E6E6, firefox, 2018-04-10 09:42:21, contaminated
trace_3.2_fail, 9837D603-2103-730E-ECC9-E735E56AA2CE, firefox, 2018-04-10 09:42:21, contaminated
trace_3.2_fail, F5061F6F-DD98-A510-2BD7-0F4A386EF64B, firefox, 2018-04-10 09:42:21, contaminated
trace_3.2_fail, 76B387E3-DD72-5C03-5EB2-1ACB306D5DED, firefox, 2018-04-10 09:42:21, contaminated
trace_3.2_fail, 0DDDE62C-DD24-FE64-A4AD-8BC583892A50, firefox, 2018-04-10 09:42:21, contaminated
trace_3.2_fail, 8CA7CDC0-11DA-C297-FF95-E08A4942EAE1, firefox, 2018-04-10 09:42:21, contaminated
trace_3.2_fail, 8A8FC308-6939-995F-5140-2892E8FBC666, firefox, 2018-04-10 09:42:21, contaminated
trace_3.2_fail, C05C2AC6-C7B1-033A-2324-6319DAF28C04, firefox, 2018-04-10 09:42:21, contaminated
trace_3.2_fail, 01171B8C-F9DB-DD07-D24C-C8CDD43B789D, firefox, 2018-04-10 09:42:21, contaminated
trace_3.2_fail, A821AA8B-7866-A23A-98C8-A9F09AEEC0CF, firefox, 2018-04-10 09:42:21, contaminated
trace_3.2_fail, 3DDC46A3-47A9-4474-167E-C5D28D3B0362, firefox, 2018-04-10 09:42:21, contaminated
trace_3.2_fail, C3771D0A-7A47-0EFE-66D6-A127ACF2186C, firefox, 2018-04-10 09:42:21, contaminated
trace_3.2_fail, 8AFC4292-ECAA-8911-35AA-4C35CBAE4D67, firefox, 2018-04-10 09:42:21, contaminated
trace_3.2_fail, 83DD57FA-1C53-ED32-FD5B-BA3554047F6F, firefox, 2018-04-10 09:42:21, contaminated
trace_3.2_fail, 9FDBD2EA-9495-B027-A398-1B6C3896274F, firefox, 2018-04-10 09:42:21, contaminated
trace_3.2_fail, 295A0FF0-0125-5096-472E-56F8A95C2D21, firefox, 2018-04-10 09:42:21, contaminated
trace_3.2_fail, 68E339AB-87AB-FDDE-23B9-BD43EF3DBB77, firefox, 2018-04-10 09:42:21, contaminated
trace_3.2_fail, 16348529-15DF-209A-8EB2-1470A222A4F1, firefox, 2018-04-10 09:42:21, contaminated
trace_3.2_fail, 857C6D00-063C-173B-E3D2-EB5865EB089A, firefox, 2018-04-10 09:42:21, contaminated
trace_3.2_fail, F3AC120D-AC91-2D56-4FA6-22053B74193F, firefox, 2018-04-10 09:42:21, contaminated
trace_3.2_fail, EE0C47F2-E43D-6203-155D-4E1550873CC7, firefox, 2018-04-10 09:42:21, contaminated
trace_3.2_fail, A88C6CDD-0F2E-7C01-DAB4-3CE32878F4E8, firefox, 2018-04-10 09:42:21, contaminated
trace_3.2_fail, D101E0AD-78AC-EEEA-9E58-49ACC16740D6, firefox, 2018-04-10 09:42:21, contaminated
trace_3.2_fail, D11D10B5-BC98-B411-E61A-1326E09B06D0, firefox, 2018-04-10 09:42:21, contaminated
trace_3.2_fail, 5C343CB4-5D1D-281E-FFAE-278DBAF72560, firefox, 2018-04-10 09:42:21, contaminated
trace_3.2_fail, 275DDDD6-A186-40A1-CED2-A159E750C2BF, firefox, 2018-04-10 09:42:21, contaminated
trace_3.2_fail, 321BE96B-D2AB-4488-0149-3A582D1919F7, firefox, 2018-04-10 09:42:21, contaminated
trace_3.2_fail, DDFA46B4-4DED-6990-2A4E-825DAF43F964, firefox, 2018-04-10 09:42:21, contaminated
trace_3.2_fail, CA9C0E2A-7A9B-580F-8457-9325BB594A7C, firefox, 2018-04-10 09:42:21, contaminated
trace_3.2_fail, 0AA65FA9-73A7-C69D-9AA8-1600670CB3C3, firefox, 2018-04-10 09:42:21, contaminated
trace_3.2_fail, B9F1D918-B35C-B01D-8434-340E5810F1E9, firefox, 2018-04-10 09:42:21, contaminated
trace_3.2_fail, 9EB2E903-3913-37BD-07C5-BAB84F460676, firefox, 2018-04-10 09:42:21, contaminated
trace_3.2_fail, E55892A4-D6B2-FFF2-4B26-26EA88FE0FD5, firefox, 2018-04-10 09:42:21, contaminated
trace_3.2_fail, CC572749-76C7-05B4-20F6-1D06CE1B6454, firefox, 2018-04-10 09:42:21, contaminated
trace_3.2_fail, A461BAFE-74A3-7D34-86A5-0DF04B368890, firefox, 2018-04-10 09:42:21, contaminated
trace_3.2_fail, F45C984D-3C2E-976D-B9E6-B1587CDD2F60, firefox, 2018-04-10 09:42:21, contaminated
trace_3.2_fail, C7F8DEBB-091C-0E8D-EF8D-78F5B8AC5919, firefox, 2018-04-10 09:42:21, contaminated
trace_3.2_fail, 8B339749-07FE-B1BF-E218-61CDE0E9D65D, firefox, 2018-04-10 09:42:21, contaminated
trace_3.2_fail, 016E78DB-EAD0-0BAA-667F-A276146BB0B6, firefox, 2018-04-10 09:42:21, contaminated
trace_3.2_fail, DCFAAFF6-4116-627A-04CA-AEB83D8AC902, firefox, 2018-04-10 09:42:21, contaminated
trace_3.2_fail, F75148CD-81CA-EA7D-A267-3ED1370BC7F0, firefox, 2018-04-10 09:42:21, contaminated
trace_3.2_fail, 21F676F2-BEB4-755A-6EF7-98AA84F0D2E1, firefox, 2018-04-10 09:42:21, contaminated
trace_3.2_fail, 2C20B81E-1F43-0EBB-E266-91C89C0C7428, firefox, 2018-04-10 09:42:21, contaminated
trace_3.2_fail, E5F114C7-60B2-3E80-FAC1-5985D5E7FCD9, firefox, 2018-04-10 09:42:21, contaminated
trace_3.2_fail, D62B144D-6372-D74D-242D-0F88C29F2E23, firefox, 2018-04-10 09:42:21, contaminated
trace_3.2_fail, A1A2F947-7EAC-76ED-DAA9-3B4B7AB7BCBB, firefox, 2018-04-10 09:42:21, contaminated
trace_3.2_fail, ADFB86A0-7830-65F8-0FDF-69CE1B96E259, firefox, 2018-04-10 09:42:21, contaminated
trace_3.2_fail, 5AC1EF7C-E3DB-F527-C3E0-CA3DD8B53012, firefox, 2018-04-10 09:42:21, contaminated
trace_3.2_fail, 1A5558D6-2C12-3F24-40AF-AC88F7F28BAC, firefox, 2018-04-10 09:42:21, contaminated
trace_3.2_fail, D60AC38E-8875-E4D5-44A6-E780B0A46F31, firefox, 2018-04-10 09:42:21, contaminated
trace_3.2_fail, 4EC66486-3982-C579-D80F-85C5A90A5C05, firefox, 2018-04-10 09:42:21, contaminated
trace_3.2_fail, 6492557D-3356-9F77-E0BE-EB4E4B8BC3C0, firefox, 2018-04-10 09:42:21, contaminated
trace_3.2_fail, CA66E30F-ED09-4CE9-F814-7DAA242178EB, firefox, 2018-04-10 09:42:21, contaminated
trace_3.2_fail, 8207D4A0-C2E9-F923-73ED-BD9DCFBB4678, firefox, 2018-04-10 09:42:21, contaminated
trace_3.2_fail, 31AC4514-4746-04CB-DE08-CFE59BC260CD, firefox, 2018-04-10 09:42:21, contaminated
trace_3.2_fail, 780C3DED-1625-2C52-C4A9-D29EF3E26C32, firefox, 2018-04-10 09:42:21, contaminated
trace_3.2_fail, 6FDABD5E-2FB4-ADC1-E76D-01BE88DF97BC, firefox, 2018-04-10 09:42:22, contaminated
trace_3.2_fail, 8A74AA9B-B5A0-8672-2604-C97F1FB0C098, firefox, 2018-04-10 09:42:22, contaminated
trace_3.2_fail, C7A5C80A-C611-42D4-5D00-2102916B0D61, firefox, 2018-04-10 09:42:22, contaminated
trace_3.2_fail, E81286A3-09F6-633B-8D71-CF503055AB77, firefox, 2018-04-10 09:42:22, contaminated
trace_3.2_fail, F9CFE210-DF06-F25F-3641-9155A84B8DB9, firefox, 2018-04-10 09:42:22, contaminated
trace_3.2_fail, D7F61DBB-E429-B980-5791-A8CA04BDAA11, firefox, 2018-04-10 09:42:22, contaminated
trace_3.2_fail, 523A8290-281C-B159-E957-B2361B547BD8, firefox, 2018-04-10 09:42:22, contaminated
trace_3.2_fail, 6764BDB2-989B-3E12-8C52-79C65778FB5B, firefox, 2018-04-10 09:42:22, contaminated
trace_3.2_fail, 461F2F3A-65B0-05A4-A436-EC60633BEC4C, firefox, 2018-04-10 09:42:22, contaminated
trace_3.2_fail, 01E3C0C2-588F-520C-24CA-418BE18CA953, firefox, 2018-04-10 09:42:22, contaminated
trace_3.2_fail, 10DFF66C-9FFD-CB9A-D406-0253060B366F, firefox, 2018-04-10 09:42:22, contaminated
trace_3.2_fail, B7ECF574-7B1F-AC25-E3F8-254AAA01BEDE, firefox, 2018-04-10 09:42:22, contaminated
trace_3.2_fail, 2CF8CB20-6C65-7078-9ACF-B900275C8139, firefox, 2018-04-10 09:42:22, contaminated
trace_3.2_fail, 87A2D3A1-1FF6-2D74-538E-5079841FC665, firefox, 2018-04-10 09:42:22, contaminated
trace_3.2_fail, 3AF8AA15-1E61-B853-FFB3-EF62427BA149, firefox, 2018-04-10 09:42:22, contaminated
trace_3.2_fail, DA2F4B66-0CD0-2F7D-0112-5CB55E20E3BA, firefox, 2018-04-10 09:42:22, contaminated
trace_3.2_fail, EBF3C6E4-0A9F-0232-3C68-B294EB494DFC, firefox, 2018-04-10 09:42:22, contaminated
trace_3.2_fail, 956BB7CC-5998-8F75-976B-0FA8C173F1B2, firefox, 2018-04-10 09:42:22, contaminated
trace_3.2_fail, FA540FFA-B01F-46B3-70D4-07C55E04A017, firefox, 2018-04-10 09:42:22, contaminated
trace_3.2_fail, B61DCDAD-8F73-0452-F453-989F3C488C72, firefox, 2018-04-10 09:42:22, contaminated
trace_3.2_fail, 8EAECC08-0321-4C16-C441-54E72F763D85, firefox, 2018-04-10 09:42:22, contaminated
trace_3.2_fail, B57C1159-0551-1F07-88CF-2E82A4F3A0D6, firefox, 2018-04-10 09:42:22, contaminated
trace_3.2_fail, D2FC4617-D73B-5053-F418-337FA05EDD3A, firefox, 2018-04-10 09:42:22, contaminated
trace_3.2_fail, 674E2F60-899C-F8E5-3FBB-52893A89EE4A, firefox, 2018-04-10 09:42:22, contaminated
trace_3.2_fail, 018A69D0-6441-CF8C-70A2-2DB3C42908DF, firefox, 2018-04-10 09:42:22, contaminated
trace_3.2_fail, 4126091A-184E-88A9-465F-450F90282E0E, firefox, 2018-04-10 09:42:22, contaminated
trace_3.2_fail, ED93A754-D90E-E319-BB97-65A017335EC6, firefox, 2018-04-10 09:42:22, contaminated
trace_3.2_fail, 47B109E8-089D-40ED-5AC9-A2783F72CD01, firefox, 2018-04-10 09:42:22, contaminated
trace_3.2_fail, 18CAA5F3-2BBA-F199-597B-F19CDD89CEC0, firefox, 2018-04-10 09:42:22, contaminated
trace_3.2_fail, 43F3DC84-D349-5C1F-4314-F0A71E4D62F7, firefox, 2018-04-10 09:42:22, contaminated
trace_3.2_fail, 6FE580F0-D14C-604E-CC26-4CD90EFC8899, firefox, 2018-04-10 09:42:22, contaminated
trace_3.2_fail, 8DF62666-BA70-82E0-7941-8202B2856E06, firefox, 2018-04-10 09:42:22, contaminated
trace_3.2_fail, 8953934F-CE73-4354-8E0B-F9C0B709A43C, firefox, 2018-04-10 09:42:22, contaminated
trace_3.2_fail, EAD50C57-2429-3837-0374-2ED374D9B8FF, firefox, 2018-04-10 09:42:22, contaminated
trace_3.2_fail, 08F520B4-08EF-D06C-3D81-357549FE921E, firefox, 2018-04-10 09:42:22, contaminated
trace_3.2_fail, 53C9EEC0-4EA4-A4E7-1997-A5B8D9C0BFE5, firefox, 2018-04-10 09:42:22, contaminated
trace_3.2_fail, C0F8112F-9B6D-A644-6160-EBA6960CCD5E, firefox, 2018-04-10 09:42:22, contaminated
trace_3.2_fail, 7949D7CA-4634-6B4D-D2BE-35670647C628, firefox, 2018-04-10 09:42:22, contaminated
trace_3.2_fail, 79DA7AE6-8A9D-9F4B-E4D5-6E8CD491212B, firefox, 2018-04-10 09:42:22, contaminated
trace_3.2_fail, AF9CD647-AB69-914B-2F3C-C109B5417877, firefox, 2018-04-10 09:42:22, contaminated
trace_3.2_fail, 7E8E39D1-D51A-0B4B-8C70-1714AF5CCB9C, firefox, 2018-04-10 09:42:22, contaminated
trace_3.2_fail, 4D7657F7-5B1B-AD28-51C2-323355E9E1D7, firefox, 2018-04-10 09:42:22, contaminated
trace_3.2_fail, 905BE552-B69A-A12B-E60B-F8D64347E32D, firefox, 2018-04-10 09:42:22, contaminated
trace_3.2_fail, 7C0EC0BB-BBEA-4B41-F9A7-0E06BFC5F804, firefox, 2018-04-10 09:42:22, contaminated
trace_3.2_fail, 99C777B2-EE77-89D9-2327-15F56C42A3CD, firefox, 2018-04-10 09:42:22, contaminated
trace_3.2_fail, CC4B026B-A31B-F6A1-F51D-A962EC65570A, firefox, 2018-04-10 09:42:22, contaminated
trace_3.2_fail, 5279DA4D-7D0A-1B84-4AC3-3E5E21C6BE0A, firefox, 2018-04-10 09:42:22, contaminated
trace_3.2_fail, 7AC53D19-E2FE-1843-09C7-11A1EA357A15, firefox, 2018-04-10 09:42:22, contaminated
trace_3.2_fail, D7138322-DCEF-93A8-BC2A-3AA5EE3E9FED, firefox, 2018-04-10 09:42:22, contaminated
trace_3.2_fail, 85F685B1-DE52-16ED-57A4-6765F010E36B, firefox, 2018-04-10 09:42:22, contaminated
trace_3.2_fail, D306DDB8-4CEC-4473-019B-D150C8DF65D4, firefox, 2018-04-10 09:42:22, contaminated
trace_3.2_fail, 3B7E62F3-12ED-207D-D52A-AA89A3AF4D87, firefox, 2018-04-10 09:42:22, contaminated
trace_3.2_fail, C8E4ECF2-6989-635A-03E2-B81C6FB2D592, firefox, 2018-04-10 09:42:22, contaminated
trace_3.2_fail, ABDB6BCA-FB3D-D536-1C4C-FBC507EF6309, firefox, 2018-04-10 09:42:22, contaminated
trace_3.2_fail, 78D7E615-E47B-DB5D-AB4B-002D3A35325E, firefox, 2018-04-10 09:42:22, contaminated
trace_3.2_fail, F5C05D8D-58E5-AA09-79C5-776858E99360, firefox, 2018-04-10 09:42:22, contaminated
trace_3.2_fail, 5AFECB24-23B2-C5EE-2333-62832C089500, firefox, 2018-04-10 09:42:22, contaminated
trace_3.2_fail, BC70AD9A-4B5E-FDD7-044E-DAA6800E3BC7, firefox, 2018-04-10 09:42:22, contaminated
trace_3.2_fail, 11A93B38-2861-6370-9F3B-66E6BC034073, firefox, 2018-04-10 09:42:22, contaminated
trace_3.2_fail, B6A08075-4842-1030-3C66-210AA9A13B9A, firefox, 2018-04-10 09:42:22, contaminated
trace_3.2_fail, 84C3B103-DBBF-1590-7053-A8D3184CF818, firefox, 2018-04-10 09:42:22, contaminated
trace_3.2_fail, 0895E23D-0018-9ABA-8D2F-BBB6F07C084F, firefox, 2018-04-10 09:42:22, contaminated
trace_3.2_fail, 4390C4E1-739A-C39D-35ED-A0F9986810C6, firefox, 2018-04-10 09:42:22, contaminated
trace_3.2_fail, 3C9953E3-294F-5D65-C44D-A83601A36BDA, firefox, 2018-04-10 09:42:22, contaminated
trace_3.2_fail, 81C7CE6D-5C73-E0B1-6DE5-9D2553B30107, firefox, 2018-04-10 09:42:22, contaminated
trace_3.2_fail, 5A6BE26B-2FA9-6A56-855E-9993634DEAA2, firefox, 2018-04-10 09:42:22, contaminated
trace_3.2_fail, 815D7D4B-04B8-7726-113E-CC0DA492B36E, firefox, 2018-04-10 09:42:22, contaminated
trace_3.2_fail, 75C2C2F6-911F-5F07-2BBF-D60659F583DF, firefox, 2018-04-10 09:42:22, contaminated
trace_3.2_fail, 6D776B9A-CC84-907E-5082-603B38035F38, firefox, 2018-04-10 09:42:22, contaminated
trace_3.2_fail, 79696083-E0D5-7F2E-CCCD-9BD43DD4EDFE, firefox, 2018-04-10 09:42:22, contaminated
trace_3.2_fail, 7A771647-B953-3F0D-3867-BBC8784383D7, firefox, 2018-04-10 09:42:22, contaminated
trace_3.2_fail, 976A6ED2-D0E4-52E3-BB9A-8B3DA84A8092, firefox, 2018-04-10 09:42:22, contaminated
trace_3.2_fail, 28BEBE60-583A-0C1F-FB86-0AE0FCC9A89E, firefox, 2018-04-10 09:42:22, contaminated
trace_3.2_fail, 66D76EEF-68B8-A480-E6A5-95F6DFC3D7E7, firefox, 2018-04-10 09:42:22, contaminated
trace_3.2_fail, 2868D52E-967A-90A6-FFEE-A7A360DD25FD, firefox, 2018-04-10 09:42:22, contaminated
trace_3.2_fail, 63628069-2963-AD31-DD7D-23AC0F183993, firefox, 2018-04-10 09:42:22, contaminated
trace_3.2_fail, 07801229-7850-DD6E-6F10-F22DFD83B930, firefox, 2018-04-10 09:42:22, contaminated
trace_3.2_fail, 4D76226A-0C8A-B6C5-2195-41954E89A31B, firefox, 2018-04-10 09:42:22, contaminated
trace_3.2_fail, 3F5CDFD4-9B44-6A47-AD84-D36E134C3A5C, firefox, 2018-04-10 09:42:22, contaminated
trace_3.2_fail, DDF767FA-6A32-1920-CDB8-415EE0685A2A, firefox, 2018-04-10 09:42:22, contaminated
trace_3.2_fail, 55C3629C-37A9-B82B-02E2-01BB5AE2C732, firefox, 2018-04-10 09:42:22, contaminated
trace_3.2_fail, 70CC9422-BD65-9BAA-5F26-28B2A32D1142, firefox, 2018-04-10 09:42:22, contaminated
trace_3.2_fail, 3DB1E1C6-1AA9-3FC6-61ED-AEC2FEACC988, firefox, 2018-04-10 09:42:22, contaminated
trace_3.2_fail, 6C3C929A-288B-C892-FCB4-E5493BA109D3, firefox, 2018-04-10 09:42:22, contaminated
trace_3.2_fail, 86406F80-B892-9880-5371-AE210E87ED10, firefox, 2018-04-10 09:42:22, contaminated
trace_3.2_fail, 55B1C7EC-DE64-76F5-2412-705930D80BA6, firefox, 2018-04-10 09:42:22, contaminated
trace_3.2_fail, E88AB3DE-1937-95AF-A378-D6F53F2FE046, firefox, 2018-04-10 09:42:22, contaminated
trace_3.2_fail, A1E1E1AF-7A10-80E6-64BA-9DBA715DDD4D, firefox, 2018-04-10 09:42:22, contaminated
trace_3.2_fail, 2F513AF4-6875-10A3-917C-BDE3D75662E0, firefox, 2018-04-10 09:42:22, contaminated
trace_3.2_fail, D7158293-A0FA-99C4-FA32-263A4BEB0A03, firefox, 2018-04-10 09:42:22, contaminated
trace_3.2_fail, 6385C87E-E5FE-9A65-7205-2D55B1CE63EF, firefox, 2018-04-10 09:42:22, contaminated
trace_3.2_fail, 92495460-D5D0-5FBC-F2CD-41EFC3C71CD7, firefox, 2018-04-10 09:42:22, contaminated
trace_3.2_fail, EA35DA9E-1FD7-2B8C-F6E9-05D17EE6F420, firefox, 2018-04-10 09:42:22, contaminated
trace_3.2_fail, FA0AF218-D01A-3212-8663-C61A45862417, firefox, 2018-04-10 09:42:22, contaminated
trace_3.2_fail, 00BD5D79-0840-A12B-2CB1-3A15F055E169, firefox, 2018-04-10 09:42:22, contaminated
trace_3.2_fail, 7EA29E93-A64E-ED58-97B9-4E0AF0E5687C, firefox, 2018-04-10 09:42:22, contaminated
trace_3.2_fail, 70BA7973-452E-E9E8-A1A3-A5093A752E1F, firefox, 2018-04-10 09:42:22, contaminated
trace_3.2_fail, 9163BA21-C12A-31A2-3156-0F518E00D9CF, firefox, 2018-04-10 09:42:22, contaminated
trace_3.2_fail, DFC770F1-E072-62EB-07CF-BAEC19CCB4BA, firefox, 2018-04-10 09:42:22, contaminated
trace_3.2_fail, 9C692F0A-9F19-E359-857F-9F7AF47B6F76, firefox, 2018-04-10 09:42:22, contaminated
trace_3.2_fail, 14FB5005-546F-34AF-5417-152FD322BA4D, firefox, 2018-04-10 09:42:22, contaminated
trace_3.2_fail, 7A65F144-5CCA-E397-BFB0-861331BCBBD2, firefox, 2018-04-10 09:42:22, contaminated
trace_3.2_fail, 00BAFCDD-9640-A0BE-A510-15A9B3C3D3E5, firefox, 2018-04-10 09:42:22, contaminated
trace_3.2_fail, 57D3384E-027B-D170-B88B-D7E8BB92E9CC, firefox, 2018-04-10 09:42:22, contaminated
trace_3.2_fail, A2FA3556-6406-A58E-8F30-86B49170CE88, firefox, 2018-04-10 09:42:22, contaminated
trace_3.2_fail, 2DA5FB42-691E-53E6-291D-313EF66A6EA4, firefox, 2018-04-10 09:42:22, contaminated
trace_3.2_fail, 24E6D1B4-3B65-8F32-2C60-2C68741D1543, firefox, 2018-04-10 09:42:22, contaminated
trace_3.2_fail, 31280EE8-19A3-9A69-18D9-38BB2EB580E5, firefox, 2018-04-10 09:42:22, contaminated
trace_3.2_fail, 8DDB6A1E-083C-E09F-98D6-0D421980F704, firefox, 2018-04-10 09:42:22, contaminated
trace_3.2_fail, E40A85B0-10A5-62F8-EFB0-7EF1095AABDE, firefox, 2018-04-10 09:42:22, contaminated
trace_3.2_fail, B42E3849-4742-07A9-AB97-023F8E4D790E, firefox, 2018-04-10 09:42:22, contaminated
trace_3.2_fail, 1E52DB4E-5508-8259-6959-538972EFBE0E, firefox, 2018-04-10 09:42:22, contaminated
trace_3.2_fail, 00310CBE-0C78-BA7C-3A4F-2BF302F58B38, firefox, 2018-04-10 09:42:22, contaminated
trace_3.2_fail, D65744C4-353A-34FC-A6A4-BE4FE8A918B7, firefox, 2018-04-10 09:42:22, contaminated
trace_3.2_fail, 8780C3EF-2597-09A7-A14B-DC0C0388626E, firefox, 2018-04-10 09:42:22, contaminated
trace_3.2_fail, F20133B4-B5FC-1CE6-7419-7EDF4F6B18EE, firefox, 2018-04-10 09:42:22, contaminated
trace_3.2_fail, 346E6FA4-EC34-C0F0-B1A6-2BEB8319405D, firefox, 2018-04-10 09:42:22, contaminated
trace_3.2_fail, 19CF9BE9-72C7-293E-E748-D95604B007CD, firefox, 2018-04-10 09:42:22, contaminated
trace_3.2_fail, DBE9370F-34F8-BB43-7F0D-1A06CAD2CA23, firefox, 2018-04-10 09:42:22, contaminated
trace_3.2_fail, 5C382D26-4D2A-6CFC-DD4C-39379FE8A8BB, firefox, 2018-04-10 09:42:22, contaminated
trace_3.2_fail, B3C3B33B-3D66-E40B-BE39-8C65004E42CD, firefox, 2018-04-10 09:42:22, contaminated
trace_3.2_fail, 9DB6429F-0FA2-9642-EDDD-549F5B8192B6, firefox, 2018-04-10 09:42:22, contaminated
trace_3.2_fail, A7528714-0C85-6C40-FE35-DF5DECF7A93D, firefox, 2018-04-10 09:42:22, contaminated
trace_3.2_fail, A48B09F2-9250-7D62-C947-89AB180847D2, firefox, 2018-04-10 09:42:22, contaminated
trace_3.2_fail, 42DE1734-1641-C9E9-6D1B-3B1C4BDB585B, firefox, 2018-04-10 09:42:22, contaminated
trace_3.2_fail, DAD9DAAA-1BEC-DDCE-98F2-CA7DDC429738, firefox, 2018-04-10 09:42:22, contaminated
trace_3.2_fail, 0F0F7DE2-C50A-EDE2-0A74-B48186906836, firefox, 2018-04-10 09:42:22, contaminated
trace_3.2_fail, 9104B648-B5B2-6F30-EF5F-750A08F1FE1E, firefox, 2018-04-10 09:42:22, contaminated
trace_3.2_fail, 32EB7495-70D3-9FAE-334A-00F47D57B289, firefox, 2018-04-10 09:42:22, contaminated
trace_3.2_fail, 327C2633-BFA8-19C3-02C7-757BA44C4FB1, firefox, 2018-04-10 09:42:22, contaminated
trace_3.2_fail, A57FB70C-7D94-B850-4034-E670C34D01C5, firefox, 2018-04-10 09:42:22, contaminated
trace_3.2_fail, A63BD538-0EA8-A624-A990-846D13392157, firefox, 2018-04-10 09:42:22, contaminated
trace_3.2_fail, 2D12CAFF-7E10-CC57-76CC-8958A6DB7F43, firefox, 2018-04-10 09:42:22, contaminated
trace_3.2_fail, FD8FDA8B-0032-1FF2-F42F-A4E433A2E199, firefox, 2018-04-10 09:42:22, contaminated
trace_3.2_fail, F2CECEE4-48B7-6CEF-9E3B-1B2F13ECE186, firefox, 2018-04-10 09:42:22, contaminated
trace_3.2_fail, F3AA94FB-CFE7-9C1D-973A-01FFC5BE0C33, firefox, 2018-04-10 09:42:22, contaminated
trace_3.2_fail, 99D00E4B-3C1D-10BC-6215-35DEED31C6AD, firefox, 2018-04-10 09:42:22, contaminated
trace_3.2_fail, 59EE01C2-EA43-1C14-1CE8-DC91B99F3D68, firefox, 2018-04-10 09:42:22, contaminated
trace_3.2_fail, CD32047B-754B-55C3-2139-B39C932F78CA, firefox, 2018-04-10 09:42:22, contaminated
trace_3.2_fail, DE602CB2-03A3-328C-90F4-A4DFCF3D3DC0, firefox, 2018-04-10 09:42:22, contaminated
trace_3.2_fail, 05393C3F-31D2-422E-8CA2-125022B01CD4, firefox, 2018-04-10 09:42:22, contaminated
trace_3.2_fail, 71961887-8F22-858D-5B19-295015ABD4AF, firefox, 2018-04-10 09:42:22, contaminated
trace_3.2_fail, D51B7145-CB55-4726-CF4B-16AA5960211B, firefox, 2018-04-10 09:42:22, contaminated
trace_3.2_fail, 0E7D1DCD-B5D1-CDAC-F183-60BE53245D54, firefox, 2018-04-10 09:42:22, contaminated
trace_3.2_fail, 02A8606F-AE48-E52B-AE3B-315D1A99ACB3, firefox, 2018-04-10 09:42:22, contaminated
trace_3.2_fail, 2497F84F-2A6C-1168-8C2C-0D8C7A033F86, firefox, 2018-04-10 09:42:22, contaminated
trace_3.2_fail, BF6E37B9-2D1E-6A10-1E44-82C04AEA5120, firefox, 2018-04-10 09:42:22, contaminated
trace_3.2_fail, C32D7EC0-3EA7-1AE8-C958-6F0D6D088DFE, firefox, 2018-04-10 09:42:22, contaminated
trace_3.2_fail, A8FDFD5E-1CDA-11E5-0395-86796E300136, firefox, 2018-04-10 09:42:22, contaminated
trace_3.2_fail, 21A2596C-1C5B-0370-F54C-D99B814666EB, firefox, 2018-04-10 09:42:22, contaminated
trace_3.2_fail, 3084110F-88BD-0005-6574-365B110B6CD9, firefox, 2018-04-10 09:42:22, contaminated
trace_3.2_fail, ECB01586-3DFB-8DD0-5F75-34C5CB712FE2, firefox, 2018-04-10 09:42:22, contaminated
trace_3.2_fail, A69FA2B8-7EFC-CBB1-D075-4D9AC0767D63, firefox, 2018-04-10 09:42:22, contaminated
trace_3.2_fail, 8869B022-6F62-4555-ADDA-172CA34D2A8D, firefox, 2018-04-10 09:42:22, contaminated
trace_3.2_fail, C8852684-5FFA-A0BF-22C2-536AF73701CB, firefox, 2018-04-10 09:42:22, contaminated
trace_3.2_fail, 974D2329-53D0-FC14-BC66-B91D574D72AA, firefox, 2018-04-10 09:42:22, contaminated
trace_3.2_fail, 8827A846-71E5-54C2-4E8A-A56CF691B617, firefox, 2018-04-10 09:42:22, contaminated
trace_3.2_fail, BEE9518D-1C87-963D-CF33-3483C1694B2D, firefox, 2018-04-10 09:42:22, contaminated
trace_3.2_fail, 9E00824E-9E52-4921-4193-FA4934E7C732, firefox, 2018-04-10 09:42:22, contaminated
trace_3.2_fail, 8B070DC1-BFBD-9D7D-7890-A235AF639048, firefox, 2018-04-10 09:42:22, contaminated
trace_3.2_fail, 5272B3B4-2EC0-3F01-2BBE-870949A26BDD, firefox, 2018-04-10 09:42:22, contaminated
trace_3.2_fail, 2221D4FB-268F-2F48-C563-CDC328D5E951, firefox, 2018-04-10 09:42:22, contaminated
trace_3.2_fail, A6584A97-E3C8-31D9-F5F7-E0B2772E1D55, firefox, 2018-04-10 09:42:22, contaminated
trace_3.2_fail, 8362CB2A-B698-A150-8AC0-81E731B50640, firefox, 2018-04-10 09:42:22, contaminated
trace_3.2_fail, 05CDC37F-012B-D0B3-CC1B-88ED0A9F3262, firefox, 2018-04-10 09:42:22, contaminated
trace_3.2_fail, 894DAB90-4AEB-FC43-35F6-807AA764D527, firefox, 2018-04-10 09:42:22, contaminated
trace_3.2_fail, 8AE27E61-5F00-12C0-FC88-FF3DD8153757, firefox, 2018-04-10 09:42:22, contaminated
trace_3.2_fail, ED534BC8-BA0C-4241-A76E-EFA884A1EAEC, firefox, 2018-04-10 09:42:22, contaminated
trace_3.2_fail, B2E48D90-43AA-C1CB-F56C-6ED3093DCE2F, firefox, 2018-04-10 09:42:22, contaminated
trace_3.2_fail, 74AC4FCD-2953-C68A-6AA0-FDC75C5CAC69, firefox, 2018-04-10 09:42:22, contaminated
trace_3.2_fail, 8B06E25B-6F24-8B5E-70F4-03D42060CCA8, firefox, 2018-04-10 09:42:22, contaminated
trace_3.2_fail, 7DAD9D67-EC5C-52E2-FE7E-058344D04D12, firefox, 2018-04-10 09:42:22, contaminated
trace_3.2_fail, CE0C7399-01DD-D843-1584-B609C88DF05A, firefox, 2018-04-10 09:42:22, contaminated
trace_3.2_fail, FA7319D5-90BD-4D63-9385-F66A72ECDEBD, firefox, 2018-04-10 09:42:22, contaminated
trace_3.2_fail, 40D9BC46-1838-C6ED-F7B0-9DF0CE64A4E7, firefox, 2018-04-10 09:42:22, contaminated
trace_3.2_fail, FACDDA35-F9B8-B561-2FCF-6078B963627C, firefox, 2018-04-10 09:42:22, contaminated
trace_3.2_fail, 1B95ED98-4012-D382-1F0A-88F0DD5F5FE8, firefox, 2018-04-10 09:42:22, contaminated
trace_3.2_fail, 73D8F75F-E157-801C-F4F1-160622507455, firefox, 2018-04-10 09:42:22, contaminated
trace_3.2_fail, FF4FBA59-67FA-9F6E-8723-872B281DA3FD, firefox, 2018-04-10 09:42:22, contaminated
trace_3.2_fail, EADE15D2-D47D-945D-CC17-2575495A50A9, firefox, 2018-04-10 09:42:22, contaminated
trace_3.2_fail, 6173BEC0-C918-80B3-D583-AD20E22E9A69, firefox, 2018-04-10 09:42:22, contaminated
trace_3.2_fail, DDE1F740-0BFE-E311-9CE6-1BD0540FFF84, firefox, 2018-04-10 09:42:22, contaminated
trace_3.2_fail, E8C3FA50-D976-06BC-8A31-DE3B017FB5F6, firefox, 2018-04-10 09:42:22, contaminated
trace_3.2_fail, 9B99415D-6C4A-9259-6C8F-CE949C78AFAF, firefox, 2018-04-10 09:42:22, contaminated
trace_3.2_fail, 73E0BE50-283C-0115-F6EF-90E03FEBA158, firefox, 2018-04-10 09:42:22, contaminated
trace_3.2_fail, CB85BD10-E466-25CA-1F5E-CF5AC6A22073, firefox, 2018-04-10 09:42:22, contaminated
trace_3.2_fail, AE44C68E-E84B-2B2C-2915-088A4DB2A055, firefox, 2018-04-10 09:42:22, contaminated
trace_3.2_fail, 337311B8-8463-DE0B-141B-35CDC606791D, firefox, 2018-04-10 09:42:22, contaminated
trace_3.2_fail, F0E8A144-E97A-367A-9A5E-024DEA013C50, firefox, 2018-04-10 09:42:22, contaminated
trace_3.2_fail, A3851AE1-CE66-7E19-D433-4617E7870B2A, firefox, 2018-04-10 09:42:22, contaminated
trace_3.2_fail, 9038AC88-30B6-6473-F708-1A2127AE57B1, firefox, 2018-04-10 09:42:22, contaminated
trace_3.2_fail, AC73F06B-B2E3-CD24-E8DF-B30509EB1556, firefox, 2018-04-10 09:42:22, contaminated
trace_3.2_fail, BF4B6763-ED14-A94E-9EE1-373EDD1CC52E, firefox, 2018-04-10 09:42:22, contaminated
trace_3.2_fail, 2C2952FC-C5D2-2E59-9D97-974CB64780AB, firefox, 2018-04-10 09:42:22, contaminated
trace_3.2_fail, 54E184C1-5CFD-2629-DFAD-FCC28883E8BB, firefox, 2018-04-10 09:42:22, contaminated
trace_3.2_fail, 54E9D9CB-E90C-8EA6-3ADA-6A3C12175BDD, firefox, 2018-04-10 09:42:22, contaminated
trace_3.2_fail, 265E29DE-331C-8A4D-4CB6-F0CB0F581B4D, firefox, 2018-04-10 09:42:22, contaminated
trace_3.2_fail, 9856336E-311A-FB6F-50C1-80C69E48B3FA, firefox, 2018-04-10 09:42:22, contaminated
trace_3.2_fail, E784894E-C1AE-9CD2-F92E-93DE12981FEB, firefox, 2018-04-10 09:42:22, contaminated
trace_3.2_fail, BBF87016-5F42-A667-09C6-84C5F73FB705, firefox, 2018-04-10 09:42:22, contaminated
trace_3.2_fail, 44B38FBC-C84C-7BDE-8F61-4C9199590383, firefox, 2018-04-10 09:42:22, contaminated
trace_3.2_fail, 1AA28AB9-C62C-58B8-1A67-701EFFE64A91, firefox, 2018-04-10 09:42:22, contaminated
trace_3.2_fail, 333A2254-A450-0833-75F6-2509E6E1D73A, firefox, 2018-04-10 09:42:22, contaminated
trace_3.2_fail, 2E6321C7-6F8F-3931-FFDE-6DB758985AAD, firefox, 2018-04-10 09:42:22, contaminated
trace_3.2_fail, 472A4C69-D6DD-8948-943B-E5EAE0F666F8, firefox, 2018-04-10 09:42:22, contaminated
trace_3.2_fail, 846CB655-10B8-9D72-794D-C7E37A1AAAB4, firefox, 2018-04-10 09:42:22, contaminated
trace_3.2_fail, 2B6A0FC3-7B1C-81D1-497B-8D31FEC10594, firefox, 2018-04-10 09:42:22, contaminated
trace_3.2_fail, AC2D027C-ECBE-3C7D-7206-4E69B2487763, firefox, 2018-04-10 09:42:22, contaminated
trace_3.2_fail, 664CACA2-AAB1-DEB5-3467-EEA8EB6D07B3, firefox, 2018-04-10 09:42:22, contaminated
trace_3.2_fail, 75AA9F20-2636-9C17-0E91-756B3F042E65, firefox, 2018-04-10 09:42:22, contaminated
trace_3.2_fail, 3BE3C0FE-1B15-5C40-9B23-93A8480FDC3B, firefox, 2018-04-10 09:42:22, contaminated
trace_3.2_fail, 2A20555B-F3F4-5B60-BA03-08AEB7632366, firefox, 2018-04-10 09:42:22, contaminated
trace_3.2_fail, 93CA9C00-E3B9-6DCA-084A-6FEF38DF6F6F, firefox, 2018-04-10 09:42:22, contaminated
trace_3.2_fail, A019A094-3D21-32D1-74FF-360EBC3703A8, firefox, 2018-04-10 09:42:22, contaminated
trace_3.2_fail, BADD0E56-F971-66B4-3FB0-C3C1A6C723DD, firefox, 2018-04-10 09:42:22, contaminated
trace_3.2_fail, BD8B92FE-55BF-1215-81C1-F762E72D9429, firefox, 2018-04-10 09:42:22, contaminated
trace_3.2_fail, 28C0D7E9-B513-94C0-5131-CCC911A2B11A, firefox, 2018-04-10 09:42:22, contaminated
trace_3.2_fail, 2CD27AD7-7C5B-EC16-8BA1-927AA2D53BF3, firefox, 2018-04-10 09:42:22, contaminated
trace_3.2_fail, E631633B-C010-9715-6592-5058059250CD, firefox, 2018-04-10 09:42:22, contaminated
trace_3.2_fail, 4EB12592-6964-5F62-7D3B-3B272F282436, firefox, 2018-04-10 09:42:22, contaminated
trace_3.2_fail, 32283966-DB5D-E202-3D44-DF0EC08A47EC, firefox, 2018-04-10 09:42:22, contaminated
trace_3.2_fail, 98A9BCFD-A686-A66A-F50E-61DE7062787A, firefox, 2018-04-10 09:42:22, contaminated
trace_3.2_fail, 59891E60-552C-33AF-925D-C7668269DBDA, firefox, 2018-04-10 09:42:22, contaminated
trace_3.2_fail, A24C7E7E-D890-121D-343C-C31CBA33C304, firefox, 2018-04-10 09:42:22, contaminated
trace_3.2_fail, 598868F3-0ABB-BC03-F2E6-545529D1E524, firefox, 2018-04-10 09:42:22, contaminated
trace_3.2_fail, EC2F9B4B-DF9E-A650-144B-F61906E9FE61, firefox, 2018-04-10 09:42:22, contaminated
trace_3.2_fail, A073D50B-7E41-47B5-C06B-D443D3AD976D, firefox, 2018-04-10 09:42:22, contaminated
trace_3.2_fail, 4834BAB0-9754-3841-B89C-92F89072B255, firefox, 2018-04-10 09:42:22, contaminated
trace_3.2_fail, EEF8D39A-18FF-295F-3BB0-29B7BD27B208, firefox, 2018-04-10 09:42:22, contaminated
trace_3.2_fail, CFE56F52-58DB-3D64-67FD-47A926C8035D, firefox, 2018-04-10 09:42:22, contaminated
trace_3.2_fail, F1D0CE43-0931-7A5C-D0AD-112D30F46984, firefox, 2018-04-10 09:42:22, contaminated
trace_3.2_fail, F51E0AA0-BF87-DE1A-9007-B9C0D0BD6E1E, firefox, 2018-04-10 09:42:22, contaminated
trace_3.2_fail, D8895A5A-B89C-C880-4DEA-DDD0DDBB676E, firefox, 2018-04-10 09:42:22, contaminated
trace_3.2_fail, 6E4FB6DB-7911-7A26-A140-4B81AA9F0DEB, firefox, 2018-04-10 09:42:22, contaminated
trace_3.2_fail, 148BB131-9E34-163A-7AD6-4B595CE5F20D, firefox, 2018-04-10 09:42:22, contaminated
trace_3.2_fail, 23CB417F-DDE2-6A50-7636-AF45711CA371, firefox, 2018-04-10 09:42:22, contaminated
trace_3.2_fail, 490D63A9-54FB-D4E1-92E2-8D9147499DCA, firefox, 2018-04-10 09:42:22, contaminated
trace_3.2_fail, 5B26E34E-C2BF-6B3D-2EAF-A8C89F1DA369, firefox, 2018-04-10 09:42:22, contaminated
trace_3.2_fail, 2D9CA992-8E17-AFE0-0F23-9D191D033A86, firefox, 2018-04-10 09:42:22, contaminated
trace_3.2_fail, 819999C5-E718-BE18-7257-E7832BE2C20B, firefox, 2018-04-10 09:42:22, contaminated
trace_3.2_fail, 0C0947A5-F8CA-FA5D-AB20-BB82DD8EA618, firefox, 2018-04-10 09:42:22, contaminated
trace_3.2_fail, E75DD4D5-1D59-811B-BA13-2371E4C7FA92, firefox, 2018-04-10 09:42:22, contaminated
trace_3.2_fail, D635A6A3-E714-8DCE-A851-671B32776EAF, firefox, 2018-04-10 09:42:22, contaminated
trace_3.2_fail, 863F4D1E-40FF-984F-C0C4-A65988DECECE, firefox, 2018-04-10 09:42:22, contaminated
trace_3.2_fail, DE308BA3-A7F0-D5C7-19EF-5A482BB8E54A, firefox, 2018-04-10 09:42:22, contaminated
trace_3.2_fail, 2DB7189F-84DE-D857-9E98-5FF9C52FBEFC, firefox, 2018-04-10 09:42:22, contaminated
trace_3.2_fail, CB260147-703C-2047-42D7-6A786FCE0B66, firefox, 2018-04-10 09:42:22, contaminated
trace_3.2_fail, F1413226-4471-B6D0-C7B0-5B7A250EF455, firefox, 2018-04-10 09:42:22, contaminated
trace_3.2_fail, EE3D461C-2C74-E0C9-5D30-1C2EF992D62C, firefox, 2018-04-10 09:42:22, contaminated
trace_3.2_fail, 185EE46C-C9BC-6E43-D5DD-56602F78F3D0, firefox, 2018-04-10 09:42:22, contaminated
trace_3.2_fail, A4121F9D-D71E-7AB3-F143-F5B767DED038, firefox, 2018-04-10 09:42:22, contaminated
trace_3.2_fail, FA81804B-595E-A79B-E0B0-2C7E5A70769A, firefox, 2018-04-10 09:42:22, contaminated
trace_3.2_fail, C408D4D4-0F57-AD2A-5740-AF14AFCEE55F, firefox, 2018-04-10 09:42:22, contaminated
trace_3.2_fail, 2FB41594-A46F-6DD2-3265-6EA901A607E3, firefox, 2018-04-10 09:42:22, contaminated
trace_3.2_fail, 4D546BD0-C09E-F1D6-1AB8-3DC74A0C7ECE, firefox, 2018-04-10 09:42:22, contaminated
trace_3.2_fail, 57971E10-1D90-EC63-DE42-C54C4FE4E42A, firefox, 2018-04-10 09:42:22, contaminated
trace_3.2_fail, F0DD805E-1545-8C71-18B2-64A0ABD6222B, firefox, 2018-04-10 09:42:22, contaminated
trace_3.2_fail, AD0352F8-C3CC-047C-85E8-048802844594, firefox, 2018-04-10 09:42:22, contaminated
trace_3.2_fail, 03B0B046-F328-06E2-E292-671E772E53F9, firefox, 2018-04-10 09:42:22, contaminated
trace_3.2_fail, A475182B-17AC-C40B-B2F5-81E302ED1707, firefox, 2018-04-10 09:42:22, contaminated
trace_3.2_fail, EA075AB5-02D3-E05D-7D33-7346C9840BE9, firefox, 2018-04-10 09:42:22, contaminated
trace_3.2_fail, F2117C10-16F6-8A7F-2E1C-5940F2E4A951, firefox, 2018-04-10 09:42:22, contaminated
trace_3.2_fail, EB179AB6-71C9-848B-262A-7985B8AE915C, firefox, 2018-04-10 09:42:22, contaminated
trace_3.2_fail, 09C4356F-7043-922D-D04C-AACE692BF126, firefox, 2018-04-10 09:42:22, contaminated
trace_3.2_fail, 5AD55787-003A-C09E-8750-7EC802B0658C, firefox, 2018-04-10 09:42:22, contaminated
trace_3.2_fail, 8FA9883C-6BA7-7132-E85B-CC4F2132BF76, firefox, 2018-04-10 09:42:22, contaminated
trace_3.2_fail, 2176B162-6A66-D049-B085-6752CB2A0930, firefox, 2018-04-10 09:42:22, contaminated
trace_3.2_fail, 8A88FF48-2EFC-29E7-7DF8-E8872D6EA871, firefox, 2018-04-10 09:42:22, contaminated
trace_3.2_fail, 08A118F9-34FD-3C98-8832-946DF235BE11, firefox, 2018-04-10 09:42:22, contaminated
trace_3.2_fail, 06880CD7-9CFF-3374-3145-9EC8D25CBF51, firefox, 2018-04-10 09:42:22, contaminated
trace_3.2_fail, 77172F35-D994-82EA-4D26-4F29AC066A44, firefox, 2018-04-10 09:42:22, contaminated
trace_3.2_fail, F91EB439-FC2B-702F-C622-97D97E0D8465, firefox, 2018-04-10 09:42:22, contaminated
trace_3.2_fail, 0788E533-BC3A-2FC5-44B5-77C23332A77A, firefox, 2018-04-10 09:42:22, contaminated
trace_3.2_fail, 57C730C9-148B-B1F0-A9B5-D7352C1BD2CF, firefox, 2018-04-10 09:42:22, contaminated
trace_3.2_fail, 94A4D943-F4C0-6CDD-1032-B49F831F1221, firefox, 2018-04-10 09:42:22, contaminated
trace_3.2_fail, 3EC5D041-E83C-89FF-2058-9B4D4938A6D6, firefox, 2018-04-10 09:42:22, contaminated
trace_3.2_fail, 53B46884-E065-027D-1CA9-F226AFCE2904, firefox, 2018-04-10 09:42:22, contaminated
trace_3.2_fail, B33DA1F9-2AC5-50C3-317C-E21059A36098, firefox, 2018-04-10 09:42:22, contaminated
trace_3.2_fail, B1535CEA-8F69-1279-E6AE-F9D6CD4F79C2, firefox, 2018-04-10 09:42:22, contaminated
trace_3.2_fail, 76C40502-621C-A292-37BF-74053E0524B5, firefox, 2018-04-10 09:42:22, contaminated
trace_3.2_fail, CA56BC0C-EE38-B720-FF04-52C64EDE70A5, firefox, 2018-04-10 09:42:22, contaminated
trace_3.2_fail, D5A3259A-41FD-2854-317C-1A422250E35E, firefox, 2018-04-10 09:42:22, contaminated
trace_3.2_fail, CFF0D23E-7AE6-E51D-3E93-20E0841DC831, firefox, 2018-04-10 09:42:22, contaminated
trace_3.2_fail, BB0EA79E-D64C-98C2-58CA-E139510F0F02, firefox, 2018-04-10 09:42:22, contaminated
trace_3.2_fail, D824BAE0-8D34-5F06-04CE-DAFB6D37CC54, firefox, 2018-04-10 09:42:22, contaminated
trace_3.2_fail, B28E0710-3610-CD07-9032-E9A36EE0B57C, firefox, 2018-04-10 09:42:22, contaminated
trace_3.2_fail, 9D606F8C-561A-99F7-8AD2-3B10F5AFF95A, firefox, 2018-04-10 09:42:22, contaminated
trace_3.2_fail, 7DF86A9F-998B-6F94-0D69-4F39473101A6, firefox, 2018-04-10 09:42:22, contaminated
trace_3.2_fail, 477C2AE4-8DA1-0F29-41B2-C05E4FDD67DB, firefox, 2018-04-10 09:42:22, contaminated
trace_3.2_fail, 193AD3CC-A8A5-E191-3047-C7D232C2E104, firefox, 2018-04-10 09:42:22, contaminated
trace_3.2_fail, A4281CC3-DDCA-B73D-DF5A-1A5487E6A663, firefox, 2018-04-10 09:42:22, contaminated
trace_3.2_fail, D9881BE9-F6DA-D9B4-05B3-BE5985EA7B71, firefox, 2018-04-10 09:42:22, contaminated
trace_3.2_fail, 53671534-189A-DE64-963B-3B07F8BE0450, firefox, 2018-04-10 09:42:22, contaminated
trace_3.2_fail, 5B5DBF80-DAEF-3427-F108-84C2C2D2F2EB, firefox, 2018-04-10 09:42:22, contaminated
trace_3.2_fail, C74C1A19-49AD-2F2F-E120-8E121FD603D2, firefox, 2018-04-10 09:42:22, contaminated
trace_3.2_fail, 5BE21EB1-2244-9263-2874-FC6D24C6A832, firefox, 2018-04-10 09:42:22, contaminated
trace_3.2_fail, C440E9FC-47EF-4025-2780-AC606947CE30, firefox, 2018-04-10 09:42:22, contaminated
trace_3.2_fail, 1C23948C-FBFB-CDB8-9E23-E904C276B045, firefox, 2018-04-10 09:42:22, contaminated
trace_3.2_fail, B6500572-401B-D183-82F0-6EBF09C0D048, firefox, 2018-04-10 09:42:22, contaminated
trace_3.2_fail, EB4E4C95-A5C3-9AAD-74A4-8D2F67858A56, firefox, 2018-04-10 09:42:22, contaminated
trace_3.2_fail, 12C6911C-1F87-6377-A355-5F3D14CE45CF, firefox, 2018-04-10 09:42:22, contaminated
trace_3.2_fail, 69991210-754D-9E7E-1A81-98EAE00FFB43, firefox, 2018-04-10 09:42:22, contaminated
trace_3.2_fail, E07FF3C1-C1F1-BDE1-51AE-B3DC4754B2F1, firefox, 2018-04-10 09:42:22, contaminated
trace_3.2_fail, 9A7A5134-BADE-2689-CF91-DDF2BE08DB06, firefox, 2018-04-10 09:42:22, contaminated
trace_3.2_fail, 81A4FBA7-29CC-455B-4520-A013353E4E99, firefox, 2018-04-10 09:42:22, contaminated
trace_3.2_fail, E9FA0F04-D9DD-A9FA-9CCB-AD8AB1DEA50C, firefox, 2018-04-10 09:42:22, contaminated
trace_3.2_fail, AD8CA6A9-057E-0A97-3CE8-CDAF7E823A1C, firefox, 2018-04-10 09:42:22, contaminated
trace_3.2_fail, A2024BC9-EBED-EA1C-6AC8-64BC1D5750CE, firefox, 2018-04-10 09:42:22, contaminated
trace_3.2_fail, 3A0D4E83-A7DA-38A2-80A2-FAFF052EE552, firefox, 2018-04-10 09:42:22, contaminated
trace_3.2_fail, CC14F3FC-9A66-7BDF-6B24-0AC1CD8D0D1D, firefox, 2018-04-10 09:42:22, contaminated
trace_3.2_fail, 642C5AE5-6EE7-71EF-2DE2-4EEE508C692E, firefox, 2018-04-10 09:42:22, contaminated
trace_3.2_fail, 1D86403B-962E-67A5-1B19-9962A397FB4D, firefox, 2018-04-10 09:42:22, contaminated
trace_3.2_fail, C06A206E-CC92-E641-0288-8CDCB33071C7, firefox, 2018-04-10 09:42:22, contaminated
trace_3.2_fail, 1F1AE81F-BFDB-33B0-7F4C-318FA51BEAA2, firefox, 2018-04-10 09:42:22, contaminated
trace_3.2_fail, 4805CA41-9BBD-9472-B9F9-E553DCB6A3BD, firefox, 2018-04-10 09:42:22, contaminated
trace_3.2_fail, CC9025C2-5A11-8768-4478-F9644C918329, firefox, 2018-04-10 09:42:22, contaminated
trace_3.2_fail, B53716DA-A999-5E06-A38D-6303318ECEA9, firefox, 2018-04-10 09:42:22, contaminated
trace_3.2_fail, D816B994-0964-B388-CEF7-7F33CBB4B065, firefox, 2018-04-10 09:42:22, contaminated
trace_3.2_fail, 32A749BC-F9E5-47EB-398E-8610D8B3AAD9, firefox, 2018-04-10 09:42:22, contaminated
trace_3.2_fail, D2BDD4A4-5D5D-CA7D-6606-ED05C91BB7F5, firefox, 2018-04-10 09:42:22, contaminated
trace_3.2_fail, 6C5FAF72-1100-74D2-EE61-D126701D9B53, firefox, 2018-04-10 09:42:22, contaminated
trace_3.2_fail, BCDBA0F6-25B3-3ACE-D69B-F0A63DFD870B, firefox, 2018-04-10 09:42:22, contaminated
trace_3.2_fail, 6603E8F6-1B23-6017-8E2A-20070AD56C5B, firefox, 2018-04-10 09:42:22, contaminated
trace_3.2_fail, 91D0C71A-50E4-52DB-8CC5-61AEB09237B1, firefox, 2018-04-10 09:42:22, contaminated
trace_3.2_fail, 1065D6C3-906A-CB66-4345-234CA6CE29BC, firefox, 2018-04-10 09:42:22, contaminated
trace_3.2_fail, 8CF773C7-74F5-0C3E-864B-CDA3DFAB554D, firefox, 2018-04-10 09:42:22, contaminated
trace_3.2_fail, 308CD7B3-4A08-B2BA-88D7-4454BB733681, firefox, 2018-04-10 09:42:22, contaminated
trace_3.2_fail, 88E6E993-B6AE-E129-FF67-3AEFD3EA07FF, firefox, 2018-04-10 09:42:22, contaminated
trace_3.2_fail, F5FEB0C1-D77F-2C25-4763-C61AC00D2E92, firefox, 2018-04-10 09:42:22, contaminated
trace_3.2_fail, FAACEAEC-B181-4935-7D88-FC6BD30DA257, firefox, 2018-04-10 09:42:22, contaminated
trace_3.2_fail, 33FA38F5-5FBF-7FDE-B210-ACD8C0F8AB7B, firefox, 2018-04-10 09:42:22, contaminated
trace_3.2_fail, 0F53D551-F308-D6DE-EA46-1D9DC373F31C, firefox, 2018-04-10 09:42:22, contaminated
trace_3.2_fail, 53D381C6-1A1D-B0F7-2159-6B8759C85CFD, firefox, 2018-04-10 09:42:22, contaminated
trace_3.2_fail, 46DAAE01-6E76-8C3A-B7D4-F3CD01B3A1B1, firefox, 2018-04-10 09:42:22, contaminated
trace_3.2_fail, 5CFFA450-0562-D275-318B-EABF2E78D586, firefox, 2018-04-10 09:42:22, contaminated
trace_3.2_fail, EE3E3BF1-1EEF-1605-2694-E2807FA7CDD2, firefox, 2018-04-10 09:42:22, contaminated
trace_3.2_fail, A451F77E-0DFD-CC2C-BA46-6692902FBF15, firefox, 2018-04-10 09:42:22, contaminated
trace_3.2_fail, C965C115-4BE3-2F3D-4C4E-D54AE7EAEA22, firefox, 2018-04-10 09:42:22, contaminated
trace_3.2_fail, 21B672FC-5F85-7BEA-AE86-F34995DD821C, firefox, 2018-04-10 09:42:22, contaminated
trace_3.2_fail, 4706E5A3-CCAE-CD72-ED49-165D8B430A25, firefox, 2018-04-10 09:42:22, contaminated
trace_3.2_fail, A6718748-66B1-A996-F466-95DB39E98A95, firefox, 2018-04-10 09:42:22, contaminated
trace_3.2_fail, B70D879E-013E-8445-C9C9-455A0FF00D20, firefox, 2018-04-10 09:42:22, contaminated
trace_3.2_fail, DBDA9F8C-1426-8D94-3E8F-C037B9AEBAD7, firefox, 2018-04-10 09:42:22, contaminated
trace_3.2_fail, 3C8DDAFB-8D6F-7FDC-99FB-8861A85F81C9, firefox, 2018-04-10 09:42:22, contaminated
trace_3.2_fail, 0280B548-F247-D3A0-7F6C-D2721DFE111D, firefox, 2018-04-10 09:42:22, contaminated
trace_3.2_fail, 2D797B6F-7358-BF28-B5D2-6539EBF5F5D4, firefox, 2018-04-10 09:42:22, contaminated
trace_3.2_fail, ABEA254D-D070-1F83-8DFF-CDF750E72AE2, firefox, 2018-04-10 09:42:22, contaminated
trace_3.2_fail, CB548964-E31A-1BAA-ACEE-00DCCFD70588, firefox, 2018-04-10 09:42:22, contaminated
trace_3.2_fail, CED3A041-EE0A-04A1-4556-C87CFD50644E, firefox, 2018-04-10 09:42:22, contaminated
trace_3.2_fail, FB176676-F962-58E8-E284-A07DDCD4920B, firefox, 2018-04-10 09:42:22, contaminated
trace_3.2_fail, 4BEE3FF6-D43E-B788-E7FB-CA862F9E2D83, firefox, 2018-04-10 09:42:22, contaminated
trace_3.2_fail, A049C900-562D-60A0-4342-1381D934B228, firefox, 2018-04-10 09:42:22, contaminated
trace_3.2_fail, 043CA7F9-0D89-C988-36DA-37C71E0A5EBE, firefox, 2018-04-10 09:42:22, contaminated
trace_3.2_fail, F50A64D2-3A0E-E20B-4D66-EA6577FEB5F0, firefox, 2018-04-10 09:42:22, contaminated
trace_3.2_fail, 8ADFF18A-153A-5335-E5C0-77CA1991FC35, firefox, 2018-04-10 09:42:22, contaminated
trace_3.2_fail, 09E05F3B-216A-8B57-B6AF-90C2A698EE10, firefox, 2018-04-10 09:42:22, contaminated
trace_3.2_fail, AEC26457-4730-BF38-B615-18B8D677F455, firefox, 2018-04-10 09:42:22, contaminated
trace_3.2_fail, B863E67E-8E1E-810D-D782-4314DAFFA61E, firefox, 2018-04-10 09:42:22, contaminated
trace_3.2_fail, 726E8C38-744F-4860-4490-16709B98D04B, firefox, 2018-04-10 09:42:22, contaminated
trace_3.2_fail, BC00F17C-B3E1-110F-4AE2-BD3B6209F778, firefox, 2018-04-10 09:42:22, contaminated
trace_3.2_fail, 7547E9AF-300F-1F01-E4BB-0EF4E30FE648, firefox, 2018-04-10 09:42:22, contaminated
trace_3.2_fail, FAE0B4CA-AD5C-CE3C-1FC6-CA6A5DCEBFDA, firefox, 2018-04-10 09:42:22, contaminated
trace_3.2_fail, D2940EC0-7D86-A616-1307-83BC3E9043D9, firefox, 2018-04-10 09:42:22, contaminated
trace_3.2_fail, 800D44AC-7A2B-709F-406D-6657D1AF1E03, firefox, 2018-04-10 09:42:22, contaminated
trace_3.2_fail, 8569C76A-A654-78AE-5D5A-4549C53A9660, firefox, 2018-04-10 09:42:22, contaminated
trace_3.2_fail, E30D1F49-C142-787B-8B28-B9F381CE9BD5, firefox, 2018-04-10 09:42:22, contaminated
trace_3.2_fail, 393790B9-663F-6CD2-A04E-3D627C0B6AAD, firefox, 2018-04-10 09:42:22, contaminated
trace_3.2_fail, 3E0A9CF3-6C7A-2E53-658C-2050AAE5FF43, firefox, 2018-04-10 09:42:22, contaminated
trace_3.2_fail, F489A136-0CFE-F11C-9E74-E07B34887679, firefox, 2018-04-10 09:42:22, contaminated
trace_3.2_fail, EEB4812D-0561-2BA9-6700-5A5C7B68152F, firefox, 2018-04-10 09:42:22, contaminated
trace_3.2_fail, 77ADBF72-5C1B-0C7D-0985-F4E616732659, firefox, 2018-04-10 09:42:22, contaminated
trace_3.2_fail, B132D96E-784B-E25F-0A7A-10D79C969D92, firefox, 2018-04-10 09:42:22, contaminated
trace_3.2_fail, 33930ABF-C6B9-8D71-BCE3-887EF18616B4, firefox, 2018-04-10 09:42:22, contaminated
trace_3.2_fail, EF89FC01-0EEC-AA76-A5EC-835534F61F5A, firefox, 2018-04-10 09:42:22, contaminated
trace_3.2_fail, 69353734-160B-3A8C-53D0-22A9C20D7D46, firefox, 2018-04-10 09:42:22, contaminated
trace_3.2_fail, C67A8C2E-F919-F2D3-2954-B662C62B67B2, firefox, 2018-04-10 09:42:22, contaminated
trace_3.2_fail, CD51266B-3D58-E553-F691-47F0F8A7C785, firefox, 2018-04-10 09:42:22, contaminated
trace_3.2_fail, 47D59DF2-0B53-C36D-16FB-0714E9B9F44E, firefox, 2018-04-10 09:42:22, contaminated
trace_3.2_fail, 4029E8C6-F233-B15B-402A-C01187BDDC2B, firefox, 2018-04-10 09:42:22, contaminated
trace_3.2_fail, 2CDE0CF2-8AEF-7572-124A-67B994547364, firefox, 2018-04-10 09:42:22, contaminated
trace_3.2_fail, 21703547-3A8F-C3A2-B4E1-738B4994E9CD, firefox, 2018-04-10 09:42:22, contaminated
trace_3.2_fail, FD796C91-3BB5-1208-8371-5B9A77CB733D, firefox, 2018-04-10 09:42:22, contaminated
trace_3.2_fail, 5352F174-B09C-7C01-7C21-0759B20812CD, firefox, 2018-04-10 09:42:22, contaminated
trace_3.2_fail, F6977685-46ED-09A1-E052-92387FB69116, firefox, 2018-04-10 09:42:22, contaminated
trace_3.2_fail, 3062B6EB-C868-E600-6C67-ADC09648C3A4, firefox, 2018-04-10 09:42:22, contaminated
trace_3.2_fail, 47C3A4D8-FA9D-D2EE-730C-440CDC0E77CD, firefox, 2018-04-10 09:42:22, contaminated
trace_3.2_fail, E7281BD1-DC9C-5899-01A3-47A6BE7FF806, firefox, 2018-04-10 09:42:22, contaminated
trace_3.2_fail, 9734B219-5CC0-81AB-EFB6-1095B8EADEBD, firefox, 2018-04-10 09:42:22, contaminated
trace_3.2_fail, AABDEFDB-6801-522C-021A-4FD11CEE6F74, firefox, 2018-04-10 09:42:22, contaminated
trace_3.2_fail, 20C1C00E-A08F-539A-4B35-D2101B1C3C3F, firefox, 2018-04-10 09:42:22, contaminated
trace_3.2_fail, 8F4C9AE5-444F-00E1-2C77-557E117C44A1, firefox, 2018-04-10 09:42:22, contaminated
trace_3.2_fail, B6293D8A-7A88-DF19-52E1-0EF72708FB64, firefox, 2018-04-10 09:42:22, contaminated
trace_3.2_fail, 9E9FC44E-1926-8CCB-576D-E20ACAA3809F, firefox, 2018-04-10 09:42:22, contaminated
trace_3.2_fail, B0EBDD96-5C86-5B02-977C-960DED929D0E, firefox, 2018-04-10 09:42:22, contaminated
trace_3.2_fail, C7030D27-5E35-C260-F7BA-D5427BCD52DA, firefox, 2018-04-10 09:42:22, contaminated
trace_3.2_fail, 0EE9B124-8CB5-3FE1-A6F0-F931E89329FE, firefox, 2018-04-10 09:42:22, contaminated
trace_3.2_fail, 42AF49D9-1CE8-F0C7-C65F-2CB1B1D0CE56, firefox, 2018-04-10 09:42:22, contaminated
trace_3.2_fail, 7217EDF4-F657-C57B-34AF-7F65F5699C5B, firefox, 2018-04-10 09:42:22, contaminated
trace_3.2_fail, 671E6E32-C2D0-847D-4A8B-3158487E75D3, firefox, 2018-04-10 09:42:22, contaminated
trace_3.2_fail, 79DA846D-DED5-D1CF-4F79-555AC31ED2A2, firefox, 2018-04-10 09:42:22, contaminated
trace_3.2_fail, 28FCF76E-B11E-05EF-9A88-1A0DA9EB4496, firefox, 2018-04-10 09:42:22, contaminated
trace_3.2_fail, 6825A476-00B9-2F7B-E338-A86BD71FB51C, firefox, 2018-04-10 09:42:22, contaminated
trace_3.2_fail, 3B1F0C51-3391-03DE-2BC8-9A8FE124085C, firefox, 2018-04-10 09:42:22, contaminated
trace_3.2_fail, 018170A2-74F7-54BF-235E-5B329A6B873F, firefox, 2018-04-10 09:42:22, contaminated
trace_3.2_fail, C10E4AF4-5D64-7B42-7C7B-B8E14A99679D, firefox, 2018-04-10 09:42:22, contaminated
trace_3.2_fail, 6AE343CA-CF62-1A2D-A2D5-B372EF71BAED, firefox, 2018-04-10 09:42:22, contaminated
trace_3.2_fail, 215EFE7B-A38C-0A28-1CA0-1BE9B77A5E7D, firefox, 2018-04-10 09:42:22, contaminated
trace_3.2_fail, 922998B3-EA42-B661-BDAC-5F2054B2375F, firefox, 2018-04-10 09:42:22, contaminated
trace_3.2_fail, 1DC5895B-BB43-2751-9219-2F15DCCD60C8, firefox, 2018-04-10 09:42:22, contaminated
trace_3.2_fail, B002EA9E-47BB-7431-E1F0-475B2D44D836, firefox, 2018-04-10 09:42:22, contaminated
trace_3.2_fail, 696573E7-5D14-9658-C324-8FCF2F0A593A, firefox, 2018-04-10 09:42:22, contaminated
trace_3.2_fail, CD39C589-8C3C-FDED-E397-00BBE98D313E, firefox, 2018-04-10 09:42:22, contaminated
trace_3.2_fail, 51DD5946-9425-1E93-6330-556DDD8C9559, firefox, 2018-04-10 09:42:22, contaminated
trace_3.2_fail, D1B999DF-784C-A70D-757B-A5BD5A400589, firefox, 2018-04-10 09:42:22, contaminated
trace_3.2_fail, 7F1744EE-A295-57F7-2FE4-13DDFFC2F45D, firefox, 2018-04-10 09:42:22, contaminated
trace_3.2_fail, 4DFA95DD-7384-F985-482D-93F4142CBE9D, firefox, 2018-04-10 09:42:22, contaminated
trace_3.2_fail, CD3CFDCD-E1A9-220F-894F-17F95C374A5C, firefox, 2018-04-10 09:42:22, contaminated
trace_3.2_fail, 932954D6-884D-FCA2-52BE-7900ABEF7B4C, firefox, 2018-04-10 09:42:22, contaminated
trace_3.2_fail, 1130030F-7365-C687-172A-F8CD2866BEC3, firefox, 2018-04-10 09:42:22, contaminated
trace_3.2_fail, 68BE343E-0F33-61B7-081D-1907AB66F2CF, firefox, 2018-04-10 09:42:22, contaminated
trace_3.2_fail, 7CC76E91-6387-2A0D-7642-D3FB9251FB8C, firefox, 2018-04-10 09:42:22, contaminated
trace_3.2_fail, 95E56CC7-3750-743C-8545-BD5FD7CF6D80, firefox, 2018-04-10 09:42:22, contaminated
trace_3.2_fail, 085493F5-4249-8427-9435-1239E17F3019, firefox, 2018-04-10 09:42:22, contaminated
trace_3.2_fail, DED2D044-1A1F-EDF3-CEDD-1C7A436EB980, firefox, 2018-04-10 09:42:22, contaminated
trace_3.2_fail, 824267E2-4789-5999-1F3A-A4735605F43D, firefox, 2018-04-10 09:42:22, contaminated
trace_3.2_fail, 7A725E14-CC84-048C-2179-F5D3BCD3DF70, firefox, 2018-04-10 09:42:22, contaminated
trace_3.2_fail, E5BF95AC-A6DA-F876-ACEC-981A0C23D6A9, firefox, 2018-04-10 09:42:22, contaminated
trace_3.2_fail, 49DA95D3-B4BE-C975-B827-A1EF6F7B8BEC, firefox, 2018-04-10 09:42:22, contaminated
trace_3.2_fail, 95115DD4-82FD-2546-3761-967405299C97, firefox, 2018-04-10 09:42:22, contaminated
trace_3.2_fail, 6DEBE0C4-8E82-A991-A66A-FD1F3D0C0933, firefox, 2018-04-10 09:42:22, contaminated
trace_3.2_fail, 9762B2F0-FFB4-567A-2946-1F10D818CA8C, firefox, 2018-04-10 09:42:22, contaminated
trace_3.2_fail, A9A1A898-BB66-E8EA-C31C-59DD19523BEC, firefox, 2018-04-10 09:42:22, contaminated
trace_3.2_fail, 87A4A7C1-B5D4-3099-573F-43B5C36B99A6, firefox, 2018-04-10 09:42:22, contaminated
trace_3.2_fail, 93218866-647C-41ED-580A-2E165F2AE43D, firefox, 2018-04-10 09:42:22, contaminated
trace_3.2_fail, E78D25B5-AB34-83D1-DDBD-D1DE0264A7E3, firefox, 2018-04-10 09:42:22, contaminated
trace_3.2_fail, E12A6A90-DE4B-161B-058F-971ACFADABD8, firefox, 2018-04-10 09:42:22, contaminated
trace_3.2_fail, D74400D4-53C7-2192-D435-366B886E4D33, firefox, 2018-04-10 09:42:22, contaminated
trace_3.2_fail, BA07B812-AFC7-F9F8-9456-6699F2BCFDDA, firefox, 2018-04-10 09:42:22, contaminated
trace_3.2_fail, 13659D99-91A8-400D-BF0E-F1C150B87786, firefox, 2018-04-10 09:42:22, contaminated
trace_3.2_fail, 1A06036E-0798-8341-B336-3FF5CB576040, firefox, 2018-04-10 09:42:22, contaminated
trace_3.2_fail, 3A618B4C-B26E-B0C4-5844-6F86A6F3E9C0, firefox, 2018-04-10 09:42:22, contaminated
trace_3.2_fail, CB5E8618-6702-85A2-C4F0-6E55DA2A087C, firefox, 2018-04-10 09:42:22, contaminated
trace_3.2_fail, 92E04A7F-3D33-D034-8BBA-BA34126F746B, firefox, 2018-04-10 09:42:22, contaminated
trace_3.2_fail, 54D80FD5-5DA8-4AE0-1B0B-2DF3FF31C604, firefox, 2018-04-10 09:42:22, contaminated
trace_3.2_fail, E571F45C-CC36-2B6B-CD4A-0A0EB62403CC, firefox, 2018-04-10 09:42:22, contaminated
trace_3.2_fail, 6321D3A3-8475-D285-397A-D3E7413D85EA, firefox, 2018-04-10 09:42:22, contaminated
trace_3.2_fail, 26B3BCFE-9AE1-45DB-E713-3F49D433D5EB, firefox, 2018-04-10 09:42:22, contaminated
trace_3.2_fail, 7C82CB66-6699-00E1-BF09-296AC0C53780, firefox, 2018-04-10 09:42:22, contaminated
trace_3.2_fail, 855D65CF-AE6A-8808-AF95-04C96A8D2B23, firefox, 2018-04-10 09:42:22, contaminated
trace_3.2_fail, 4F4AB8D5-63EF-CC2E-4B43-6802AC151317, firefox, 2018-04-10 09:42:22, contaminated
trace_3.2_fail, BC4DE911-6826-A707-6B13-9D08F07F7B81, firefox, 2018-04-10 09:42:22, contaminated
trace_3.2_fail, 367FC1A4-02C9-FDC3-9BBB-1801C46F4790, firefox, 2018-04-10 09:42:22, contaminated
trace_3.2_fail, DB7325B1-76FC-78E2-1CA7-8512F71FB41A, firefox, 2018-04-10 09:42:22, contaminated
trace_3.2_fail, F21AFFC0-3180-2F39-1D3D-477BAED75F4D, firefox, 2018-04-10 09:42:22, contaminated
trace_3.2_fail, 4A4FF8BF-2430-1E2D-B586-FADE10B35E90, firefox, 2018-04-10 09:42:22, contaminated
trace_3.2_fail, 5A213752-C34B-E8A7-BC6C-B085A36839C7, firefox, 2018-04-10 09:42:22, contaminated
trace_3.2_fail, 9357627A-338B-C9E0-1001-575054C9B4A5, firefox, 2018-04-10 09:42:22, contaminated
trace_3.2_fail, 34A1EBCA-D1F1-C496-8BB0-982D013B957B, firefox, 2018-04-10 09:42:22, contaminated
trace_3.2_fail, A62054EA-6838-F790-5D52-47E68B5FD9F2, firefox, 2018-04-10 09:42:22, contaminated
trace_3.2_fail, 788D0866-1A3A-DA30-4A1D-654D3698E505, firefox, 2018-04-10 09:42:22, contaminated
trace_3.2_fail, 71420664-7343-C3CC-64B1-AA78E5328FCB, firefox, 2018-04-10 09:42:22, contaminated
trace_3.2_fail, 418C3556-070E-E079-B3AA-F9FA3D1F9567, firefox, 2018-04-10 09:42:22, contaminated
trace_3.2_fail, 891F485D-D524-E7BE-6B2B-3F74F4AB3BB8, firefox, 2018-04-10 09:42:22, contaminated
trace_3.2_fail, F32E6B4D-5F8C-C597-714E-9F6A79B77835, firefox, 2018-04-10 09:42:22, contaminated
trace_3.2_fail, E77EAE5A-3E14-AA07-FF02-0FC647FB5E93, firefox, 2018-04-10 09:42:22, contaminated
trace_3.2_fail, F082703E-0782-3F23-1165-700393EA1737, firefox, 2018-04-10 09:42:22, contaminated
trace_3.2_fail, EBB032B9-B38A-2027-9466-8085590CEC85, firefox, 2018-04-10 09:42:22, contaminated
trace_3.2_fail, EA1E1228-3DE4-700A-620B-61FC70DEC3AD, firefox, 2018-04-10 09:42:22, contaminated
trace_3.2_fail, 7E16FC54-9030-9862-53EB-33DC975550A9, firefox, 2018-04-10 09:42:22, contaminated
trace_3.2_fail, 55D5804C-52CE-A5FF-889C-26327EACEED0, firefox, 2018-04-10 09:42:22, contaminated
trace_3.2_fail, 493D2609-962C-726D-B846-A9E243824561, firefox, 2018-04-10 09:42:22, contaminated
trace_3.2_fail, A4FE155C-B33A-09A3-CBA4-D6302AEA36B4, firefox, 2018-04-10 09:42:22, contaminated
trace_3.2_fail, 08610BFF-7E9A-6DE9-4ED0-04B26E582C64, firefox, 2018-04-10 09:42:22, contaminated
trace_3.2_fail, B03842CE-6ECF-98DB-E311-6B3FA2B5378F, firefox, 2018-04-10 09:42:22, contaminated
trace_3.2_fail, 3531CF66-3091-62C0-AAC7-4EA764CCE666, firefox, 2018-04-10 09:42:22, contaminated
trace_3.2_fail, 0C5C8C91-4027-815B-3578-D438EC1F39A2, firefox, 2018-04-10 09:42:22, contaminated
trace_3.2_fail, E3F28815-D6F4-1B0A-7217-EB1A47E075F2, firefox, 2018-04-10 09:42:22, contaminated
trace_3.2_fail, 7ECB4347-BE1A-BE1A-DEDD-1E09B19269B4, firefox, 2018-04-10 09:42:22, contaminated
trace_3.2_fail, 5B06EB63-6B9E-94E9-6FC7-8C4CE3AFFE12, firefox, 2018-04-10 09:42:22, contaminated
trace_3.2_fail, 3FB11220-356C-3DAD-3CC7-C5C978158152, firefox, 2018-04-10 09:42:22, contaminated
trace_3.2_fail, 1E45EE17-72B7-3BE8-062C-4710A02F0206, firefox, 2018-04-10 09:42:22, contaminated
trace_3.2_fail, 5C8E9C8B-ABEA-17F0-D782-854EF35187C9, firefox, 2018-04-10 09:42:22, contaminated
trace_3.2_fail, CDB82E5C-854D-78EE-8B05-FE867CF74D72, firefox, 2018-04-10 09:42:22, contaminated
trace_3.2_fail, 5400AFD3-ED63-CFD0-4928-0133973FF167, firefox, 2018-04-10 09:42:22, contaminated
trace_3.2_fail, 8659AC18-EB6A-D9E1-05C7-8969FEA47562, firefox, 2018-04-10 09:42:22, contaminated
trace_3.2_fail, 95812854-5723-8AA4-63DC-60FE5082012B, firefox, 2018-04-10 09:42:22, contaminated
trace_3.2_fail, 1B76FCB4-ADE3-1051-2964-FC12CA534423, firefox, 2018-04-10 09:42:22, contaminated
trace_3.2_fail, A7FE1801-CF64-CEA5-072B-C395B40F1C9E, firefox, 2018-04-10 09:42:22, contaminated
trace_3.2_fail, C64D9229-55D3-2C17-9E87-B1B8A48D6983, firefox, 2018-04-10 09:42:22, contaminated
trace_3.2_fail, 8C2FD8FF-5607-C1CD-07BD-DAFA939CE49F, firefox, 2018-04-10 09:42:22, contaminated
trace_3.2_fail, DEDC5D50-2FDC-C9D5-825F-3762C160A165, firefox, 2018-04-10 09:42:22, contaminated
trace_3.2_fail, 80B9C9C7-35E0-C003-F798-114FDB759C9B, firefox, 2018-04-10 09:42:22, contaminated
trace_3.2_fail, CB4B3FDE-6A37-094F-FEB3-3BDD64F017AA, firefox, 2018-04-10 09:42:22, contaminated
trace_3.2_fail, 60F93E7D-726A-0250-6E90-569BE13ABABA, firefox, 2018-04-10 09:42:22, contaminated
trace_3.2_fail, E908ED54-94B3-8D8D-285E-4F475AEF604A, firefox, 2018-04-10 09:42:22, contaminated
trace_3.2_fail, 483B06A2-CA04-6CB4-CAB5-D25A6B6040A8, firefox, 2018-04-10 09:42:22, contaminated
trace_3.2_fail, 57595373-47BB-D79A-1C13-295BBEBFE9E7, firefox, 2018-04-10 09:42:22, contaminated
trace_3.2_fail, 0A43D655-A89E-2B21-A1F9-30F10FE526DD, firefox, 2018-04-10 09:42:22, contaminated
trace_3.2_fail, D500075A-009B-1462-8B2E-A26C2CCD2A45, firefox, 2018-04-10 09:42:22, contaminated
trace_3.2_fail, F9360673-DFBD-37DD-0FD2-4B1B77A1CE6C, firefox, 2018-04-10 09:42:22, contaminated
trace_3.2_fail, 080502BA-DE0E-E787-CAAF-85FFB052CB0C, firefox, 2018-04-10 09:42:22, contaminated
trace_3.2_fail, 8F5E43F4-B25F-7AAF-FE77-82431B70E4B7, firefox, 2018-04-10 09:42:22, contaminated
trace_3.2_fail, D1A353FA-6832-2229-0889-6D11DC64A8D3, firefox, 2018-04-10 09:42:22, contaminated
trace_3.2_fail, C9F57936-4C85-B860-3036-80DAA68365E5, firefox, 2018-04-10 09:42:22, contaminated
trace_3.2_fail, 66E6C03B-8159-A3A9-6E4F-499B5E6126EE, firefox, 2018-04-10 09:42:22, contaminated
trace_3.2_fail, 0BF21EEF-F6FE-5AD0-0A41-18416232842E, firefox, 2018-04-10 09:42:22, contaminated
trace_3.2_fail, E7E5B805-1F19-F0DD-EF0D-3A8C7F126A68, firefox, 2018-04-10 09:42:22, contaminated
trace_3.2_fail, B2A2783A-D617-83DE-AC1B-C81F9B5EDC3F, firefox, 2018-04-10 09:42:22, contaminated
trace_3.2_fail, 31E1A01F-BD38-DA33-7058-E627CFCF32B4, firefox, 2018-04-10 09:42:22, contaminated
trace_3.2_fail, E55863F6-B54C-21DE-BBDD-1EEC07B6BC78, firefox, 2018-04-10 09:42:22, contaminated
trace_3.2_fail, AEEBFE82-173F-900C-4A18-DB573A1FEA34, firefox, 2018-04-10 09:42:22, contaminated
trace_3.2_fail, 0B304619-A0E1-671C-03D4-9704511EBB69, firefox, 2018-04-10 09:42:22, contaminated
trace_3.2_fail, 0F4AD452-C456-33A5-AC67-3124C582F822, firefox, 2018-04-10 09:42:22, contaminated
trace_3.2_fail, 8DF61C77-345C-4D39-1DB3-ABA662BA6AB7, firefox, 2018-04-10 09:42:22, contaminated
trace_3.2_fail, 2285CE27-C972-1299-0B6D-96CB656A1C60, firefox, 2018-04-10 09:42:22, contaminated
trace_3.2_fail, CA282911-84BF-CFD2-E13D-90D623F5CC57, firefox, 2018-04-10 09:42:22, contaminated
trace_3.2_fail, 36995A33-3FA3-517F-DBE6-CF47563832AD, firefox, 2018-04-10 09:42:22, contaminated
trace_3.2_fail, 6D418F17-A913-0DAB-47F5-F83423CB2405, firefox, 2018-04-10 09:42:22, contaminated
trace_3.2_fail, E61A37CA-09B9-958B-C08B-9E982553606C, firefox, 2018-04-10 09:42:22, contaminated
trace_3.2_fail, F88B2E47-DECD-BEEB-7136-46686D5267CC, firefox, 2018-04-10 09:42:22, contaminated
trace_3.2_fail, 0F8EBE71-4FC7-3104-30EC-49328EF743F1, firefox, 2018-04-10 09:42:22, contaminated
trace_3.2_fail, 1DB36A9D-1199-587E-9B2F-47631F6CC9C2, firefox, 2018-04-10 09:42:22, contaminated
trace_3.2_fail, EECD83D2-B9C7-6373-5E4D-FC1FF0FF5E99, firefox, 2018-04-10 09:42:22, contaminated
trace_3.2_fail, 98E5E05D-A9ED-63CB-A394-87B909127A05, firefox, 2018-04-10 09:42:22, contaminated
trace_3.2_fail, 56537EBB-644E-3244-D429-DACD11DD3C4D, firefox, 2018-04-10 09:42:22, contaminated
trace_3.2_fail, C1C6647C-A13B-A932-101E-484309D79BEC, firefox, 2018-04-10 09:42:22, contaminated
trace_3.2_fail, 082D3D3F-2D1B-4B2D-BA17-17E309B3E203, firefox, 2018-04-10 09:42:22, contaminated
trace_3.2_fail, 66101A12-6991-A5A0-7B3F-B6F51C40D556, firefox, 2018-04-10 09:42:22, contaminated
trace_3.2_fail, C063558E-56AB-44EF-3149-4157AB20E5FA, firefox, 2018-04-10 09:42:22, contaminated
trace_3.2_fail, DF9A2F3F-D7DB-00D5-DF79-DC95FC95597C, firefox, 2018-04-10 09:42:22, contaminated
trace_3.2_fail, 81B04504-17BE-91A9-5B23-CE96091B9868, firefox, 2018-04-10 09:42:22, contaminated
trace_3.2_fail, AA64D949-292B-2ACF-9A88-68254B01CC48, firefox, 2018-04-10 09:42:22, contaminated
trace_3.2_fail, EAE6C98D-C5A8-C730-5F09-D378B225274F, firefox, 2018-04-10 09:42:22, contaminated
trace_3.2_fail, 0885BE02-93E5-69A9-BB3A-611B58758E58, firefox, 2018-04-10 09:42:22, contaminated
trace_3.2_fail, 1AD6B63B-BE11-A043-CB6E-2041C33C7BC3, firefox, 2018-04-10 09:42:22, contaminated
trace_3.2_fail, 6F03B6EE-3D2D-9251-9A7F-392E4AC57C24, firefox, 2018-04-10 09:42:22, contaminated
trace_3.2_fail, E69A4FB7-C6A8-A559-323A-3D0E591159E9, firefox, 2018-04-10 09:42:22, contaminated
trace_3.2_fail, E16627A2-6D14-E65B-6E95-99F22D7DF9E4, firefox, 2018-04-10 09:42:22, contaminated
trace_3.2_fail, C12C076E-3BB3-4620-1614-324F81064D38, firefox, 2018-04-10 09:42:22, contaminated
trace_3.2_fail, CF81E082-57BE-06DA-539F-341FB8DEFECC, firefox, 2018-04-10 09:42:22, contaminated
trace_3.2_fail, 0064FA03-EC27-6AB0-1AFA-20AB0D2ADF96, firefox, 2018-04-10 09:42:22, contaminated
trace_3.2_fail, 382C6C24-5E1A-A9BF-3CE6-F3E79D734C13, firefox, 2018-04-10 09:42:22, contaminated
trace_3.2_fail, AC88ABAF-33AC-EEB1-80A2-1499A065D679, firefox, 2018-04-10 09:42:22, contaminated
trace_3.2_fail, FB3F66DC-4F5E-A7BB-C148-FABCDC28CDB8, firefox, 2018-04-10 09:42:22, contaminated
trace_3.2_fail, BD35E25D-1184-B179-51F4-DE66FDBC863B, firefox, 2018-04-10 09:42:22, contaminated
trace_3.2_fail, F44F3CFA-ECE2-B14B-D27C-E551482B5F57, firefox, 2018-04-10 09:42:22, contaminated
trace_3.2_fail, B566DA8A-9DE9-9F20-A26E-C4216BE7BD2B, firefox, 2018-04-10 09:42:22, contaminated
trace_3.2_fail, 22BF7BC4-AAF9-D80F-51C2-7F006AFFEBBF, firefox, 2018-04-10 09:42:22, contaminated
trace_3.2_fail, 7A8CEED9-C6C8-6AF0-F61B-49D2660DC028, firefox, 2018-04-10 09:42:22, contaminated
trace_3.2_fail, 610870CC-DA4B-3027-47F4-CFEBBCF3621E, firefox, 2018-04-10 09:42:22, contaminated
trace_3.2_fail, 6AEFD6E9-785F-C60A-A6D5-8CE34C91E2C1, firefox, 2018-04-10 09:42:22, contaminated
trace_3.2_fail, 01F30739-E3C4-3B05-9623-DB8A5B81F3D4, firefox, 2018-04-10 09:42:22, contaminated
trace_3.2_fail, B9618E65-2EF0-BE1E-E711-FD57F652A1BF, firefox, 2018-04-10 09:42:22, contaminated
trace_3.2_fail, 325C5455-7B9B-2ED4-38BC-924F56297A0B, firefox, 2018-04-10 09:42:22, contaminated
trace_3.2_fail, 6DB96002-C43A-C2A2-3201-2FAC56EE9B50, firefox, 2018-04-10 09:42:22, contaminated
trace_3.2_fail, 7C9A0287-EA06-2E57-89F3-A91DBC9801FD, firefox, 2018-04-10 09:42:22, contaminated
trace_3.2_fail, 407C4C57-7F47-3085-0498-97C64BF42E3C, firefox, 2018-04-10 09:42:22, contaminated
trace_3.2_fail, 152DF3D4-B25C-56B4-E255-549D4FDB6A24, firefox, 2018-04-10 09:42:22, contaminated
trace_3.2_fail, A4B2A12E-BEB5-B34C-24AB-5C4FC5163A41, firefox, 2018-04-10 09:42:22, contaminated
trace_3.2_fail, 05C7DD46-CAB2-F57F-7977-115F3EB6133C, firefox, 2018-04-10 09:42:22, contaminated
trace_3.2_fail, 9745ECFC-2190-5BD8-D9A9-89D498C7A339, firefox, 2018-04-10 09:42:22, contaminated
trace_3.2_fail, 0461E4AE-315A-AF97-C2FE-4ACF39C65EAE, firefox, 2018-04-10 09:42:22, contaminated
trace_3.2_fail, 174FA101-69FC-CA3B-D0FC-35080B0020EC, firefox, 2018-04-10 09:42:22, contaminated
trace_3.2_fail, E5494881-C31A-A181-81E3-232BB4222BD0, firefox, 2018-04-10 09:42:22, contaminated
trace_3.2_fail, 8DA22785-589B-5E66-B592-A325F8265937, firefox, 2018-04-10 09:42:22, contaminated
trace_3.2_fail, 53257601-38EB-5F45-E320-EBDF199C8E8C, firefox, 2018-04-10 09:42:22, contaminated
trace_3.2_fail, 71A81C33-222D-28D1-9C1A-85FA9B06F4B1, firefox, 2018-04-10 09:42:22, contaminated
trace_3.2_fail, 58FF4E5C-B731-0C04-1481-ADFCF9DC2BDE, firefox, 2018-04-10 09:42:22, contaminated
trace_3.2_fail, 543C03FE-BA5B-CD22-8CF0-78FD1CCCA8F0, firefox, 2018-04-10 09:42:22, contaminated
trace_3.2_fail, AD45D142-3816-B9D8-747F-D3A472D11F03, firefox, 2018-04-10 09:42:22, contaminated
trace_3.2_fail, 19D08F5A-6183-98A5-D187-2AD64D3C18C6, firefox, 2018-04-10 09:42:22, contaminated
trace_3.2_fail, CB28D33E-A65E-3A3C-7539-E929FAD1DEEC, firefox, 2018-04-10 09:42:22, contaminated
trace_3.2_fail, 88F196F4-8403-9A66-4D4F-3833D4E8D2C2, firefox, 2018-04-10 09:42:22, contaminated
trace_3.2_fail, 90F09D12-C3C0-0F10-E0C7-85FA8A539A7D, firefox, 2018-04-10 09:42:22, contaminated
trace_3.2_fail, 7F86C75F-014F-5ECB-D54B-8E66486C07D1, firefox, 2018-04-10 09:42:22, contaminated
trace_3.2_fail, 3C625706-89AC-CD0E-F988-35B7AB9FB7F3, firefox, 2018-04-10 09:42:22, contaminated
trace_3.2_fail, A3E375CF-0A83-A14C-587C-BB69F459CE0E, firefox, 2018-04-10 09:42:22, contaminated
trace_3.2_fail, 2500A6DE-D479-93F8-AACA-E06E7E95F6E0, firefox, 2018-04-10 09:42:22, contaminated
trace_3.2_fail, 4956B312-AF49-C4C5-A953-E99157D2F1BC, firefox, 2018-04-10 09:42:22, contaminated
trace_3.2_fail, 20E0BCBB-4783-EB1A-93ED-2C46CEF072DB, firefox, 2018-04-10 09:42:22, contaminated
trace_3.2_fail, 88374DD6-4B58-B5F8-C540-4173810542E6, firefox, 2018-04-10 09:42:22, contaminated
trace_3.2_fail, 4129706E-8473-133E-F6AA-100487A3B61E, firefox, 2018-04-10 09:42:22, contaminated
trace_3.2_fail, 4C7F260A-DA8A-C0F2-3D24-B62C97EFAECF, firefox, 2018-04-10 09:42:22, contaminated
trace_3.2_fail, 0F390AA7-CC61-7F6E-1633-6F2AAC7D9229, firefox, 2018-04-10 09:42:22, contaminated
trace_3.2_fail, EB49B905-9A9C-977B-CCF1-905BB7BFA5D7, firefox, 2018-04-10 09:42:22, contaminated
trace_3.2_fail, 69261C86-4257-5254-48A0-9199C9523CB6, firefox, 2018-04-10 09:42:22, contaminated
trace_3.2_fail, 9C5F9A63-3BC5-8880-A27A-E4C2536F974C, firefox, 2018-04-10 09:42:22, contaminated
trace_3.2_fail, 45DDCD0F-646B-F22C-7177-2503B3BC765D, firefox, 2018-04-10 09:42:22, contaminated
trace_3.2_fail, 3ADB3CFE-D811-D357-3FF6-29135CE82DFE, firefox, 2018-04-10 09:42:22, contaminated
trace_3.2_fail, 8588A493-3AD1-C71F-D118-9C0DE36973F1, firefox, 2018-04-10 09:42:22, contaminated
trace_3.2_fail, 73F3498D-1A3F-957F-05EE-5037585DEFB0, firefox, 2018-04-10 09:42:22, contaminated
trace_3.2_fail, 5F7C97AC-0754-11C2-5DC6-3C0D8900803B, firefox, 2018-04-10 09:42:22, contaminated
trace_3.2_fail, 08B358C1-4069-7F1D-30A9-0100402B9C31, firefox, 2018-04-10 09:42:22, contaminated
trace_3.2_fail, 7131FEA0-0FF4-4123-6775-F2C0220D95C1, firefox, 2018-04-10 09:42:22, contaminated
trace_3.2_fail, ED0ED236-E726-4A3D-3895-5DC6F4FC60A9, firefox, 2018-04-10 09:42:22, contaminated
trace_3.2_fail, 99DEC397-6957-610B-7312-6A39702D5AAF, firefox, 2018-04-10 09:42:22, contaminated
trace_3.2_fail, 9B5784A4-74B1-8504-22E7-DEEF8F1C4058, firefox, 2018-04-10 09:42:22, contaminated
trace_3.2_fail, BBFE5769-5AC3-D774-AD62-42BF49D6CABA, firefox, 2018-04-10 09:42:22, contaminated
trace_3.2_fail, AC981AA6-6282-3C38-F3E6-4E4392227DB4, firefox, 2018-04-10 09:42:22, contaminated
trace_3.2_fail, C7F975BA-2877-6260-A0FD-48290734F68E, firefox, 2018-04-10 09:42:22, contaminated
trace_3.2_fail, 1EEABF72-0973-750A-A928-FE9387641B04, firefox, 2018-04-10 09:42:22, contaminated
trace_3.2_fail, 9B53ECF8-C351-6FF0-A235-7D518F6FC894, firefox, 2018-04-10 09:42:22, contaminated
trace_3.2_fail, A149FDB2-C20B-340D-7CA6-C9F5E956C97A, firefox, 2018-04-10 09:42:22, contaminated
trace_3.2_fail, D5E47DC4-BCD3-43BD-3B0E-1F0127DEE114, firefox, 2018-04-10 09:42:22, contaminated
trace_3.2_fail, 11D4DEA2-0681-A569-B472-B2C7BDE4C9B4, firefox, 2018-04-10 09:42:22, contaminated
trace_3.2_fail, 4E6434E7-FCAF-F59A-B518-48BBF26C2B02, firefox, 2018-04-10 09:42:22, contaminated
trace_3.2_fail, 83D68DC9-B156-6AC8-3EF5-BF6C1B01115A, firefox, 2018-04-10 09:42:22, contaminated
trace_3.2_fail, 1365385E-5389-B9F5-7324-659426955ECF, firefox, 2018-04-10 09:42:22, contaminated
trace_3.2_fail, AA647322-3E7E-4135-15C3-172FD2458605, firefox, 2018-04-10 09:42:22, contaminated
trace_3.2_fail, 2E18853E-73CD-B70A-5B19-1D3A1B627E99, firefox, 2018-04-10 09:42:22, contaminated
trace_3.2_fail, FAD5CBDB-B17C-B9BA-F135-6D88F3AAE7C8, firefox, 2018-04-10 09:42:22, contaminated
trace_3.2_fail, 08C74D6B-504E-8FF7-0B10-7A8D26F3298D, firefox, 2018-04-10 09:42:22, contaminated
trace_3.2_fail, 03879C30-E491-0BA2-16CF-FC9CAC8BC56C, firefox, 2018-04-10 09:42:22, contaminated
trace_3.2_fail, C0A30764-3B37-1B82-19A5-77CF6B693F56, firefox, 2018-04-10 09:42:22, contaminated
trace_3.2_fail, ADF2CAC5-E897-FE91-DD1F-BB976D1D051E, firefox, 2018-04-10 09:42:22, contaminated
trace_3.2_fail, FCC7BCAD-A126-1DCC-5820-195A3B112560, firefox, 2018-04-10 09:42:22, contaminated
trace_3.2_fail, F47D2EEB-0D39-E9EB-8939-69C4A27D8986, firefox, 2018-04-10 09:42:22, contaminated
trace_3.2_fail, B2C622F4-3FE4-C4E0-153A-2CA40D4FB1B5, firefox, 2018-04-10 09:42:22, contaminated
trace_3.2_fail, E233329E-C13F-4923-D14E-C1674A847029, firefox, 2018-04-10 09:42:22, contaminated
trace_3.2_fail, 7A1D55D0-CBD2-D7E8-3D04-0DC5F6E853C9, firefox, 2018-04-10 09:42:22, contaminated
trace_3.2_fail, 8CE5EF43-BFA4-F514-BC58-CA20083F2CBA, firefox, 2018-04-10 09:42:22, contaminated
trace_3.2_fail, 0F7B06BF-32A0-74FC-20A3-9459696746EC, firefox, 2018-04-10 09:42:22, contaminated
trace_3.2_fail, EFEA6439-B563-3D5E-2BA5-C285A5C89722, firefox, 2018-04-10 09:42:22, contaminated
trace_3.2_fail, 1AACAFDF-8BF9-6CDE-98B7-6FC33136B10B, firefox, 2018-04-10 09:42:22, contaminated
trace_3.2_fail, F579003D-EFD0-1C8B-F995-6DCA30FDBB25, firefox, 2018-04-10 09:42:22, contaminated
trace_3.2_fail, 90194890-F30C-2700-8793-92248C68B922, firefox, 2018-04-10 09:42:22, contaminated
trace_3.2_fail, 882370A4-A735-26BB-EB23-4A2AAB0B0D93, firefox, 2018-04-10 09:42:22, contaminated
trace_3.2_fail, 26AB1AD4-3574-EA11-B7CF-BB81AD31336D, firefox, 2018-04-10 09:42:22, contaminated
trace_3.2_fail, 14AFEB13-C4E5-5D2F-EC69-CCD2589830A5, firefox, 2018-04-10 09:42:22, contaminated
trace_3.2_fail, 0A9409B9-AD5F-DA93-9D57-0B7139799B15, firefox, 2018-04-10 09:42:22, contaminated
trace_3.2_fail, 756FA658-7300-902E-0F0B-AF0F3CE65EDB, firefox, 2018-04-10 09:42:22, contaminated
trace_3.2_fail, 5A098212-F461-F667-E122-B822AF9B6511, firefox, 2018-04-10 09:42:22, contaminated
trace_3.2_fail, 37292BBF-4795-B1FA-09D9-0A254FAE76F5, firefox, 2018-04-10 09:42:22, contaminated
trace_3.2_fail, 241A053F-CE26-81AE-09D7-B1B0FB91597C, firefox, 2018-04-10 09:42:22, contaminated
trace_3.2_fail, 96A3B97A-63C4-7AF2-A3DD-7570B56C35D7, firefox, 2018-04-10 09:42:22, contaminated
trace_3.2_fail, B04E72F8-C526-F8A0-E1A1-F5FADC74E1DB, firefox, 2018-04-10 09:42:22, contaminated
trace_3.2_fail, 1082B1FE-627D-4C15-5139-8567DFFC3878, firefox, 2018-04-10 09:42:22, contaminated
trace_3.2_fail, 8D28981C-E520-586F-A952-FA619C645D74, firefox, 2018-04-10 09:42:22, contaminated
trace_3.2_fail, 80713041-FE13-18E2-9B16-2F13810DBC33, firefox, 2018-04-10 09:42:22, contaminated
trace_3.2_fail, 8E86045D-4370-2B32-AD2F-30D7F61FD729, firefox, 2018-04-10 09:42:22, contaminated
trace_3.2_fail, 5FD9A833-C9D1-4DF9-57A5-6D691F66A645, firefox, 2018-04-10 09:42:22, contaminated
trace_3.2_fail, 59F7A9B3-5B80-FA30-7231-E3270ADC69A7, firefox, 2018-04-10 09:42:22, contaminated
trace_3.2_fail, 8CDE89DC-DA10-31AB-422B-52927AF03D43, firefox, 2018-04-10 09:42:22, contaminated
trace_3.2_fail, 85BC9C2D-3BEB-E320-E7E0-F050BCCC2A6E, firefox, 2018-04-10 09:42:22, contaminated
trace_3.2_fail, D954EF4C-55C6-0E1B-5A36-7D68E835188D, firefox, 2018-04-10 09:42:22, contaminated
trace_3.2_fail, 88E6969D-439B-A6EA-E59D-B9A5E936B356, firefox, 2018-04-10 09:42:22, contaminated
trace_3.2_fail, A63E801A-440A-B896-2567-B7D844BF714E, firefox, 2018-04-10 09:42:22, contaminated
trace_3.2_fail, 91FC07EB-3120-F6A3-E51E-BC0EDBD0FAB6, firefox, 2018-04-10 09:42:22, contaminated
trace_3.2_fail, 38DEBE25-182B-F136-F341-EFA45A7CF4FA, firefox, 2018-04-10 09:42:22, contaminated
trace_3.2_fail, 78968C97-0AAB-C993-6EF1-464EB4EACC01, firefox, 2018-04-10 09:42:22, contaminated
trace_3.2_fail, 7445E82D-3AB9-78C1-59A8-6D223919F95F, firefox, 2018-04-10 09:42:22, contaminated
trace_3.2_fail, 27B79D5D-2C9D-0749-720B-B0E8AF034DC3, firefox, 2018-04-10 09:42:22, contaminated
trace_3.2_fail, 5D14BD2A-BC20-9D45-E0D0-A0BCE165F963, firefox, 2018-04-10 09:42:22, contaminated
trace_3.2_fail, EA91960E-4D32-DDBF-CA1F-4E4332892852, firefox, 2018-04-10 09:42:22, contaminated
trace_3.2_fail, D00DF6FF-C8F7-D72B-7CAD-25DF6984315E, firefox, 2018-04-10 09:42:22, contaminated
trace_3.2_fail, F24C0C88-9A30-3BF8-2DA9-FFA8C223753E, firefox, 2018-04-10 09:42:22, contaminated
trace_3.2_fail, 1AA71ECE-18FD-CC72-A02F-0FCCA3A15239, firefox, 2018-04-10 09:42:22, contaminated
trace_3.2_fail, F4587D84-D3CE-8ADD-6513-3D4676A625DC, firefox, 2018-04-10 09:42:22, contaminated
trace_3.2_fail, D988A39A-7E5B-FF76-1F3F-185FB99B959D, firefox, 2018-04-10 09:42:22, contaminated
trace_3.2_fail, F3BB99B7-84C7-1A6B-0E56-183D02FE9147, firefox, 2018-04-10 09:42:22, contaminated
trace_3.2_fail, C3C0E0AE-A3E8-D341-F00C-F68B9BB9662A, firefox, 2018-04-10 09:42:22, contaminated
trace_3.2_fail, A242D9DD-DB7A-E7FA-0F5A-232DB83D29E5, firefox, 2018-04-10 09:42:22, contaminated
trace_3.2_fail, 859DD336-E79E-2C11-8899-69B657AA5F91, firefox, 2018-04-10 09:42:22, contaminated
trace_3.2_fail, A05EF901-F703-E346-0907-56B5B631FB5E, firefox, 2018-04-10 09:42:22, contaminated
trace_3.2_fail, 6EE2F9D3-FDA8-0409-739F-F33903564989, firefox, 2018-04-10 09:42:22, contaminated
trace_3.2_fail, F08B2168-67B0-051F-6939-CC050DC16AF8, firefox, 2018-04-10 09:42:22, contaminated
trace_3.2_fail, 24AD870D-A516-16F8-CA55-F4A7791458BA, firefox, 2018-04-10 09:42:22, contaminated
trace_3.2_fail, CACAF402-3191-801E-A629-351CDB002F0A, firefox, 2018-04-10 09:42:22, contaminated
trace_3.2_fail, F1468402-6B07-3F97-31AD-BEB954AD25C5, firefox, 2018-04-10 09:42:22, contaminated
trace_3.2_fail, B49584C0-18CB-C8FB-0FA0-9CCFEF1654CA, firefox, 2018-04-10 09:42:22, contaminated
trace_3.2_fail, CE05D1FC-D7F1-1AD5-5B06-E47D6DD3A06D, firefox, 2018-04-10 09:42:22, contaminated
trace_3.2_fail, FD17459D-D17B-8CF5-6A07-D8056E196E13, firefox, 2018-04-10 09:42:22, contaminated
trace_3.2_fail, 80651055-5471-EF7D-B0E5-0B769B4A6481, firefox, 2018-04-10 09:42:22, contaminated
trace_3.2_fail, 3572FB2C-C193-8DD0-B73A-134BA27B2E42, firefox, 2018-04-10 09:42:22, contaminated
trace_3.2_fail, AB7330E1-AAD3-7620-1DC3-5C319E9D29C0, firefox, 2018-04-10 09:42:22, contaminated
trace_3.2_fail, 511EE2E3-E3AA-05DA-3FD9-12E192DE77B7, firefox, 2018-04-10 09:42:22, contaminated
trace_3.2_fail, 0F3C134C-D1B0-536A-9939-68E12F85AAA6, firefox, 2018-04-10 09:42:22, contaminated
trace_3.2_fail, B68DDC21-838F-A0EC-BC96-F8557AB7586E, firefox, 2018-04-10 09:42:22, contaminated
trace_3.2_fail, 02E572F1-EE01-ACE0-845F-77E234DE4312, firefox, 2018-04-10 09:42:22, contaminated
trace_3.2_fail, 40BB2AF0-A3EF-FD6B-A47E-C0714A54CB2E, firefox, 2018-04-10 09:42:22, contaminated
trace_3.2_fail, 68342C2B-621E-E2B2-CEBD-E5EA753FD41D, firefox, 2018-04-10 09:42:22, contaminated
trace_3.2_fail, 5464CEDA-EDF9-6DC1-BCCE-7CD7288911CE, firefox, 2018-04-10 09:42:22, contaminated
trace_3.2_fail, CCCDB17F-0BBD-94BB-A7B6-274E0B99D87D, firefox, 2018-04-10 09:42:22, contaminated
trace_3.2_fail, D28B7CE9-669F-99BE-C1E4-533273E33DB3, firefox, 2018-04-10 09:42:22, contaminated
trace_3.2_fail, BEBDE0B8-F4E3-7C4C-D6B0-D4BDAC0ACAE8, firefox, 2018-04-10 09:42:22, contaminated
trace_3.2_fail, FC4A7BD6-D25F-1DFC-DAD6-2E31686EE025, firefox, 2018-04-10 09:42:22, contaminated
trace_3.2_fail, 4EC95057-E969-FA53-3F55-B0DF9B50441B, firefox, 2018-04-10 09:42:22, contaminated
trace_3.2_fail, E88136A6-19E4-B414-3CA6-6C028E23E607, firefox, 2018-04-10 09:42:22, contaminated
trace_3.2_fail, E449C2F3-111F-F3A5-D38D-0DCE589DEB57, firefox, 2018-04-10 09:42:22, contaminated
trace_3.2_fail, 8E886D12-F3E7-A352-F892-B46CB3D69F81, firefox, 2018-04-10 09:42:22, contaminated
trace_3.2_fail, 30E8DDC1-0EF7-B9DE-2F24-ED5949DC0B73, firefox, 2018-04-10 09:42:22, contaminated
trace_3.2_fail, 608FFF0E-F49C-9F6F-30C3-3639E0CE540A, firefox, 2018-04-10 09:42:22, contaminated
trace_3.2_fail, 67BC39A4-1EC7-B708-159D-DAD1F4CAEBC9, firefox, 2018-04-10 09:42:22, contaminated
trace_3.2_fail, CFA2129A-3369-CC8E-6E15-DAC6B26307FE, firefox, 2018-04-10 09:42:22, contaminated
trace_3.2_fail, 7E3E0096-37D0-5B09-79F1-FAA87F3D1014, firefox, 2018-04-10 09:42:22, contaminated
trace_3.2_fail, 9F6D6506-4506-3054-599F-C3B70E496963, firefox, 2018-04-10 09:42:22, contaminated
trace_3.2_fail, C4BE6568-E155-2B76-876A-32269F424BFB, firefox, 2018-04-10 09:42:22, contaminated
trace_3.2_fail, 60E031DF-9800-3D56-DFA3-6FB69AC66ED4, firefox, 2018-04-10 09:42:22, contaminated
trace_3.2_fail, B274BCF4-5FA5-4133-3157-CB9E5D7AE08A, firefox, 2018-04-10 09:42:22, contaminated
trace_3.2_fail, 7D41126E-747F-C91E-BBD0-97BEAE27EFA7, firefox, 2018-04-10 09:42:22, contaminated
trace_3.2_fail, 508FF555-D7CF-2ABD-4FD0-69F2DDE8265C, firefox, 2018-04-10 09:42:22, contaminated
trace_3.2_fail, 072BAE75-3F39-166D-E91E-4210EC19AB43, firefox, 2018-04-10 09:42:22, contaminated
trace_3.2_fail, F2F36427-B682-EA4C-B884-4ED3D6BC19B0, firefox, 2018-04-10 09:42:22, contaminated
trace_3.2_fail, 56CE86DD-F5F9-8D8D-B938-3B4C9EA69990, firefox, 2018-04-10 09:42:22, contaminated
trace_3.2_fail, E4C0E0FF-E484-63E8-764E-28EACD7B5C45, firefox, 2018-04-10 09:42:22, contaminated
trace_3.2_fail, 8EE3077E-E4CF-73BC-AEDD-E329416CB126, firefox, 2018-04-10 09:42:22, contaminated
trace_3.2_fail, 1C32F895-64E7-B10D-AC7B-8EC982D6B3D3, firefox, 2018-04-10 09:42:22, contaminated
trace_3.2_fail, 2FBFBA37-4D0D-AABF-3C3F-1B90CC66677F, firefox, 2018-04-10 09:42:22, contaminated
trace_3.2_fail, F67DCAF0-F911-7E11-0B63-224DBADB1F2F, firefox, 2018-04-10 09:42:22, contaminated
trace_3.2_fail, F04E2169-0389-703D-EA65-409E6E30BE8C, firefox, 2018-04-10 09:42:22, contaminated
trace_3.2_fail, BAF022F7-3A14-3941-824E-C5104D0DA067, firefox, 2018-04-10 09:42:22, contaminated
trace_3.2_fail, 3CCB4174-B2E3-D481-57FD-7050F262980A, firefox, 2018-04-10 09:42:22, contaminated
trace_3.2_fail, 9C00545D-1397-0D7A-5230-708D5B39F9FB, firefox, 2018-04-10 09:42:22, contaminated
trace_3.2_fail, 6BEE5414-7CCB-5ABB-24FB-3939C6E855C0, firefox, 2018-04-10 09:42:22, contaminated
trace_3.2_fail, 94494D58-1D63-BC3F-BD0B-57543DA3A5B0, firefox, 2018-04-10 09:42:22, contaminated
trace_3.2_fail, 704C2FBE-978A-9535-48C1-35B48784146F, firefox, 2018-04-10 09:42:22, contaminated
trace_3.2_fail, 562864A9-B375-96DF-9FDA-1622F61D5A52, firefox, 2018-04-10 09:42:22, contaminated
trace_3.2_fail, 124F71AF-828F-F57A-E044-20CB2975F6FA, firefox, 2018-04-10 09:42:22, contaminated
trace_3.2_fail, 359DCCAE-06CF-BDEF-311F-1AEF520D7998, firefox, 2018-04-10 09:42:22, contaminated
trace_3.2_fail, 5CA3349E-E6AA-CE94-E697-4F10D9A82390, firefox, 2018-04-10 09:42:22, contaminated
trace_3.2_fail, CFAA96CE-8E05-87B8-85A7-2645CC804ACB, firefox, 2018-04-10 09:42:22, contaminated
trace_3.2_fail, FECBB3FD-A8B2-A07D-E598-40647D3E20C5, firefox, 2018-04-10 09:42:22, contaminated
trace_3.2_fail, BD1BE888-EB47-604D-38DC-D71616EC4337, firefox, 2018-04-10 09:42:22, contaminated
trace_3.2_fail, 9306D28E-5882-D5DC-5C4F-6DC1BF25CEB4, firefox, 2018-04-10 09:42:22, contaminated
trace_3.2_fail, 0DC3F3AF-331B-42BC-6CE1-4584C2B95580, firefox, 2018-04-10 09:42:22, contaminated
trace_3.2_fail, 063A2633-E761-3819-F402-AD424F84FA37, firefox, 2018-04-10 09:42:22, contaminated
trace_3.2_fail, 0D8CBB8C-4955-FB5A-A003-47A134F163F4, firefox, 2018-04-10 09:42:22, contaminated
trace_3.2_fail, 6FF1A32E-8682-BC9F-36DA-4C241D34ECBD, firefox, 2018-04-10 09:42:22, contaminated
trace_3.2_fail, 6E727C39-156A-E7FC-BB9D-FC83019DFF66, firefox, 2018-04-10 09:42:22, contaminated
trace_3.2_fail, 1FBE7747-0D98-9B80-8563-2B54F5266F35, firefox, 2018-04-10 09:42:22, contaminated
trace_3.2_fail, 92B767E3-F23C-12BC-1BAA-31FD32EAA5A2, firefox, 2018-04-10 09:42:22, contaminated
trace_3.2_fail, 4614597B-ED7D-BBEA-D676-C3FD8E558DDC, firefox, 2018-04-10 09:42:22, contaminated
trace_3.2_fail, 6DFFBC4C-ED73-8764-2120-9BBDB820B5C1, firefox, 2018-04-10 09:42:22, contaminated
trace_3.2_fail, B61FAB28-6F65-9A77-10D9-B7E43F82A913, firefox, 2018-04-10 09:42:22, contaminated
trace_3.2_fail, 30C428E3-5DBD-C1DD-A18B-A2C5D25F2CED, firefox, 2018-04-10 09:42:22, contaminated
trace_3.2_fail, 403E16F3-EC63-E037-0947-27B2D14A76CC, firefox, 2018-04-10 09:42:22, contaminated
trace_3.2_fail, 452CD4CE-D12D-FD24-01A0-EEA08423F57E, firefox, 2018-04-10 09:42:22, contaminated
trace_3.2_fail, 66A659F6-5C37-AE0D-912B-7E8929F2A3B4, firefox, 2018-04-10 09:42:22, contaminated
trace_3.2_fail, 7715E3C1-3A58-1E72-4179-B7048C4BF978, firefox, 2018-04-10 09:42:22, contaminated
trace_3.2_fail, 1409FFD3-E8DC-D073-F38E-F0E2D1F9F2B0, firefox, 2018-04-10 09:42:22, contaminated
trace_3.2_fail, 20F2400E-1CE8-DE4E-799F-4664BAAF1BAE, firefox, 2018-04-10 09:42:22, contaminated
trace_3.2_fail, 16304710-9D68-3F59-231B-660B5C575F35, firefox, 2018-04-10 09:42:22, contaminated
trace_3.2_fail, 0C9FB05E-6BB1-9420-DC11-A919F3913F8F, firefox, 2018-04-10 09:42:22, contaminated
trace_3.2_fail, 6D5643EE-3691-06E7-C1D1-0AA64EDB5D43, firefox, 2018-04-10 09:42:22, contaminated
trace_3.2_fail, 61D18D98-68A5-5B50-BFDE-37E972398047, firefox, 2018-04-10 09:42:22, contaminated
trace_3.2_fail, B7914431-F195-795F-DBC0-D8AF249B2069, firefox, 2018-04-10 09:42:22, contaminated
trace_3.2_fail, FE6C608B-AB93-F18F-0FBE-24A4681AF602, firefox, 2018-04-10 09:42:22, contaminated
trace_3.2_fail, C63DD120-FB3B-8E59-2280-A5440EDA62D6, firefox, 2018-04-10 09:42:22, contaminated
trace_3.2_fail, 94409C96-3045-9E74-A674-371950D67D56, firefox, 2018-04-10 09:42:22, contaminated
trace_3.2_fail, 781847F7-0633-471D-074C-23E4FEBB008F, firefox, 2018-04-10 09:42:22, contaminated
trace_3.2_fail, 4EFD1623-414B-4D25-493E-BC122D6F92A5, firefox, 2018-04-10 09:42:22, contaminated
trace_3.2_fail, 80CCDCB6-9834-A235-2F48-F10012C9936C, firefox, 2018-04-10 09:42:22, contaminated
trace_3.2_fail, 16D5D702-E1B6-DE2F-70B5-895A1947A0F8, firefox, 2018-04-10 09:42:22, contaminated
trace_3.2_fail, D8ABD393-9B6E-7485-29C2-8AEC13CF2BD2, firefox, 2018-04-10 09:42:22, contaminated
trace_3.2_fail, 770083BC-CDDB-4A0E-664D-3830D9A69FD3, firefox, 2018-04-10 09:42:22, contaminated
trace_3.2_fail, 108C1D10-C2CF-F63E-6D79-F03C1FD26C85, firefox, 2018-04-10 09:42:22, contaminated
trace_3.2_fail, B035CD7E-A14A-132E-E81F-9FDEDFBE35A4, firefox, 2018-04-10 09:42:22, contaminated
trace_3.2_fail, B4C07773-F945-C09C-490A-984C70A7262E, firefox, 2018-04-10 09:42:22, contaminated
trace_3.2_fail, 7DD2DFE4-2635-9804-BD2C-EE8E5554ED45, firefox, 2018-04-10 09:42:22, contaminated
trace_3.2_fail, 0366F153-C700-2D54-35BB-15C362BA9FF3, firefox, 2018-04-10 09:42:22, contaminated
trace_3.2_fail, C34BE08F-C9D7-267A-EBC4-34278F86A5A7, firefox, 2018-04-10 09:42:22, contaminated
trace_3.2_fail, F163FFF3-BFD6-79AE-0B1E-4901F328E9FA, firefox, 2018-04-10 09:42:22, contaminated
trace_3.2_fail, 2126998A-F2F7-656C-F20E-8BE3E46A33D4, firefox, 2018-04-10 09:42:22, contaminated
trace_3.2_fail, F47208A6-A3C0-E038-26B3-E9ABF09B78A9, firefox, 2018-04-10 09:42:22, contaminated
trace_3.2_fail, 5EE6909D-2493-E186-CE08-18AFE9B3915C, firefox, 2018-04-10 09:42:22, contaminated
trace_3.2_fail, 2D5A5048-1963-FD73-3C3F-3D297CE2F91F, firefox, 2018-04-10 09:42:22, contaminated
trace_3.2_fail, 4185B894-366C-3566-245E-DD03AF378140, firefox, 2018-04-10 09:42:22, contaminated
trace_3.2_fail, 0BFDD55E-0C11-F2D6-4613-9449C83BFA8D, firefox, 2018-04-10 09:42:22, contaminated
trace_3.2_fail, 9267083E-F288-B900-6973-F258EC99183B, firefox, 2018-04-10 09:42:22, contaminated
trace_3.2_fail, 67FF91E3-973E-73AB-7663-198278A81BF2, firefox, 2018-04-10 09:42:22, contaminated
trace_3.2_fail, 39D4FB5E-6781-A9C5-D334-83F042F5B3B6, firefox, 2018-04-10 09:42:22, contaminated
trace_3.2_fail, 7387688F-0CEF-8F8C-012E-568AE6C7062C, firefox, 2018-04-10 09:42:22, contaminated
trace_3.2_fail, ADB433AB-D187-7827-3E27-0211216678C9, firefox, 2018-04-10 09:42:22, contaminated
trace_3.2_fail, A3510B63-A1D4-733E-9643-BBAB7F115FDD, firefox, 2018-04-10 09:42:22, contaminated
trace_3.2_fail, 9F0E4C9D-EC09-AD76-04D3-985CC4E4B8BC, firefox, 2018-04-10 09:42:22, contaminated
trace_3.2_fail, 39A83502-D379-CB79-493D-E33375962664, firefox, 2018-04-10 09:42:22, contaminated
trace_3.2_fail, 74A3A39D-6C0E-0A79-AA3A-0F7F4024325E, firefox, 2018-04-10 09:42:22, contaminated
trace_3.2_fail, D86FD8E2-21E7-72BF-FBD9-4CB553356B9A, firefox, 2018-04-10 09:42:22, contaminated
trace_3.2_fail, 4AAC81FF-3630-B458-F55C-300C4C67A901, firefox, 2018-04-10 09:42:22, contaminated
trace_3.2_fail, 49A10037-1146-2185-EA9D-BBD41EC446A0, firefox, 2018-04-10 09:42:22, contaminated
trace_3.2_fail, FCD8542B-23E1-F524-96EA-5FCD35CFFF26, firefox, 2018-04-10 09:42:22, contaminated
trace_3.2_fail, 7048F030-49D6-8292-67DB-E5F9393A4BF9, firefox, 2018-04-10 09:42:22, contaminated
trace_3.2_fail, FABCD8C5-B60D-3BDF-4F1D-9E180C940A9F, firefox, 2018-04-10 09:42:22, contaminated
trace_3.2_fail, 4A92D35D-0DC8-A7D6-7CA2-64F03E5F8621, firefox, 2018-04-10 09:42:22, contaminated
trace_3.2_fail, F1232C7E-62AC-3332-C5A7-81D3A721389F, firefox, 2018-04-10 09:42:22, contaminated
trace_3.2_fail, D397191E-FD90-AF27-BA0C-A32D40123094, firefox, 2018-04-10 09:42:22, contaminated
trace_3.2_fail, 4317A2BA-7CA5-D1CF-56A7-51699CAA9B95, firefox, 2018-04-10 09:42:22, contaminated
trace_3.2_fail, 8F0CDDC4-3F88-633A-8499-2A6DB3F86482, firefox, 2018-04-10 09:42:22, contaminated
trace_3.2_fail, F74F18ED-11F3-DF2E-47C0-423C2EE1D3BA, firefox, 2018-04-10 09:42:22, contaminated
trace_3.2_fail, FE0CADE4-E6E9-70BD-8BED-F5E520FACEFC, firefox, 2018-04-10 09:42:22, contaminated
trace_3.2_fail, FB607FF0-25C8-1407-A100-2C09C60170C1, firefox, 2018-04-10 09:42:22, contaminated
trace_3.2_fail, D1748462-9D06-57BD-6F0B-BB680EF44095, firefox, 2018-04-10 09:42:22, contaminated
trace_3.2_fail, 286FCCE3-67BE-9024-72CB-4477BDB61761, firefox, 2018-04-10 09:42:22, contaminated
trace_3.2_fail, C8B73EFC-A8E0-9404-AF24-C74313782F91, firefox, 2018-04-10 09:42:22, contaminated
trace_3.2_fail, 26C6C7D5-31B2-8ED1-16EA-A9FF4FECF604, firefox, 2018-04-10 09:42:22, contaminated
trace_3.2_fail, 3E91CC26-EA0B-3B9C-EEA1-1C7069676382, firefox, 2018-04-10 09:42:22, contaminated
trace_3.2_fail, 69992E62-E6EC-0675-5208-8F0E414FB925, firefox, 2018-04-10 09:42:22, contaminated
trace_3.2_fail, 78CBF06D-CDAB-56B4-7EDF-C2EC0C1B2846, firefox, 2018-04-10 09:42:22, contaminated
trace_3.2_fail, 588F6E04-BA80-557A-5D07-8C5C1B8D4AED, firefox, 2018-04-10 09:42:22, contaminated
trace_3.2_fail, 9A5074DC-32E8-72E8-253D-FEDBB77BCA2C, firefox, 2018-04-10 09:42:22, contaminated
trace_3.2_fail, 401EAC5E-2CDE-89A2-6DB4-C07909F742E2, firefox, 2018-04-10 09:42:22, contaminated
trace_3.2_fail, 9F627686-75D4-62A8-9F5D-97234D4D1C3E, firefox, 2018-04-10 09:42:22, contaminated
trace_3.2_fail, D6ED6437-0012-DB9F-1139-F2DEB275AC2A, firefox, 2018-04-10 09:42:22, contaminated
trace_3.2_fail, 6A7BCA3E-CEF5-D09B-42A2-A871CE525A69, firefox, 2018-04-10 09:42:22, contaminated
trace_3.2_fail, CAFF45DC-07C9-525D-909A-44131C795EF0, firefox, 2018-04-10 09:42:22, contaminated
trace_3.2_fail, C26F3CDB-8BBF-4F9B-2690-4FEC8001E810, firefox, 2018-04-10 09:42:22, contaminated
trace_3.2_fail, 8FE6A7AE-25AA-205C-6A40-6FA5FCA9AC03, firefox, 2018-04-10 09:42:22, contaminated
trace_3.2_fail, AC12EC38-3C99-7872-5062-5247FA994C6A, firefox, 2018-04-10 09:42:22, contaminated
trace_3.2_fail, 4AEA5E6E-F6F9-ECC3-0CBC-CFB44CF408DC, firefox, 2018-04-10 09:42:22, contaminated
trace_3.2_fail, 33E6DB3E-B535-9B9C-D1FA-72D7A01B87FB, firefox, 2018-04-10 09:42:22, contaminated
trace_3.2_fail, 21C98FE3-A871-4547-21DD-EBB9949CE34F, firefox, 2018-04-10 09:42:22, contaminated
trace_3.2_fail, B6796628-C6B5-ED0E-128F-5CA6784B8CD4, firefox, 2018-04-10 09:42:22, contaminated
trace_3.2_fail, BFD91798-18E0-4DDB-4433-C31EFEF0B819, firefox, 2018-04-10 09:42:22, contaminated
trace_3.2_fail, CE63A96A-07EE-04E2-A287-EC595DF1C27E, firefox, 2018-04-10 09:42:22, contaminated
trace_3.2_fail, 9A42C7D9-8710-9E4D-6EF9-728CC06E6D50, firefox, 2018-04-10 09:42:22, contaminated
trace_3.2_fail, DC12DC6F-6A6A-C9EF-3F50-89B036F1374A, firefox, 2018-04-10 09:42:22, contaminated
trace_3.2_fail, 4F7E7805-1E4E-56F1-FBBC-B19C830F2169, firefox, 2018-04-10 09:42:22, contaminated
trace_3.2_fail, DD55E880-E82A-D747-F51F-B6C2A4454CBB, firefox, 2018-04-10 09:42:22, contaminated
trace_3.2_fail, 4521A80A-EB6E-50FE-CA4D-E375ABFAC5C9, firefox, 2018-04-10 09:42:22, contaminated
trace_3.2_fail, 7DE22609-B6C1-277D-6170-29E58B69CB9F, firefox, 2018-04-10 09:42:22, contaminated
trace_3.2_fail, 3DF9BD1C-A27F-92B0-A725-AB6A34893465, firefox, 2018-04-10 09:42:22, contaminated
trace_3.2_fail, 39FC9A3D-C427-8DA3-D554-5E9D56155C6E, firefox, 2018-04-10 09:42:22, contaminated
trace_3.2_fail, E952AA2B-845B-C6A5-B6EC-98E94F782A34, firefox, 2018-04-10 09:42:22, contaminated
trace_3.2_fail, B21E5AA9-C263-D068-383F-733B465DAD35, firefox, 2018-04-10 09:42:22, contaminated
trace_3.2_fail, E863CEC9-F602-0A99-D1E0-57B140F3A424, firefox, 2018-04-10 09:42:22, contaminated
trace_3.2_fail, 24416E9F-12F0-EB25-4401-6F082E9F50AB, firefox, 2018-04-10 09:42:22, contaminated
trace_3.2_fail, 3E476EE9-CFF9-D2B4-9FDE-5EE36E98F1BA, firefox, 2018-04-10 09:42:22, contaminated
trace_3.2_fail, 6BD287EF-F2F4-E7B2-F661-A86019618387, firefox, 2018-04-10 09:42:22, contaminated
trace_3.2_fail, 1D1F75E2-AF94-6DB4-BF7F-F3F5F338634E, firefox, 2018-04-10 09:42:22, contaminated
trace_3.2_fail, 0DFD55DB-A6B1-7C37-3CE6-BF9B6C9FD534, firefox, 2018-04-10 09:42:22, contaminated
trace_3.2_fail, 4191D6FB-9774-7C1E-0772-7D7B1EA42CD2, firefox, 2018-04-10 09:42:22, contaminated
trace_3.2_fail, A3155F99-BE59-11FC-60E7-E968A0C2E4E4, firefox, 2018-04-10 09:42:22, contaminated
trace_3.2_fail, B9541C92-42DA-C250-328B-A8927B9D2FFA, firefox, 2018-04-10 09:42:22, contaminated
trace_3.2_fail, 61F92C71-36FA-6792-5862-C5A2DFA1BACF, firefox, 2018-04-10 09:42:22, contaminated
trace_3.2_fail, 94AEA63E-D457-9400-FB8D-AE6D63BAC4A9, firefox, 2018-04-10 09:42:22, contaminated
trace_3.2_fail, 6C89E669-4992-10E6-165A-CB46C53634B1, firefox, 2018-04-10 09:42:22, contaminated
trace_3.2_fail, 88BD9FC3-6CB4-E93B-D5CE-A13CFE3E5A64, firefox, 2018-04-10 09:42:22, contaminated
trace_3.2_fail, 877B37D6-98DF-F884-56E6-FF6FFB983E48, firefox, 2018-04-10 09:42:22, contaminated
trace_3.2_fail, DFE82FF8-4740-E8BD-0FB4-81BFB046F3AA, firefox, 2018-04-10 09:42:22, contaminated
trace_3.2_fail, ED41158A-CB57-12B5-2AEA-F653F2426ABE, firefox, 2018-04-10 09:42:22, contaminated
trace_3.2_fail, 933A02FA-9E2D-5CCE-BFC2-E0027FECF0FC, firefox, 2018-04-10 09:42:22, contaminated
trace_3.2_fail, 439BA013-3946-3D5B-72D4-5A5EB1C4B50D, firefox, 2018-04-10 09:42:22, contaminated
trace_3.2_fail, 960DBF90-5759-B639-3D1D-4EC1F3683FF2, firefox, 2018-04-10 09:42:22, contaminated
trace_3.2_fail, E5F123F7-3DA5-53C4-149B-B19BB01E2122, firefox, 2018-04-10 09:42:22, contaminated
trace_3.2_fail, 1E82E2A8-95CA-45BD-27FE-DBC53A1FF5A7, firefox, 2018-04-10 09:42:22, contaminated
trace_3.2_fail, E0C93E3F-BBCD-A2B6-4296-171C18F1F6F2, firefox, 2018-04-10 09:42:22, contaminated
trace_3.2_fail, 82BF0E80-9A51-C18B-F81F-ABE3560E4F2F, firefox, 2018-04-10 09:42:22, contaminated
trace_3.2_fail, 655414C1-3C67-70FF-E5CC-EC6743FC150F, firefox, 2018-04-10 09:42:22, contaminated
trace_3.2_fail, D9B50CA7-8153-F990-611E-E9D7E350112D, firefox, 2018-04-10 09:42:22, contaminated
trace_3.2_fail, 98D64AF4-9FEE-6590-71D0-01592BAF3A06, firefox, 2018-04-10 09:42:22, contaminated
trace_3.2_fail, EF742153-F12A-A333-EDCE-FC6A4EE3573E, firefox, 2018-04-10 09:42:22, contaminated
trace_3.2_fail, F9CE2B4E-64B5-2202-FE98-00F784831254, firefox, 2018-04-10 09:42:22, contaminated
trace_3.2_fail, 7973F2DE-D730-5987-8057-AAE8B2103D4C, firefox, 2018-04-10 09:42:22, contaminated
trace_3.2_fail, 460890CF-2FDF-7207-19FE-21897FBB75EB, firefox, 2018-04-10 09:42:22, contaminated
trace_3.2_fail, 889100D9-C919-8405-3034-970FEA0FCA32, firefox, 2018-04-10 09:42:22, contaminated
trace_3.2_fail, 245A451E-A95E-9671-8E29-7F2C02351F32, firefox, 2018-04-10 09:42:22, contaminated
trace_3.2_fail, 6C67258B-3CE0-1BDC-AE7B-F247A2C0132B, firefox, 2018-04-10 09:42:22, contaminated
trace_3.2_fail, FA3BB659-077E-2D04-AF82-C02C3226A8F7, firefox, 2018-04-10 09:42:22, contaminated
trace_3.2_fail, A9FFAFBD-7306-5309-9214-561F06A1A721, firefox, 2018-04-10 09:42:22, contaminated
trace_3.2_fail, E46DB3F6-B39C-E8D7-F6DA-2A96BB481840, firefox, 2018-04-10 09:42:22, contaminated
trace_3.2_fail, 6F9EAF45-842A-5BAF-CA28-20CD4EE17F4B, firefox, 2018-04-10 09:42:22, contaminated
trace_3.2_fail, B2CC9BE9-A21C-440A-C07A-F707CC99AF59, firefox, 2018-04-10 09:42:22, contaminated
trace_3.2_fail, 01459319-2C25-F365-8DDA-9479EF6CF4CA, firefox, 2018-04-10 09:42:22, contaminated
trace_3.2_fail, 7A4D4B8D-A68B-89C3-4D18-AA51D7CD0B2C, firefox, 2018-04-10 09:42:22, contaminated
trace_3.2_fail, EDE856E1-141C-C6FF-955B-DB3DAEC1D095, firefox, 2018-04-10 09:42:22, contaminated
trace_3.2_fail, 3C5FB5AB-AAA1-5C07-0363-49CFA3C92C5E, firefox, 2018-04-10 09:42:22, contaminated
trace_3.2_fail, 99142E9C-12EC-4ED0-43A9-E733AAAC4B01, firefox, 2018-04-10 09:42:22, contaminated
trace_3.2_fail, 54519E4D-2B3C-8F46-1FDC-20A33997C02C, firefox, 2018-04-10 09:42:22, contaminated
trace_3.2_fail, 574B7C62-03A1-70F5-1203-ECF21CCC14A1, firefox, 2018-04-10 09:42:22, contaminated
trace_3.2_fail, 550FDC9A-F6B6-9F65-458F-FC9B3DBDF9A6, firefox, 2018-04-10 09:42:22, contaminated
trace_3.2_fail, 114630B2-028D-0678-DE51-1F34AEE99F2E, firefox, 2018-04-10 09:42:22, contaminated
trace_3.2_fail, 39EE6D85-332D-3944-ACF6-7B8EBAE4A2C9, firefox, 2018-04-10 09:42:22, contaminated
trace_3.2_fail, 5D2F98AF-C4EB-DE4C-D7F3-395809D7D607, firefox, 2018-04-10 09:42:22, contaminated
trace_3.2_fail, 4EDCB845-6148-CC5C-CD39-78B18F954060, firefox, 2018-04-10 09:42:22, contaminated
trace_3.2_fail, EC9B713E-1BF7-92A8-75D5-90219319C879, firefox, 2018-04-10 09:42:22, contaminated
trace_3.2_fail, 295FEC39-BC84-A6A6-34D4-544FDCBC08D0, firefox, 2018-04-10 09:42:22, contaminated
trace_3.2_fail, 4F8E91BF-823E-2C76-F6BE-AFD35AC4A7BB, firefox, 2018-04-10 09:42:22, contaminated
trace_3.2_fail, 1BF40F2B-82E5-4B78-CDC3-C007A31ABF68, firefox, 2018-04-10 09:42:22, contaminated
trace_3.2_fail, 6053EFE6-60BF-B1D4-AA39-7BC317FB8566, firefox, 2018-04-10 09:42:22, contaminated
trace_3.2_fail, 934A79A0-2A3D-1C19-2196-1C70E8F7F652, firefox, 2018-04-10 09:42:22, contaminated
trace_3.2_fail, 1F8349FA-7AD4-2F5F-BF34-BB3BFBA0B649, firefox, 2018-04-10 09:42:22, contaminated
trace_3.2_fail, B5EB9B02-9218-5A98-785F-E3B665C8A1B9, firefox, 2018-04-10 09:42:22, contaminated
trace_3.2_fail, 58618FB2-1DC1-68C5-B270-7601D92AD4B9, firefox, 2018-04-10 09:42:22, contaminated
trace_3.2_fail, 9D673876-5B6C-1E48-A63D-D3C8DB30CD1C, firefox, 2018-04-10 09:42:22, contaminated
trace_3.2_fail, 90C2FFD9-C95F-27C6-8E3C-20ED807D7609, firefox, 2018-04-10 09:42:22, contaminated
trace_3.2_fail, E5B90832-891F-E9C9-B07E-EDE179173FC5, firefox, 2018-04-10 09:42:22, contaminated
trace_3.2_fail, DB3EA95D-8137-EB00-F318-15A4465C0F53, firefox, 2018-04-10 09:42:22, contaminated
trace_3.2_fail, 6A08EE87-52FF-C428-CA9A-5B6F96FA9E8A, firefox, 2018-04-10 09:42:22, contaminated
trace_3.2_fail, 35D9C5EB-95D1-0411-AA81-EC4526CA32F8, firefox, 2018-04-10 09:42:22, contaminated
trace_3.2_fail, F5F448BD-2476-84CE-4B26-CDFB406BA7F5, firefox, 2018-04-10 09:42:22, contaminated
trace_3.2_fail, DF552BF2-3DA6-D0FF-44BA-D01B358230AF, firefox, 2018-04-10 09:42:22, contaminated
trace_3.2_fail, 49D2AEC0-01D8-19FB-AA11-6760D22A0802, firefox, 2018-04-10 09:42:22, contaminated
trace_3.2_fail, 764E00D7-A090-A5AE-0BF6-587C98FA8254, firefox, 2018-04-10 09:42:22, contaminated
trace_3.2_fail, 8C46148C-7E56-2010-977E-34B7B9E13D8C, firefox, 2018-04-10 09:42:22, contaminated
trace_3.2_fail, FBC319B1-8379-0E4F-50EE-3B11C786F585, firefox, 2018-04-10 09:42:22, contaminated
trace_3.2_fail, 07B86C9F-BFA4-94B0-0F7C-EB8A9D238CDC, firefox, 2018-04-10 09:42:22, contaminated
trace_3.2_fail, 1792BBA3-C9C8-85B3-DA3A-FB02AAE15A8F, firefox, 2018-04-10 09:42:22, contaminated
trace_3.2_fail, 8027AB2C-E297-3F3E-B8C2-14282C9F708A, firefox, 2018-04-10 09:42:22, contaminated
trace_3.2_fail, FF1864D7-A11A-4315-7858-E0C23641FA26, firefox, 2018-04-10 09:42:22, contaminated
trace_3.2_fail, 0B01068F-0E40-8883-0273-9ACD6484CFCD, firefox, 2018-04-10 09:42:22, contaminated
trace_3.2_fail, BBC7B116-EA34-8CFB-783B-EAD283C9C4EC, firefox, 2018-04-10 09:42:22, contaminated
trace_3.2_fail, BE16662D-F806-622F-C5FA-901F6C47CB85, firefox, 2018-04-10 09:42:22, contaminated
trace_3.2_fail, D2F223F4-6D42-4ABB-59A9-8B5C8BB5B0DE, firefox, 2018-04-10 09:42:22, contaminated
trace_3.2_fail, 6F562EF2-7D4F-1325-FEAD-F7715BE6046D, firefox, 2018-04-10 09:42:22, contaminated
trace_3.2_fail, 91E364A2-0F95-1AEC-ECAD-516D98DE6832, firefox, 2018-04-10 09:42:22, contaminated
trace_3.2_fail, 9B54E7E3-B190-3878-B202-8BA078FE15F6, firefox, 2018-04-10 09:42:22, contaminated
trace_3.2_fail, 042A9D4F-09B4-CAD5-54EF-4190B46058F6, firefox, 2018-04-10 09:42:22, contaminated
trace_3.2_fail, 6692B54B-E5F9-8568-2E9B-6DEC72EA1962, firefox, 2018-04-10 09:42:22, contaminated
trace_3.2_fail, 00398779-DCF4-1053-C557-D53F38CDA689, firefox, 2018-04-10 09:42:22, contaminated
trace_3.2_fail, 795A0523-CB05-AB2F-9340-4294A890ADE1, firefox, 2018-04-10 09:42:22, contaminated
trace_3.2_fail, A45F8997-A968-84F2-546F-FCB12A3DECEE, firefox, 2018-04-10 09:42:22, contaminated
trace_3.2_fail, 9FDCA4EA-F1A2-C18F-815C-B09D807EE0DC, firefox, 2018-04-10 09:42:22, contaminated
trace_3.2_fail, F870BA63-7B46-D853-7D02-167A0FDB2E83, firefox, 2018-04-10 09:42:22, contaminated
trace_3.2_fail, 18D48830-7422-7DBE-E11A-E247019E8511, firefox, 2018-04-10 09:42:22, contaminated
trace_3.2_fail, 92287D9F-C03A-8778-0D0F-6E335C2BA8FE, firefox, 2018-04-10 09:42:22, contaminated
trace_3.2_fail, 8C10644E-0A3A-D0B7-4C20-F2617A91BFF1, firefox, 2018-04-10 09:42:22, contaminated
trace_3.2_fail, D0589A32-06B3-F170-52E9-C3E1C6F05440, firefox, 2018-04-10 09:42:22, contaminated
trace_3.2_fail, C566F81B-FCD0-0A6F-B6A5-4264E8385180, firefox, 2018-04-10 09:42:22, contaminated
trace_3.2_fail, 7D087C7E-65C1-441C-608B-E020340EF256, firefox, 2018-04-10 09:42:22, contaminated
trace_3.2_fail, 0ACDC8C0-869B-12B8-BF48-D9D36657C784, firefox, 2018-04-10 09:42:22, contaminated
trace_3.2_fail, 915E1EE7-5235-C35F-D5F9-F38186D22945, firefox, 2018-04-10 09:42:22, contaminated
trace_3.2_fail, 1954F43A-B5A3-7FA8-6B16-62D3B61CBBD2, firefox, 2018-04-10 09:42:22, contaminated
trace_3.2_fail, 291E4AED-09F4-D425-8171-DF31977CF4C3, firefox, 2018-04-10 09:42:22, contaminated
trace_3.2_fail, 08D780B9-993E-04CB-2A8E-366D88FFB9B9, firefox, 2018-04-10 09:42:22, contaminated
trace_3.2_fail, 350DC80E-437C-C54C-6D20-2AA61F02914B, firefox, 2018-04-10 09:42:22, contaminated
trace_3.2_fail, CD8D8333-466B-FEE1-044A-C03D4523D706, firefox, 2018-04-10 09:42:22, contaminated
trace_3.2_fail, A4FE714E-E047-666A-462E-0D60B0EA7994, firefox, 2018-04-10 09:42:22, contaminated
trace_3.2_fail, 69354A05-364C-1516-40C3-FD679C19555F, firefox, 2018-04-10 09:42:22, contaminated
trace_3.2_fail, BA13350C-4B7D-556F-EBF3-6C06CE4E5F28, firefox, 2018-04-10 09:42:22, contaminated
trace_3.2_fail, 2979E829-29BC-5D32-21BA-26A3A2B7B469, firefox, 2018-04-10 09:42:22, contaminated
trace_3.2_fail, 6D33D4DF-A112-A1B8-4789-42350024B8E3, firefox, 2018-04-10 09:42:22, contaminated
trace_3.2_fail, 703F35CA-1201-EF84-A67E-D1A35CC61D31, firefox, 2018-04-10 09:42:22, contaminated
trace_3.2_fail, 8EFC9056-9C09-4004-F55B-2B94D43B99E6, firefox, 2018-04-10 09:42:22, contaminated
trace_3.2_fail, 99E65CFC-44B3-9ADA-2FFD-24F91F7F8D8F, firefox, 2018-04-10 09:42:22, contaminated
trace_3.2_fail, E83DA164-147F-53A3-DB82-C7AA76CCF174, firefox, 2018-04-10 09:42:22, contaminated
trace_3.2_fail, 71E1CDC9-16CF-4661-867E-EB3350661E76, firefox, 2018-04-10 09:42:22, contaminated
trace_3.2_fail, 965B39C5-ACC6-467F-DFA9-C67763D8F671, firefox, 2018-04-10 09:42:22, contaminated
trace_3.2_fail, 470F4466-9D80-B18A-DCCB-9D1D692F872E, firefox, 2018-04-10 09:42:22, contaminated
trace_3.2_fail, 0E048C44-2990-6093-C657-2E38A188FEAC, firefox, 2018-04-10 09:42:22, contaminated
trace_3.2_fail, CAD98759-BE04-8B4B-59EA-80CF62258B8C, firefox, 2018-04-10 09:42:22, contaminated
trace_3.2_fail, 90F357B9-2A6A-441D-8361-5E83738138F8, firefox, 2018-04-10 09:42:22, contaminated
trace_3.2_fail, 74D6D613-0DB7-4848-3F35-D9D6D5812EC5, firefox, 2018-04-10 09:42:22, contaminated
trace_3.2_fail, 524F001D-64BF-4D0D-79ED-53C048EEBA7F, firefox, 2018-04-10 09:42:22, contaminated
trace_3.2_fail, 1D4E17FE-4BEF-8BF1-7524-155155B7FFA5, firefox, 2018-04-10 09:42:22, contaminated
trace_3.2_fail, C1918CA3-D165-CE51-EDE0-99C75A773129, firefox, 2018-04-10 09:42:22, contaminated
trace_3.2_fail, 85049085-9CC0-0774-A677-09B6799FB237, firefox, 2018-04-10 09:42:22, contaminated
trace_3.2_fail, 5F8FD685-FB0F-3C46-D014-1DB44AB6AC60, firefox, 2018-04-10 09:42:22, contaminated
trace_3.2_fail, EC6CE369-B6D4-9073-606E-FD390330A782, firefox, 2018-04-10 09:42:22, contaminated
trace_3.2_fail, C0650B50-7CE9-6DB9-24F8-CD1F2ED8C5F7, firefox, 2018-04-10 09:42:22, contaminated
trace_3.2_fail, 56CB3031-57A7-47C0-B84D-948F93B78FE3, firefox, 2018-04-10 09:42:22, contaminated
trace_3.2_fail, DC90464C-DB50-EE67-ABF5-3ACFD599C1D2, firefox, 2018-04-10 09:42:22, contaminated
trace_3.2_fail, 51BB7715-DB37-9195-A8B2-B8464E712529, firefox, 2018-04-10 09:42:22, contaminated
trace_3.2_fail, 850C1986-D42C-2B58-DC09-7BA1B7CF91B0, firefox, 2018-04-10 09:42:22, contaminated
trace_3.2_fail, 3BA9A87C-6363-589E-1B67-4F3E43D34064, firefox, 2018-04-10 09:42:22, contaminated
trace_3.2_fail, D4931CD3-ABC0-2AD2-F3E2-2F3A293A0806, firefox, 2018-04-10 09:42:22, contaminated
trace_3.2_fail, 9DBDEA4A-FEBF-9C8C-9030-3AADFA28FD91, firefox, 2018-04-10 09:42:22, contaminated
trace_3.2_fail, 030FB9BD-2B2E-BD10-D89F-4FDE8E85FEF6, firefox, 2018-04-10 09:42:22, contaminated
trace_3.2_fail, F4F808FF-09B4-9134-F4E5-601E46B191D0, firefox, 2018-04-10 09:42:22, contaminated
trace_3.2_fail, 3C0D3A61-55C1-2328-9153-083FC631F3EE, firefox, 2018-04-10 09:42:22, contaminated
trace_3.2_fail, ECDAED92-135D-DCF2-11FF-63247F3E4B79, firefox, 2018-04-10 09:42:22, contaminated
trace_3.2_fail, E7669A26-14F2-1326-C4F8-2F8215327380, firefox, 2018-04-10 09:42:22, contaminated
trace_3.2_fail, 50F934FA-2980-C810-DCF1-FA6D354FB35A, firefox, 2018-04-10 09:42:22, contaminated
trace_3.2_fail, 489028AA-0A3B-8FB4-3C3A-24767BECAAF9, firefox, 2018-04-10 09:42:22, contaminated
trace_3.2_fail, 0C864F30-9943-1AB8-160C-B64D5D7495BE, firefox, 2018-04-10 09:42:22, contaminated
trace_3.2_fail, EB99A0BD-B633-7A51-0B3B-BF5A403C810F, firefox, 2018-04-10 09:42:22, contaminated
trace_3.2_fail, E170F46A-B02B-86D3-3C59-359F07511093, firefox, 2018-04-10 09:42:22, contaminated
trace_3.2_fail, 6BFACE00-A00A-1498-7DCF-053A4824B1E6, firefox, 2018-04-10 09:42:22, contaminated
trace_3.2_fail, BD19D78D-E0C4-68D3-3B93-0BEB080EF7E7, firefox, 2018-04-10 09:42:22, contaminated
trace_3.2_fail, A97B1D92-8D30-6F04-6160-34F873CB4E55, firefox, 2018-04-10 09:42:22, contaminated
trace_3.2_fail, 0565CA8D-1393-AFE0-BA30-436FC583AD8D, firefox, 2018-04-10 09:42:22, contaminated
trace_3.2_fail, 86EECD3B-103C-3369-6E5E-3F765AA4EC25, firefox, 2018-04-10 09:42:22, contaminated
trace_3.2_fail, 220B7974-8BF8-AC9C-F47C-6FC58F6AECDF, firefox, 2018-04-10 09:42:22, contaminated
trace_3.2_fail, 1D3C3774-DCD4-7B2F-B850-F0F2399EFE66, firefox, 2018-04-10 09:42:22, contaminated
trace_3.2_fail, 3C94C5DB-3B1C-1C58-4194-4AC9ADBB72FE, firefox, 2018-04-10 09:42:22, contaminated
trace_3.2_fail, D6880C49-7E36-69C3-5182-F2FC30898980, firefox, 2018-04-10 09:42:22, contaminated
trace_3.2_fail, E18D55E7-FB26-24A8-1FB7-0ADE0C3AFB58, firefox, 2018-04-10 09:42:22, contaminated
trace_3.2_fail, D84EF066-0758-3F41-8B5C-4609FBE553DF, firefox, 2018-04-10 09:42:22, contaminated
trace_3.2_fail, 071DB24D-9EA8-E48B-DDCC-E64A98803565, firefox, 2018-04-10 09:42:22, contaminated
trace_3.2_fail, 697A2926-B330-EB81-29CA-A8AD57E01E79, firefox, 2018-04-10 09:42:22, contaminated
trace_3.2_fail, 6DE07CB9-1A0F-72B8-7464-79B0D3DFE495, firefox, 2018-04-10 09:42:22, contaminated
trace_3.2_fail, ED21F551-678B-7978-5C5A-020131FE6E7B, firefox, 2018-04-10 09:42:22, contaminated
trace_3.2_fail, D05C137A-B916-8FDE-0B59-67E32B1E13DB, firefox, 2018-04-10 09:42:22, contaminated
trace_3.2_fail, 096FE072-C570-A6E8-2E5A-A88182194775, firefox, 2018-04-10 09:42:22, contaminated
trace_3.2_fail, 66191E76-2DE5-64C5-1931-C159C4092D83, firefox, 2018-04-10 09:42:22, contaminated
trace_3.2_fail, DEE6D6F3-D339-295F-053A-AE10E5E9F49B, firefox, 2018-04-10 09:42:22, contaminated
trace_3.2_fail, F31354A4-E6F3-85AF-3B41-4E7650688B78, firefox, 2018-04-10 09:42:22, contaminated
trace_3.2_fail, 4495F0A2-731C-FDCA-812B-91D00C0DD8A1, firefox, 2018-04-10 09:42:22, contaminated
trace_3.2_fail, D0C3AA8A-6983-FC72-6FD0-99F11899B2FF, firefox, 2018-04-10 09:42:22, contaminated
trace_3.2_fail, 7CCED9F8-D153-3A2E-FB4F-B92587C3B8F9, firefox, 2018-04-10 09:42:22, contaminated
trace_3.2_fail, CCBA542A-84D3-D697-F542-C8A6A4383C09, firefox, 2018-04-10 09:42:22, contaminated
trace_3.2_fail, 48375E0F-E7F6-D62A-F5DB-524C7251F97D, firefox, 2018-04-10 09:42:22, contaminated
trace_3.2_fail, EC97B8B4-7A8D-51D1-8EB1-2ECC373522B4, firefox, 2018-04-10 09:42:22, contaminated
trace_3.2_fail, BBE1FC79-E14B-858E-70B1-5219760F7A41, firefox, 2018-04-10 09:42:22, contaminated
trace_3.2_fail, 0C1F37D1-BB21-874F-D7A1-301F2FC20ECE, firefox, 2018-04-10 09:42:22, contaminated
trace_3.2_fail, C4E0AFC7-D6C5-9480-0BD2-BE5B271FCB19, firefox, 2018-04-10 09:42:22, contaminated
trace_3.2_fail, 5E548F3A-0460-47CD-600E-C884F39BEF4B, firefox, 2018-04-10 09:42:22, contaminated
trace_3.2_fail, 0D7A6A18-26FC-9273-E422-0B10339CFCEF, firefox, 2018-04-10 09:42:22, contaminated
trace_3.2_fail, F3898645-F816-4EDA-B872-49199B8221E8, firefox, 2018-04-10 09:42:22, contaminated
trace_3.2_fail, 35DFE10A-9B49-3BAC-20AA-9A33727FB207, firefox, 2018-04-10 09:42:22, contaminated
trace_3.2_fail, 177EBD39-E96E-EDDA-3F9E-79BDCFD16A03, firefox, 2018-04-10 09:42:22, contaminated
trace_3.2_fail, FA92BD38-2FE9-D219-4FD3-58F96FC1A0BF, firefox, 2018-04-10 09:42:22, contaminated
trace_3.2_fail, D6925190-7549-9EC4-1B78-19371BC1CDE6, firefox, 2018-04-10 09:42:22, contaminated
trace_3.2_fail, 84A09D00-3BCC-DF15-1EF1-45FE44CE99FF, firefox, 2018-04-10 09:42:22, contaminated
trace_3.2_fail, 5AF06FAB-E4B9-1C61-3D2A-4996D52C3633, firefox, 2018-04-10 09:42:22, contaminated
trace_3.2_fail, 4F300EA8-6590-5299-FB05-DF27D1C5BC3C, firefox, 2018-04-10 09:42:22, contaminated
trace_3.2_fail, 9A4B16AC-A549-913D-9406-26EA37B2DBAF, firefox, 2018-04-10 09:42:22, contaminated
trace_3.2_fail, C815B9DC-111B-99DB-6779-DE1543C6B7ED, firefox, 2018-04-10 09:42:22, contaminated
trace_3.2_fail, 1CE8A649-397D-11A0-FED0-1B938F05DB7C, firefox, 2018-04-10 09:42:22, contaminated
trace_3.2_fail, 4FEBF847-CC4A-3036-256C-FDB216568FE0, firefox, 2018-04-10 09:42:22, contaminated
trace_3.2_fail, 743E2893-232B-78B4-AE25-E308154FF29B, firefox, 2018-04-10 09:42:22, contaminated
trace_3.2_fail, 31739723-CF1B-6ECE-4E1D-6D1A24D21845, firefox, 2018-04-10 09:42:22, contaminated
trace_3.2_fail, 210F580B-4798-79E8-FCA0-A3E74CCF27D8, firefox, 2018-04-10 09:42:22, contaminated
trace_3.2_fail, B7960217-0A72-916F-D329-6D5A8D0FFF05, firefox, 2018-04-10 09:42:22, contaminated
trace_3.2_fail, 5365DA10-C123-78D0-9DB2-21E0FCE711ED, firefox, 2018-04-10 09:42:22, contaminated
trace_3.2_fail, 862AD0D9-2CA1-AD52-592D-F3D67943ABCA, firefox, 2018-04-10 09:42:22, contaminated
trace_3.2_fail, 814BF66A-CE1A-36E0-82B8-F6B9ACF11C9F, firefox, 2018-04-10 09:42:22, contaminated
trace_3.2_fail, 6A53F99F-C391-8595-7DDD-4E9B3222989C, firefox, 2018-04-10 09:42:22, contaminated
trace_3.2_fail, E0215B69-223E-D636-9B11-341B4B7FFA39, firefox, 2018-04-10 09:42:22, contaminated
trace_3.2_fail, C96EF938-44A0-23EA-5D38-E46055D87D68, firefox, 2018-04-10 09:42:22, contaminated
trace_3.2_fail, 912E76C8-96DB-7F88-6277-C4E1EF9C329F, firefox, 2018-04-10 09:42:22, contaminated
trace_3.2_fail, 88B1C07F-690A-A11E-DF60-D38FFBE34028, firefox, 2018-04-10 09:42:22, contaminated
trace_3.2_fail, 02FE958F-EC28-05F4-4B3B-07AB8EEA0C92, firefox, 2018-04-10 09:42:22, contaminated
trace_3.2_fail, ED7CD273-3BCA-701C-394B-B8A800AC410A, firefox, 2018-04-10 09:42:22, contaminated
trace_3.2_fail, 31724728-5E1E-83FC-33D8-1E9F0AAF70AD, firefox, 2018-04-10 09:42:22, contaminated
trace_3.2_fail, E1C9C428-7524-56B1-D2D0-AD66F9D222A1, firefox, 2018-04-10 09:42:22, contaminated
trace_3.2_fail, 46C5C5D6-B95C-9DE5-C39F-17800F613E1D, firefox, 2018-04-10 09:42:22, contaminated
trace_3.2_fail, 413B12C5-FA23-5683-21C1-C861CEA3FEEE, firefox, 2018-04-10 09:42:22, contaminated
trace_3.2_fail, D40E1244-95BB-4B99-9277-4CF22290E5B2, firefox, 2018-04-10 09:42:22, contaminated
trace_3.2_fail, 0E33CAC6-2C21-0B10-DF81-65C834E2449F, firefox, 2018-04-10 09:42:22, contaminated
trace_3.2_fail, BB80F9EA-C40E-BF74-9912-5F5907E19D8B, firefox, 2018-04-10 09:42:22, contaminated
trace_3.2_fail, 30C871A1-2289-7484-ECD0-A20FE1689C7B, firefox, 2018-04-10 09:42:22, contaminated
trace_3.2_fail, 53ED14BA-F7C6-CD99-2931-6E040A03C3D8, firefox, 2018-04-10 09:42:22, contaminated
trace_3.2_fail, 4EFAB40D-CBF0-94F3-DAE3-4B887A98DA89, firefox, 2018-04-10 09:42:22, contaminated
trace_3.2_fail, 3A5FE1BC-E3BD-F5C6-1FE0-F48CD3626CE5, firefox, 2018-04-10 09:42:22, contaminated
trace_3.2_fail, F9A4E6A5-CCC2-E439-AAC6-8DEFF1EC207D, firefox, 2018-04-10 09:42:22, contaminated
trace_3.2_fail, 3E19433F-3836-C6DC-9CA7-62D8DD73442F, firefox, 2018-04-10 09:42:22, contaminated
trace_3.2_fail, 05E7175A-52DF-7E92-4817-8F3D562385C6, firefox, 2018-04-10 09:42:22, contaminated
trace_3.2_fail, A7339E71-91B4-5AB1-6A3B-2D72DFC1F1BB, firefox, 2018-04-10 09:42:22, contaminated
trace_3.2_fail, AD052B1E-EE03-9AC5-6766-205D181D8303, firefox, 2018-04-10 09:42:22, contaminated
trace_3.2_fail, 542FF916-32F5-4BF4-6822-25E60BD9551D, firefox, 2018-04-10 09:42:22, contaminated
trace_3.2_fail, 93759B0B-8C20-4E68-3E4A-3A83006168A3, firefox, 2018-04-10 09:42:22, contaminated
trace_3.2_fail, A4A73D36-7E8D-AD62-4064-32648AC05382, firefox, 2018-04-10 09:42:22, contaminated
trace_3.2_fail, ED61E8E5-E613-8DB4-1629-149D49200240, firefox, 2018-04-10 09:42:22, contaminated
trace_3.2_fail, 5FEBC3C9-7AE7-B48F-BA13-022972290C74, firefox, 2018-04-10 09:42:22, contaminated
trace_3.2_fail, 600E19FF-F818-5690-697D-6366033F10E8, firefox, 2018-04-10 09:42:22, contaminated
trace_3.2_fail, A20E99D5-78FB-D3F9-64E8-4204F9205D42, firefox, 2018-04-10 09:42:22, contaminated
trace_3.2_fail, 713B270E-B74B-5BF6-651D-C25D6402B930, firefox, 2018-04-10 09:42:22, contaminated
trace_3.2_fail, 1B5BE089-EC64-CD09-B681-1910C58E9550, firefox, 2018-04-10 09:42:22, contaminated
trace_3.2_fail, 310A0687-500C-6A55-AD67-25E272392EFC, firefox, 2018-04-10 09:42:22, contaminated
trace_3.2_fail, DBF5C3BE-EB22-7D49-877E-8B4019BEF081, firefox, 2018-04-10 09:42:22, contaminated
trace_3.2_fail, 1ED39307-BC93-CDF9-DB0F-87581ABFEA78, firefox, 2018-04-10 09:42:22, contaminated
trace_3.2_fail, DCBBFF9E-AA78-DA00-DF51-7D54EEF46865, firefox, 2018-04-10 09:42:22, contaminated
trace_3.2_fail, 75572541-5597-8959-4514-7F70671911D6, firefox, 2018-04-10 09:42:22, contaminated
trace_3.2_fail, 4802B705-E6D8-0137-357C-EC791764C6F2, firefox, 2018-04-10 09:42:22, contaminated
trace_3.2_fail, 75090EA8-51EE-9FD3-BBAE-2B44B682B5E2, firefox, 2018-04-10 09:42:22, contaminated
trace_3.2_fail, 4F7C450D-EDA7-A32B-16E2-A0B6D5A87A83, firefox, 2018-04-10 09:42:22, contaminated
trace_3.2_fail, 826965AB-E2F6-3D1E-4ADC-EA90646AD74D, firefox, 2018-04-10 09:42:22, contaminated
trace_3.2_fail, 0F99C0F8-79FC-FAA5-3CFF-82D9E5F3FDC6, firefox, 2018-04-10 09:42:22, contaminated
trace_3.2_fail, AF3BBD99-017C-D581-895E-28774F030DB9, firefox, 2018-04-10 09:42:22, contaminated
trace_3.2_fail, 5B1B16F0-93B6-D2C5-1FDC-B3B10385FFB2, firefox, 2018-04-10 09:42:22, contaminated
trace_3.2_fail, 0CF917CA-F974-B143-E244-5AB175563A23, firefox, 2018-04-10 09:42:22, contaminated
trace_3.2_fail, 4BA77B46-C16B-A83F-21BF-23EE8258AF2B, firefox, 2018-04-10 09:42:22, contaminated
trace_3.2_fail, 9F4951F6-9C2A-897C-BF29-CDC6D0E4C854, firefox, 2018-04-10 09:42:22, contaminated
trace_3.2_fail, 2763252E-1BFB-02B9-9ACE-41A2940628D2, firefox, 2018-04-10 09:42:22, contaminated
trace_3.2_fail, C4015899-214B-78DF-C4E8-C9B22BB996C4, firefox, 2018-04-10 09:42:22, contaminated
trace_3.2_fail, 6545FAE5-D907-257E-5198-D3330F8D529C, firefox, 2018-04-10 09:42:22, contaminated
trace_3.2_fail, 45F4AD95-CB06-DFAA-7603-8465AF885ABC, firefox, 2018-04-10 09:42:22, contaminated
trace_3.2_fail, 91B037BE-F735-BDA1-6B1A-6192126F86C4, firefox, 2018-04-10 09:42:22, contaminated
trace_3.2_fail, 9C914B19-4D0E-E3D4-6D7E-AAFEC2410F5D, firefox, 2018-04-10 09:42:23, contaminated
trace_3.2_fail, DD64A0F0-EE4F-7908-7F92-CBD5C3512A97, firefox, 2018-04-10 09:42:23, contaminated
trace_3.2_fail, 1F82C94B-66F9-E3AC-E692-25EA5429B4F7, firefox, 2018-04-10 09:42:23, contaminated
trace_3.2_fail, 72EDC8FC-B3EF-DC6A-CC51-4A20E0688644, firefox, 2018-04-10 09:42:23, contaminated
trace_3.2_fail, 5EADA44F-2659-AB61-941B-008F279C3A3B, firefox, 2018-04-10 09:42:23, contaminated
trace_3.2_fail, 0CA972D1-889C-24F0-F9D7-09A321180059, firefox, 2018-04-10 09:42:23, contaminated
trace_3.2_fail, 36E3D478-D769-3870-FA40-1042672BDD9D, firefox, 2018-04-10 09:42:23, contaminated
trace_3.2_fail, B548B798-E252-07C6-183A-939FDA9C1FFB, firefox, 2018-04-10 09:42:23, contaminated
trace_3.2_fail, D98400FA-6792-F35F-3A54-F4F927EA22D3, firefox, 2018-04-10 09:42:23, contaminated
trace_3.2_fail, FB68E3C7-6EF3-4A1F-F289-C79CD78FF8A2, firefox, 2018-04-10 09:42:23, contaminated
trace_3.2_fail, 2ABAC91F-6356-08EF-D0DF-AD9BF2A14D76, firefox, 2018-04-10 09:42:23, contaminated
trace_3.2_fail, 9DC1D1F8-91F5-BDA7-92F5-A53E7661D35F, firefox, 2018-04-10 09:42:23, contaminated
trace_3.2_fail, 1EC8285E-BDE7-8B5C-A90E-735F57372725, firefox, 2018-04-10 09:42:23, contaminated
trace_3.2_fail, FA231E42-670C-747F-0299-80473C5F7D82, firefox, 2018-04-10 09:42:23, contaminated
trace_3.2_fail, 68169ACB-36F4-8286-C659-A1BEF595862F, firefox, 2018-04-10 09:42:23, contaminated
trace_3.2_fail, 41F112FA-8F91-0F15-1442-019499BF3769, firefox, 2018-04-10 09:42:23, contaminated
trace_3.2_fail, 215F0FC2-CC6C-A806-1C83-4D57E5220371, firefox, 2018-04-10 09:42:23, contaminated
trace_3.2_fail, 39ECA102-4A2F-6984-B8AE-FEC58E2ED359, firefox, 2018-04-10 09:42:23, contaminated
trace_3.2_fail, 5D653C7A-6E58-B080-C2A5-ADC8AB48C825, firefox, 2018-04-10 09:42:23, contaminated
trace_3.2_fail, 30A76F04-3CE0-325D-CF2C-B7C0BB1D87EB, firefox, 2018-04-10 09:42:23, contaminated
trace_3.2_fail, 5F9C7218-7573-B49B-EE6C-F0EFBD4CE865, firefox, 2018-04-10 09:42:23, contaminated
trace_3.2_fail, D80C626D-A121-CFD7-78AC-F6973E393B66, firefox, 2018-04-10 09:42:23, contaminated
trace_3.2_fail, BF44C283-D552-3DA5-581B-624A7EDB2FC9, firefox, 2018-04-10 09:42:23, contaminated
trace_3.2_fail, 64C39FDB-7C39-5374-CEC2-BCF492AB7E97, firefox, 2018-04-10 09:42:23, contaminated
trace_3.2_fail, 9ED6CCE5-4200-0302-C3DA-6212F7EDA05A, firefox, 2018-04-10 09:42:23, contaminated
trace_3.2_fail, 27A3A9F0-E5C0-B8FB-BED3-BAE4C689821D, firefox, 2018-04-10 09:42:23, contaminated
trace_3.2_fail, 231CBB7F-95C0-707D-7150-5AC9763A746A, firefox, 2018-04-10 09:42:23, contaminated
trace_3.2_fail, 2853698D-FEA4-798E-BFE1-3BA188668828, firefox, 2018-04-10 09:42:23, contaminated
trace_3.2_fail, 34D81769-3A69-2918-F2D9-E7DE1F47B714, firefox, 2018-04-10 09:42:23, contaminated
trace_3.2_fail, F6856E56-F7F5-4972-65B9-647AD1F8E063, firefox, 2018-04-10 09:42:23, contaminated
trace_3.2_fail, 60A31096-6A29-DB9C-8703-9F346F912E21, firefox, 2018-04-10 09:42:23, contaminated
trace_3.2_fail, 6B0FD035-2418-E5DD-65D0-200474B49E51, firefox, 2018-04-10 09:42:23, contaminated
trace_3.2_fail, 9275F2E0-0F25-9068-AB75-9F29B2A28099, firefox, 2018-04-10 09:42:23, contaminated
trace_3.2_fail, 4369FC3B-7D5D-2201-A309-40F4EC2D1D17, firefox, 2018-04-10 09:42:23, contaminated
trace_3.2_fail, 657381D3-E0F3-854D-A9B5-496E2DFA8C68, firefox, 2018-04-10 09:42:23, contaminated
trace_3.2_fail, C330B7D7-C1F3-E8FD-3EFE-07761E92452D, firefox, 2018-04-10 09:42:23, contaminated
trace_3.2_fail, 5079DDB1-F684-CEFC-6B09-6AD6C3DF9C56, firefox, 2018-04-10 09:42:23, contaminated
trace_3.2_fail, FBA93FC8-A885-DFDD-AE79-E42653E18A1A, firefox, 2018-04-10 09:42:23, contaminated
trace_3.2_fail, F6D25FEE-A9A7-EB63-18A8-57A21672F60C, firefox, 2018-04-10 09:42:23, contaminated
trace_3.2_fail, 8B86FE94-11FE-91FF-E5B0-B6CB216C01BE, firefox, 2018-04-10 09:42:23, contaminated
trace_3.2_fail, 127E264E-B0EA-7828-6886-EFBAB026260B, firefox, 2018-04-10 09:42:23, contaminated
trace_3.2_fail, C247E63E-8D29-EFAE-2ADE-630F116E4E88, firefox, 2018-04-10 09:42:23, contaminated
trace_3.2_fail, 730048FD-6843-4FA5-957E-95C79C11A045, firefox, 2018-04-10 09:42:23, contaminated
trace_3.2_fail, F6D3EDB2-0969-8923-4553-B606810337D3, firefox, 2018-04-10 09:42:23, contaminated
trace_3.2_fail, 2B6B4AF6-E4A9-FA13-E84C-A7945CC463BF, firefox, 2018-04-10 09:42:23, contaminated
trace_3.2_fail, 6389A8D7-B38C-C3FF-729B-3A76DDFE0C67, firefox, 2018-04-10 09:42:23, contaminated
trace_3.2_fail, 73B5DDF1-FBF2-8C05-1EC0-CDB588A5FAA1, firefox, 2018-04-10 09:42:23, contaminated
trace_3.2_fail, D50B7125-382C-2AE0-6076-D5B154862ABB, firefox, 2018-04-10 09:42:23, contaminated
trace_3.2_fail, 34780FD2-467F-38A1-4036-985C4D173451, firefox, 2018-04-10 09:42:23, contaminated
trace_3.2_fail, 78845AAC-56D3-9A24-F8A9-1C5F0E0AFE39, firefox, 2018-04-10 09:42:23, contaminated
trace_3.2_fail, 994E5F2F-EC17-418C-C0C5-3447C8FC1B09, firefox, 2018-04-10 09:42:23, contaminated
trace_3.2_fail, 350FA572-5216-4A3F-9B5E-078CFDC0C457, firefox, 2018-04-10 09:42:23, contaminated
trace_3.2_fail, 2A18BA12-BA1D-4300-B79D-B6FB8B8D0479, firefox, 2018-04-10 09:42:23, contaminated
trace_3.2_fail, ECA4D4DF-F7E0-9AD1-FEB2-1C7EE02B35F9, firefox, 2018-04-10 09:42:23, contaminated
trace_3.2_fail, 3AFEAA31-652D-70AF-EA6C-D633E27BE09C, firefox, 2018-04-10 09:42:23, contaminated
trace_3.2_fail, 380F884C-8EAB-BFBC-2243-6341AAE8F491, firefox, 2018-04-10 09:42:23, contaminated
trace_3.2_fail, A425786A-ED25-65A8-EA35-1420C5BC0E15, firefox, 2018-04-10 09:42:23, contaminated
trace_3.2_fail, 63982B59-227E-43D8-EEFB-6B5DCDDA0F7B, firefox, 2018-04-10 09:42:23, contaminated
trace_3.2_fail, 09F4FC44-6B15-8630-1930-B627DD418C61, firefox, 2018-04-10 09:42:23, contaminated
trace_3.2_fail, F8BD1160-0B76-FFE5-C79D-840CD876A8FE, firefox, 2018-04-10 09:42:23, contaminated
trace_3.2_fail, 5CE0DBBB-05DD-5005-630A-7DB4C9A10E7C, firefox, 2018-04-10 09:42:23, contaminated
trace_3.2_fail, 40C4EAE9-9405-7872-4807-6B51A8BA1AA1, firefox, 2018-04-10 09:42:23, contaminated
trace_3.2_fail, 30C515F2-E0E4-63C3-D05D-38F339E40630, firefox, 2018-04-10 09:42:23, contaminated
trace_3.2_fail, 409BD0BC-DE0F-9C13-3993-7F1557158BB3, firefox, 2018-04-10 09:42:23, contaminated
trace_3.2_fail, FE5A36C2-07A1-AC88-BB49-63AC06FA93AC, firefox, 2018-04-10 09:42:23, contaminated
trace_3.2_fail, 41B5CB4B-6659-AF73-CB62-F24187B1854C, firefox, 2018-04-10 09:42:23, contaminated
trace_3.2_fail, 0E9C413A-9E68-383D-072B-5A5A7039A1B9, firefox, 2018-04-10 09:42:23, contaminated
trace_3.2_fail, B7946050-F1EF-000C-1970-F41E97179F5B, firefox, 2018-04-10 09:42:23, contaminated
trace_3.2_fail, C7146808-B840-FC5C-AA1E-6BEB2886695D, firefox, 2018-04-10 09:42:23, contaminated
trace_3.2_fail, B4E240C5-3B88-867E-3017-1079A5B88180, firefox, 2018-04-10 09:42:23, contaminated
trace_3.2_fail, D785F88A-55C2-E3B3-A33E-7E87D0BAE523, firefox, 2018-04-10 09:42:23, contaminated
trace_3.2_fail, 012AB617-5733-33F2-024F-024C77C58CBC, firefox, 2018-04-10 09:42:23, contaminated
trace_3.2_fail, 0BA4EA0D-EF52-B9F5-9D39-C2396D3A90C1, firefox, 2018-04-10 09:42:23, contaminated
trace_3.2_fail, 5C00F8D1-9EA3-6E57-877B-27C6688D4229, firefox, 2018-04-10 09:42:23, contaminated
trace_3.2_fail, 03061E43-0F33-E3FF-36C3-A1807FF9AA7F, firefox, 2018-04-10 09:42:23, contaminated
trace_3.2_fail, FCEDF150-07C7-AE30-9D65-975629EA1375, firefox, 2018-04-10 09:42:23, contaminated
trace_3.2_fail, 180FA6B3-A65C-5DCF-64F4-CA0196131550, firefox, 2018-04-10 09:42:23, contaminated
trace_3.2_fail, 23CBD5B0-764B-DD6D-CE9F-1878AD0268CD, firefox, 2018-04-10 09:42:23, contaminated
trace_3.2_fail, A4AC5D5E-F81A-3081-AACC-BF2DA4EAE44F, firefox, 2018-04-10 09:42:23, contaminated
trace_3.2_fail, CA107869-7DDF-81B3-331F-DD20A416B3E6, firefox, 2018-04-10 09:42:23, contaminated
trace_3.2_fail, E994FA5A-C44D-4C6C-F444-2B905CA5CA43, firefox, 2018-04-10 09:42:23, contaminated
trace_3.2_fail, 846DDFE9-6879-9DC8-61EE-8C58828EF998, firefox, 2018-04-10 09:42:23, contaminated
trace_3.2_fail, 5E86DBB9-D51F-C2DF-4BF6-9669D9B0A252, firefox, 2018-04-10 09:42:23, contaminated
trace_3.2_fail, 8ECDBA78-1F3D-8F81-D6D8-E87D181809D8, firefox, 2018-04-10 09:42:23, contaminated
trace_3.2_fail, B6CD0A35-2A26-5F21-86C7-D5441FF3C73A, firefox, 2018-04-10 09:42:23, contaminated
trace_3.2_fail, 8D451497-1874-0481-9669-8CB70FF54AB8, firefox, 2018-04-10 09:42:23, contaminated
trace_3.2_fail, F74C4D0F-8F34-59DB-926F-AA1F40582107, firefox, 2018-04-10 09:42:23, contaminated
trace_3.2_fail, 55BCBF94-956E-3E8C-F1BA-4A8B22A8DDBE, firefox, 2018-04-10 09:42:23, contaminated
trace_3.2_fail, 1809C353-97B7-2864-9089-41679A58E4A9, firefox, 2018-04-10 09:42:23, contaminated
trace_3.2_fail, 87E68D9E-DDE8-E6FF-D79D-142EE56D9E1A, firefox, 2018-04-10 09:42:23, contaminated
trace_3.2_fail, D03298B1-72E6-E034-A626-9979AB29EA6D, firefox, 2018-04-10 09:42:23, contaminated
trace_3.2_fail, 91DDCE62-9FEB-C467-E6A7-79A20AEA5ECD, firefox, 2018-04-10 09:42:23, contaminated
trace_3.2_fail, D79EC0A6-B0CB-B933-D14E-D02348954481, firefox, 2018-04-10 09:42:23, contaminated
trace_3.2_fail, 3B1B40DF-7203-8827-EA32-5852046677D4, firefox, 2018-04-10 09:42:23, contaminated
trace_3.2_fail, 105883EB-AF1A-F715-94ED-428C2B90C77D, firefox, 2018-04-10 09:42:23, contaminated
trace_3.2_fail, 3985CDE9-3B3B-B7DD-E522-9420381CCADD, firefox, 2018-04-10 09:42:23, contaminated
trace_3.2_fail, 35EA76B9-C444-CD57-1F9B-BDF66563BAE0, firefox, 2018-04-10 09:42:23, contaminated
trace_3.2_fail, 16276460-D59D-6143-7AEF-671C37913F3B, firefox, 2018-04-10 09:42:23, contaminated
trace_3.2_fail, 6BC9A195-28DC-518E-E49D-BB252384B4AC, firefox, 2018-04-10 09:42:23, contaminated
trace_3.2_fail, EA6874A0-A150-111D-DD7F-87EB697C8F81, firefox, 2018-04-10 09:42:23, contaminated
trace_3.2_fail, 20D582CF-5A21-C896-40C7-0B24EFFB2F58, firefox, 2018-04-10 09:42:23, contaminated
trace_3.2_fail, 0571D972-6DA2-54CB-59BE-6FE2750A8DF6, firefox, 2018-04-10 09:42:23, contaminated
trace_3.2_fail, 83B22D64-D00C-24D7-12FE-6EF83F597BCC, firefox, 2018-04-10 09:42:23, contaminated
trace_3.2_fail, 127FBD5E-E23D-2810-BE88-41072EDC7DB3, firefox, 2018-04-10 09:42:23, contaminated
trace_3.2_fail, C4DDDCCE-DCB8-34ED-A9E6-66B30E17C460, firefox, 2018-04-10 09:42:23, contaminated
trace_3.2_fail, FA9E2391-3DFA-D30E-5324-5F2E66E332EE, firefox, 2018-04-10 09:42:23, contaminated
trace_3.2_fail, E9F080D6-EF37-8A98-8C14-18A48682656D, firefox, 2018-04-10 09:42:23, contaminated
trace_3.2_fail, 3195B96D-F650-19C6-F28A-3440C7E16A47, firefox, 2018-04-10 09:42:23, contaminated
trace_3.2_fail, 8E69627D-AA37-F339-46B8-8BFE921292D9, firefox, 2018-04-10 09:42:23, contaminated
trace_3.2_fail, CCC67986-082D-0B49-0289-7878CBBD7377, firefox, 2018-04-10 09:42:23, contaminated
trace_3.2_fail, 82B3B018-09B9-D0A9-9CFB-635049D1F231, firefox, 2018-04-10 09:42:23, contaminated
trace_3.2_fail, F80BDC79-3D41-2122-9EDB-55A68EFED7DF, firefox, 2018-04-10 09:42:23, contaminated
trace_3.2_fail, 78F1AFA5-9FEB-636B-DB0B-A4D2C6B79C14, firefox, 2018-04-10 09:42:23, contaminated
trace_3.2_fail, 60063164-ED94-A919-CA65-C3FC8F3E1B12, firefox, 2018-04-10 09:42:23, contaminated
trace_3.2_fail, 01645BD7-1CD9-AA76-2877-2D3D867E2216, firefox, 2018-04-10 09:42:23, contaminated
trace_3.2_fail, A8B829A0-B2FF-6108-7279-7E5A3038D4CF, firefox, 2018-04-10 09:42:23, contaminated
trace_3.2_fail, 62C0467E-34C0-C680-0EC3-7E9CC630DC69, firefox, 2018-04-10 09:42:23, contaminated
trace_3.2_fail, 615C4A59-23EB-8F0E-6126-8FD080F56420, firefox, 2018-04-10 09:42:23, contaminated
trace_3.2_fail, 4A23E579-A6E3-5B42-E7DB-106223EE0F03, firefox, 2018-04-10 09:42:23, contaminated
trace_3.2_fail, CBA37EF9-44E8-2F4D-1D45-02DA911FFB5D, firefox, 2018-04-10 09:42:23, contaminated
trace_3.2_fail, 87D6FF5F-B444-0CCB-81E4-6DBA44B6A8E1, firefox, 2018-04-10 09:42:23, contaminated
trace_3.2_fail, F79EAE7B-B9B1-DBF6-520D-11C3CD06EF61, firefox, 2018-04-10 09:42:23, contaminated
trace_3.2_fail, 65E055E2-E745-5FEA-89E5-AA794C59A56A, firefox, 2018-04-10 09:42:23, contaminated
trace_3.2_fail, C50E766F-21B6-B2E3-D1B5-447D06EFDABF, firefox, 2018-04-10 09:42:23, contaminated
trace_3.2_fail, 094AB536-16FE-E309-64BD-2603B03E6F62, firefox, 2018-04-10 09:42:23, contaminated
trace_3.2_fail, A2DE1E04-FF81-FD4F-A51B-BB06881C3BE0, firefox, 2018-04-10 09:42:23, contaminated
trace_3.2_fail, BD4E3331-DF25-A825-A309-B4A94E167DB3, firefox, 2018-04-10 09:42:23, contaminated
trace_3.2_fail, 1A76B237-6C3F-8BFD-2642-AD1B66B1993A, firefox, 2018-04-10 09:42:23, contaminated
trace_3.2_fail, FF38AF0F-68A2-E968-EACE-0029FB6A1D2F, firefox, 2018-04-10 09:42:23, contaminated
trace_3.2_fail, ABBB9432-B82C-9B3C-37C7-6DEA4C87ADE8, firefox, 2018-04-10 09:42:23, contaminated
trace_3.2_fail, 644780FA-12C0-DA65-213D-EF198C1A3216, firefox, 2018-04-10 09:42:23, contaminated
trace_3.2_fail, CC316C9C-030D-13FC-21C9-B0A8BFB35E62, firefox, 2018-04-10 09:42:23, contaminated
trace_3.2_fail, 05D70CD7-AFB5-B5C3-7DBA-67A54E161FCF, firefox, 2018-04-10 09:42:23, contaminated
trace_3.2_fail, B691B413-BBED-B90A-AD5D-FE6C5752C980, firefox, 2018-04-10 09:42:23, contaminated
trace_3.2_fail, D46BA0DD-2106-EAC6-801E-7532A2A9B51B, firefox, 2018-04-10 09:42:23, contaminated
trace_3.2_fail, C16E850B-E6EE-8C97-B634-7A25CE8B3742, firefox, 2018-04-10 09:42:23, contaminated
trace_3.2_fail, 94867E91-EE49-8F85-A61C-26184493FBD1, firefox, 2018-04-10 09:42:23, contaminated
trace_3.2_fail, FE09E8C3-5A1F-E423-7584-341D9E05BF2F, firefox, 2018-04-10 09:42:23, contaminated
trace_3.2_fail, C9F2B211-67DA-A22E-BADB-E0BCC2FFB63B, firefox, 2018-04-10 09:42:23, contaminated
trace_3.2_fail, B17A190B-0F91-4627-F0C5-BFECB2284D63, firefox, 2018-04-10 09:42:23, contaminated
trace_3.2_fail, 169551CA-4E58-9754-7088-16635EE7E8B9, firefox, 2018-04-10 09:42:23, contaminated
trace_3.2_fail, C1D39DFC-88FF-8846-65B2-10A2660B1884, firefox, 2018-04-10 09:42:23, contaminated
trace_3.2_fail, 77C8731A-3DA9-94D4-24F8-CD9F3E4FA0BF, firefox, 2018-04-10 09:42:23, contaminated
trace_3.2_fail, 62FDCBE0-B4BC-6B03-3EED-014B93B61354, firefox, 2018-04-10 09:42:23, contaminated
trace_3.2_fail, 0D1E1034-5BBA-C32A-78C6-AF5DC0DE2B27, firefox, 2018-04-10 09:42:23, contaminated
trace_3.2_fail, 79879DA0-A2AE-39C4-BF2A-580F8932E4FA, firefox, 2018-04-10 09:42:23, contaminated
trace_3.2_fail, 7C8371A3-BF03-9EA1-2768-280D3DC348C9, firefox, 2018-04-10 09:42:23, contaminated
trace_3.2_fail, A9368C71-A06D-B644-B2FA-B1ED767D7A74, firefox, 2018-04-10 09:42:23, contaminated
trace_3.2_fail, 5E124244-24CD-799D-270D-8276FE440CCA, firefox, 2018-04-10 09:42:23, contaminated
trace_3.2_fail, 384651BB-11C1-C021-5E0B-BE8538C97EF4, firefox, 2018-04-10 09:42:23, contaminated
trace_3.2_fail, FB61DF7D-E3F8-9F71-24D2-FE9D06237E70, firefox, 2018-04-10 09:42:23, contaminated
trace_3.2_fail, 8E973802-6C79-ADE5-8872-73F71CCA6488, firefox, 2018-04-10 09:42:23, contaminated
trace_3.2_fail, 471D635D-69A6-50DD-6840-60DD57C26149, firefox, 2018-04-10 09:42:23, contaminated
trace_3.2_fail, 5F2A2AEF-7D22-995B-A8B0-B1E8E6BC750E, firefox, 2018-04-10 09:42:23, contaminated
trace_3.2_fail, B7497D70-C884-8DD2-C80C-A36F0ED95308, firefox, 2018-04-10 09:42:23, contaminated
trace_3.2_fail, 3905FE08-BE28-8353-86E9-293F52C8E872, firefox, 2018-04-10 09:42:23, contaminated
trace_3.2_fail, EF2451D3-60F9-0031-6B8A-CEC25913CB3E, firefox, 2018-04-10 09:42:23, contaminated
trace_3.2_fail, AA87797F-CB08-ED23-7F66-EC71A0137B76, firefox, 2018-04-10 09:42:23, contaminated
trace_3.2_fail, 185B4641-E9AB-C762-D73D-3857645DD416, firefox, 2018-04-10 09:42:23, contaminated
trace_3.2_fail, A761817A-06E1-E3CD-3F83-5FD90CD4CD6B, firefox, 2018-04-10 09:42:23, contaminated
trace_3.2_fail, 3BD1B59F-4254-2E25-0F34-A5DDB2058B1A, firefox, 2018-04-10 09:42:23, contaminated
trace_3.2_fail, 2EB34B5A-D519-E30C-B9F7-17F7F16047D7, firefox, 2018-04-10 09:42:23, contaminated
trace_3.2_fail, ABC280FB-00A9-187F-AD05-A5AF3BE437B1, firefox, 2018-04-10 09:42:23, contaminated
trace_3.2_fail, 5619D269-A1CB-40FB-968C-34D10298850E, firefox, 2018-04-10 09:42:23, contaminated
trace_3.2_fail, 460E57A2-1360-A02F-4530-21C16F298F4D, firefox, 2018-04-10 09:42:23, contaminated
trace_3.2_fail, 43BC6131-63CE-FECD-76A7-0AF17782446D, firefox, 2018-04-10 09:42:23, contaminated
trace_3.2_fail, 0DCE52AF-7FC6-5FF4-F6AC-47DF9A0F655E, firefox, 2018-04-10 09:42:23, contaminated
trace_3.2_fail, F71DAE06-BEEB-6F66-D892-2A1D3248657C, firefox, 2018-04-10 09:42:23, contaminated
trace_3.2_fail, B5DC8BFF-7ED9-2352-6486-FB5E72339369, firefox, 2018-04-10 09:42:23, contaminated
trace_3.2_fail, D0A32CBD-E6E3-A83D-8C6F-C11E8C761E8D, firefox, 2018-04-10 09:42:23, contaminated
trace_3.2_fail, AA30BB51-35A8-0FBC-838A-1CE00439BA6E, firefox, 2018-04-10 09:42:23, contaminated
trace_3.2_fail, FEABAB5F-8D82-575D-AB28-FC8086B061C2, firefox, 2018-04-10 09:42:23, contaminated
trace_3.2_fail, 2BF6F8E5-6BA5-E1DA-10B4-D2F2B03F5731, firefox, 2018-04-10 09:42:23, contaminated
trace_3.2_fail, 2DD7605A-52D5-C706-0326-41872E9A13C6, firefox, 2018-04-10 09:42:23, contaminated
trace_3.2_fail, 69E59B2F-6F5A-C720-25AF-6A49F484C5BA, firefox, 2018-04-10 09:42:23, contaminated
trace_3.2_fail, 17FFF3C7-A55A-8F30-DD0A-FF9F4C1CD2D8, firefox, 2018-04-10 09:42:23, contaminated
trace_3.2_fail, 7B00F0C7-FF82-F1D5-A40D-240BC26CAF05, firefox, 2018-04-10 09:42:23, contaminated
trace_3.2_fail, 982109B6-6B36-201C-FCBF-3DDA31D623E1, firefox, 2018-04-10 09:42:23, contaminated
trace_3.2_fail, 3DFC92FD-92F2-2520-6B14-FFBDF02D9696, firefox, 2018-04-10 09:42:23, contaminated
trace_3.2_fail, 254DD5A8-FC68-26D5-D3D7-E0CC21675C56, firefox, 2018-04-10 09:42:23, contaminated
trace_3.2_fail, AB4242CD-4E4D-865C-1859-E262F47AFBF8, firefox, 2018-04-10 09:42:23, contaminated
trace_3.2_fail, 0E8FA198-5BCC-A224-A34F-99A26D5B3472, firefox, 2018-04-10 09:42:23, contaminated
trace_3.2_fail, A080CFFC-5CE3-3467-FC91-599F83028F9C, firefox, 2018-04-10 09:42:23, contaminated
trace_3.2_fail, DF946A20-C711-B0E4-B269-CEF20E20619A, firefox, 2018-04-10 09:42:23, contaminated
trace_3.2_fail, 303CAED7-6F66-1DC9-AA30-50B7A20FF275, firefox, 2018-04-10 09:42:23, contaminated
trace_3.2_fail, 43DFF4A3-EAA4-31AC-F82D-1BB5844FD723, firefox, 2018-04-10 09:42:23, contaminated
trace_3.2_fail, 3D9BCCD5-8DBC-695C-367F-93E5C537F3D2, firefox, 2018-04-10 09:42:23, contaminated
trace_3.2_fail, 220C7316-8D28-2B27-8ED5-98B186FF7B26, firefox, 2018-04-10 09:42:23, contaminated
trace_3.2_fail, AB6692BD-E502-37A3-E2D1-A69CA277B5B4, firefox, 2018-04-10 09:42:23, contaminated
trace_3.2_fail, CFBDA73E-6662-2270-DDD8-BB95C56B76B7, firefox, 2018-04-10 09:42:23, contaminated
trace_3.2_fail, DDE77FE6-02FE-F57D-798E-9C6D438C0E33, firefox, 2018-04-10 09:42:23, contaminated
trace_3.2_fail, 0B9268D6-7490-9C56-F3FB-A31992FE746B, firefox, 2018-04-10 09:42:23, contaminated
trace_3.2_fail, A6928EB0-76D5-4BAD-B0B7-EB64F32A63E3, firefox, 2018-04-10 09:42:23, contaminated
trace_3.2_fail, 59E23A54-1C1C-1331-4A11-FD3FDDB94BFC, firefox, 2018-04-10 09:42:23, contaminated
trace_3.2_fail, 8B9B89D6-5593-5201-6E87-271B53CA89A6, firefox, 2018-04-10 09:42:23, contaminated
trace_3.2_fail, 0F4CDD27-3377-8617-EF95-B3C97964F692, firefox, 2018-04-10 09:42:23, contaminated
trace_3.2_fail, 89302A5B-9E45-9B61-6D76-4070CD22A000, firefox, 2018-04-10 09:42:23, contaminated
trace_3.2_fail, 6E6B85E2-72BD-A9A6-4C83-FD1D74FAEB7B, firefox, 2018-04-10 09:42:23, contaminated
trace_3.2_fail, 3EA079D3-EE60-8E57-4477-05C0FFE41767, firefox, 2018-04-10 09:42:23, contaminated
trace_3.2_fail, 446F8930-7E82-393D-6B26-01BB174C44C7, firefox, 2018-04-10 09:42:23, contaminated
trace_3.2_fail, 12D13C95-39C5-1243-BE06-3F3C0AC99BCB, firefox, 2018-04-10 09:42:23, contaminated
trace_3.2_fail, C3097CAD-9DF2-4F32-A62A-68F3C783D8C4, firefox, 2018-04-10 09:42:23, contaminated
trace_3.2_fail, C29B3807-1749-0AF9-FB09-46046C92ED1E, firefox, 2018-04-10 09:42:23, contaminated
trace_3.2_fail, 868794E9-D6EC-D873-C3CC-B817DFC8474D, firefox, 2018-04-10 09:42:23, contaminated
trace_3.2_fail, 30B80B5D-C8E8-6E16-49DC-0D2D814A54B0, firefox, 2018-04-10 09:42:23, contaminated
trace_3.2_fail, 876199A6-15B8-AC29-68A0-1D6F73DE7DE0, firefox, 2018-04-10 09:42:23, contaminated
trace_3.2_fail, B1611744-D878-DC47-2C3D-F2792708D40F, firefox, 2018-04-10 09:42:23, contaminated
trace_3.2_fail, A0392483-2D6B-377A-603B-5B8F84A5F267, firefox, 2018-04-10 09:42:23, contaminated
trace_3.2_fail, CA0A6A26-D6AE-7DCA-05A4-DE3E53D5B26B, firefox, 2018-04-10 09:42:23, contaminated
trace_3.2_fail, 7DFEB172-DB29-542C-2E52-25FFC04679CF, firefox, 2018-04-10 09:42:23, contaminated
trace_3.2_fail, 3E87EAB9-CBD8-F236-700C-B25B36F88B1D, firefox, 2018-04-10 09:42:23, contaminated
trace_3.2_fail, F294238E-60E7-FAD2-378C-18E06D036A4A, firefox, 2018-04-10 09:42:23, contaminated
trace_3.2_fail, 370EAD65-AB1A-C164-7F2F-2198DFC66A0B, firefox, 2018-04-10 09:42:23, contaminated
trace_3.2_fail, 6E8F1AE1-4126-A3C4-7808-8394FE8B1D04, firefox, 2018-04-10 09:42:23, contaminated
trace_3.2_fail, 1C3377F1-DE34-BDAB-22C1-8C46FE38FD8A, firefox, 2018-04-10 09:42:23, contaminated
trace_3.2_fail, CB1A7F2A-6551-39EC-A9ED-5B11397AD826, firefox, 2018-04-10 09:42:23, contaminated
trace_3.2_fail, 2E5DC871-65A9-ACF5-8FAD-C71BA0262117, firefox, 2018-04-10 09:42:23, contaminated
trace_3.2_fail, 4417391C-5E66-E440-8B98-D770CC4F185A, firefox, 2018-04-10 09:42:23, contaminated
trace_3.2_fail, 6A598D74-914A-3249-ECA9-5FAB12086659, firefox, 2018-04-10 09:42:23, contaminated
trace_3.2_fail, 4BF169CA-B654-0F6B-D7FD-C543512B317B, firefox, 2018-04-10 09:42:23, contaminated
trace_3.2_fail, E966CB85-051A-C9D0-0B25-735AA03E974E, firefox, 2018-04-10 09:42:23, contaminated
trace_3.2_fail, 73FA6288-AF93-630F-4192-EFA57AF84C6E, firefox, 2018-04-10 09:42:23, contaminated
trace_3.2_fail, B916349C-AC63-87F5-F268-4EB75813F742, firefox, 2018-04-10 09:42:23, contaminated
trace_3.2_fail, A5E1711E-1910-9B78-86AD-81676A278ADC, firefox, 2018-04-10 09:42:23, contaminated
trace_3.2_fail, C298A6A2-03AD-CF1F-22F4-94B79055018F, firefox, 2018-04-10 09:42:23, contaminated
trace_3.2_fail, 67C6F03D-2143-0E13-EBE2-F9DB41AA7301, firefox, 2018-04-10 09:42:23, contaminated
trace_3.2_fail, BF97EC0C-6132-E47A-A1CF-01C2E003AD51, firefox, 2018-04-10 09:42:23, contaminated
trace_3.2_fail, 548D745E-85C3-1EF8-EC52-C170B38A9DAB, firefox, 2018-04-10 09:42:23, contaminated
trace_3.2_fail, 8C7533A0-21D0-234C-A606-060D13469AF9, firefox, 2018-04-10 09:42:23, contaminated
trace_3.2_fail, 09B97DC0-52EA-98BB-D2E4-A321D73AA4C3, firefox, 2018-04-10 09:42:23, contaminated
trace_3.2_fail, E48416F3-F8CE-AA2E-ED59-D688B7430F75, firefox, 2018-04-10 09:42:24, contaminated
trace_3.2_fail, 6296C63B-C1A6-BFAF-9F48-5D28EDE4C3DC, firefox, 2018-04-10 09:42:24, contaminated
trace_3.2_fail, 5CBF8118-B5CC-C101-BA08-FB2C4484B355, firefox, 2018-04-10 09:42:24, contaminated
trace_3.2_fail, AE3DE46D-0E05-D1D0-0310-09A27FE5D74F, firefox, 2018-04-10 09:42:24, contaminated
trace_3.2_fail, D2BE06E8-5A40-8434-C6D1-C8BF8AEBB598, firefox, 2018-04-10 09:42:24, contaminated
trace_3.2_fail, A8243969-E625-69F9-56F2-B81C0FB1B727, firefox, 2018-04-10 09:42:24, contaminated
trace_3.2_fail, CC17C189-2985-7512-CCA3-530A53C7EBC6, firefox, 2018-04-10 09:42:24, contaminated
trace_3.2_fail, DC768EEF-38C6-A3AC-A404-44DCFCD890A1, firefox, 2018-04-10 09:42:24, contaminated
trace_3.2_fail, EACA0067-ABDF-2D90-5D27-501083DC3DC5, firefox, 2018-04-10 09:42:24, contaminated
trace_3.2_fail, 43237FDA-C119-32FD-0E85-38AD15DC79FD, firefox, 2018-04-10 09:42:24, contaminated
trace_3.2_fail, FEBBC1B9-9361-9F0C-AD7D-784CF8C8F989, firefox, 2018-04-10 09:42:24, contaminated
trace_3.2_fail, 0E478518-1753-9A6D-2953-65E3F85DC359, firefox, 2018-04-10 09:42:24, contaminated
trace_3.2_fail, 8CDAA7C9-987D-06DE-F2C2-E2249D9A437F, firefox, 2018-04-10 09:42:24, contaminated
trace_3.2_fail, 41E9BE5F-DEAD-8AE1-33DF-EFA00FDD0A43, firefox, 2018-04-10 09:42:24, contaminated
trace_3.2_fail, 9A488254-6EA8-F80A-C700-C46BD35302A4, firefox, 2018-04-10 09:42:24, contaminated
trace_3.2_fail, 76F42DB9-A904-BCB2-AAB9-91940A0E078B, firefox, 2018-04-10 09:42:24, contaminated
trace_3.2_fail, F697FE59-830A-FB7E-866A-E1883504ECB8, firefox, 2018-04-10 09:42:24, contaminated
trace_3.2_fail, C47E8589-DED0-DD2D-F4D5-328050A48606, firefox, 2018-04-10 09:42:24, contaminated
trace_3.2_fail, C6221C5B-D4D3-3917-C105-CB52B503511A, firefox, 2018-04-10 09:42:24, contaminated
trace_3.2_fail, BE0E78B1-3C18-21BD-8BF0-044B50ED3461, firefox, 2018-04-10 09:42:24, contaminated
trace_3.2_fail, DF15909B-BBC7-59C3-BF57-281850D535C0, firefox, 2018-04-10 09:42:24, contaminated
trace_3.2_fail, 92560607-42A9-EF04-56F1-00FD683AA0B5, firefox, 2018-04-10 09:42:24, contaminated
trace_3.2_fail, D3149E19-E7E2-DE05-36EF-2A03B808D0D8, firefox, 2018-04-10 09:42:24, contaminated
trace_3.2_fail, 1FAFBE0F-3EF9-5A88-8526-1BC3516D0898, firefox, 2018-04-10 09:42:24, contaminated
trace_3.2_fail, 60D6446C-5CBE-B45D-FB7D-76F7D2AFE9ED, firefox, 2018-04-10 09:42:24, contaminated
trace_3.2_fail, FF0DE707-B13E-E00B-8B05-FD74204E3A99, firefox, 2018-04-10 09:42:24, contaminated
trace_3.2_fail, FAA2C809-5E10-5650-F836-8EC3BFA27D2B, firefox, 2018-04-10 09:42:25, contaminated
trace_3.2_fail, ACBB14AC-59FB-968A-1B01-D5702546B351, firefox, 2018-04-10 09:42:25, contaminated
trace_3.2_fail, 503C5376-D1DF-86D8-2786-96B9C2BA8732, firefox, 2018-04-10 09:42:25, contaminated
trace_3.2_fail, 8BBD3AB3-1444-95F2-8E74-E00AFBF54397, firefox, 2018-04-10 09:42:25, contaminated
trace_3.2_fail, D74FA349-7637-22BD-74D0-2B0EF255CAF3, firefox, 2018-04-10 09:42:25, contaminated
trace_3.2_fail, AA7D8D91-203B-0D9B-F308-4CC9F1F4A637, firefox, 2018-04-10 09:42:25, contaminated
trace_3.2_fail, 26713A54-DF5B-16F3-A939-1CDFE5CD7DA3, firefox, 2018-04-10 09:42:25, contaminated
trace_3.2_fail, A272D9F0-8269-4F70-1E59-D6086A99957A, firefox, 2018-04-10 09:42:25, contaminated
trace_3.2_fail, ADCDFCD5-C382-015F-013B-EB045830CA44, firefox, 2018-04-10 09:42:25, contaminated
trace_3.2_fail, F5060A3E-428F-1E88-D5B3-6BF1C1C21753, firefox, 2018-04-10 09:42:25, contaminated
trace_3.2_fail, 87BF0FB5-78EE-7779-44C0-CDA960C2A8B2, firefox, 2018-04-10 09:42:25, contaminated
trace_3.2_fail, BAF3A471-F09D-118A-EE2C-2722C00DD300, firefox, 2018-04-10 09:42:25, contaminated
trace_3.2_fail, 9D947D01-96F9-22FB-6274-9FA770AD19A1, firefox, 2018-04-10 09:42:25, contaminated
trace_3.2_fail, 38458200-427F-2E84-EA83-5779D1309EF8, firefox, 2018-04-10 09:42:25, contaminated
trace_3.2_fail, CFFFD0D0-01CC-9941-96D7-C79E663BECB4, firefox, 2018-04-10 09:42:25, contaminated
trace_3.2_fail, F1AFB1AE-4287-73EC-5ACA-0E34C803CA20, firefox, 2018-04-10 09:42:25, contaminated
trace_3.2_fail, BAF5E7DE-4C49-85A7-3C33-6BD76D582953, firefox, 2018-04-10 09:42:25, contaminated
trace_3.2_fail, 32171577-436C-C1BF-A63A-114375198B83, firefox, 2018-04-10 09:42:25, contaminated
trace_3.2_fail, A175A7CA-EBEB-BECE-9C8B-66790C3B2DDD, firefox, 2018-04-10 09:42:25, contaminated
trace_3.2_fail, 7C4E773C-EFC6-DE29-874F-FAC6F51AB5AA, firefox, 2018-04-10 09:42:25, contaminated
trace_3.2_fail, 4C68A3B0-C563-5F45-9CAF-22FE0EB8938E, firefox, 2018-04-10 09:42:25, contaminated
trace_3.2_fail, 6196C708-A72F-4D81-2079-BED978FF8B69, firefox, 2018-04-10 09:42:25, contaminated
trace_3.2_fail, D4398EF8-D19B-AC82-17E0-A6A2B84710EE, firefox, 2018-04-10 09:42:25, contaminated
trace_3.2_fail, 9228A7B4-09A5-0626-91B6-4191DBAC8236, firefox, 2018-04-10 09:42:25, contaminated
trace_3.2_fail, 77F7F395-93BE-0DDB-232E-5FF34F35B5C9, firefox, 2018-04-10 09:42:25, contaminated
trace_3.2_fail, A9FB97A3-08AB-4282-14C2-3620EE9F8963, firefox, 2018-04-10 09:42:25, contaminated
trace_3.2_fail, BC576D84-5121-2669-238E-88BC25C4257A, firefox, 2018-04-10 09:42:25, contaminated
trace_3.2_fail, F3F4E032-F47D-829E-B792-3C685640849F, firefox, 2018-04-10 09:42:25, contaminated
trace_3.2_fail, BCC48FD5-D1ED-2C92-8F9B-D0A616CE480C, firefox, 2018-04-10 09:42:25, contaminated
trace_3.2_fail, E68F5983-9077-87CF-3754-D6FB137B2573, firefox, 2018-04-10 09:42:25, contaminated
trace_3.2_fail, 09EB8C95-43B3-EF40-EEAE-8DD05A2BCF6C, firefox, 2018-04-10 09:42:25, contaminated
trace_3.2_fail, C8B88F0E-E343-9FAD-7598-9A1E9FD35E02, firefox, 2018-04-10 09:42:25, contaminated
trace_3.2_fail, F5569E36-3E12-85D7-6AFF-BDBCC73644E9, firefox, 2018-04-10 09:42:25, contaminated
trace_3.2_fail, 32BDAC48-5876-7A12-D277-DB3E6B2FADE0, firefox, 2018-04-10 09:42:25, contaminated
trace_3.2_fail, A52A171A-1B62-8C3A-A1C4-9D95015CFFB4, firefox, 2018-04-10 09:42:25, contaminated
trace_3.2_fail, 9A3541A7-AA54-14D3-CDB7-124B2D1F7E39, firefox, 2018-04-10 09:42:25, contaminated
trace_3.2_fail, D506E22F-AFF9-6825-1B9C-38358EB55C22, firefox, 2018-04-10 09:42:25, contaminated
trace_3.2_fail, B0F39F7F-8C4A-4ADD-65B9-420551422243, firefox, 2018-04-10 09:42:25, contaminated
trace_3.2_fail, 83BDE959-999B-2B68-FC90-3295A0DF04C0, firefox, 2018-04-10 09:42:25, contaminated
trace_3.2_fail, 683F4520-29DC-4545-8291-B4E0E1229676, firefox, 2018-04-10 09:42:25, contaminated
trace_3.2_fail, A7B5EB7E-1340-A24E-C4D9-1EB3EE8F2333, firefox, 2018-04-10 09:42:25, contaminated
trace_3.2_fail, 49BDDEC4-5319-FAAD-C796-57961426498A, firefox, 2018-04-10 09:42:25, contaminated
trace_3.2_fail, 56435628-30C2-83A8-1962-D1F0ED7B7671, firefox, 2018-04-10 09:42:25, contaminated
trace_3.2_fail, D8A22055-435D-ED36-82BD-F0DEB2428E4E, firefox, 2018-04-10 09:42:25, contaminated
trace_3.2_fail, 97898AC1-9216-5263-87DF-B57AE05F87AE, firefox, 2018-04-10 09:42:25, contaminated
trace_3.2_fail, 86D0BAE4-EC30-FB32-DCB9-A2EC47EBFA72, firefox, 2018-04-10 09:42:25, contaminated
trace_3.2_fail, 6DC81D5B-F10F-CB0F-1956-A08D9EE99548, firefox, 2018-04-10 09:42:25, contaminated
trace_3.2_fail, DA34C19F-4EDB-16EC-5F96-B0C4203D1E17, firefox, 2018-04-10 09:42:26, contaminated
trace_3.2_fail, CEB07163-1358-AF40-3BE1-1F49B6232D99, firefox, 2018-04-10 09:42:26, contaminated
trace_3.2_fail, 8C2A319B-BEFC-E3A5-28A9-9EFDF3A1F5B2, firefox, 2018-04-10 09:42:26, contaminated
trace_3.2_fail, 5E2D5AC6-9BB0-19D3-7786-FD554CE90C4B, firefox, 2018-04-10 09:42:26, contaminated
trace_3.2_fail, 952CF219-822C-5B33-8685-CD61E82AB5B1, firefox, 2018-04-10 09:42:26, contaminated
trace_3.2_fail, FC6EF079-D656-3DEA-3E8D-DD26ED775519, firefox, 2018-04-10 09:42:26, contaminated
trace_3.2_fail, 9B5A9E6E-CEA1-AA49-7957-EBE978ECEF1D, firefox, 2018-04-10 09:42:26, contaminated
trace_3.2_fail, FBF4C7D0-298E-0E96-A67B-8E71A88586D4, firefox, 2018-04-10 09:42:26, contaminated
trace_3.2_fail, 92F8E243-57BD-083E-E5DE-52385F0A1B68, firefox, 2018-04-10 09:42:26, contaminated
trace_3.2_fail, A78A87E5-5FFA-FC8B-1644-A41997D93D10, firefox, 2018-04-10 09:42:26, contaminated
trace_3.2_fail, A27B0475-FA26-6255-B130-905DDA8DA243, firefox, 2018-04-10 09:42:26, contaminated
trace_3.2_fail, A4A53A85-3CB7-6587-0F4D-6F89BBEB6E69, firefox, 2018-04-10 09:42:26, contaminated
trace_3.2_fail, B35C298F-A279-96F1-2343-1B41D1DE755E, firefox, 2018-04-10 09:42:27, contaminated
trace_3.2_fail, 130E6BC4-1064-54BE-2936-D844F8415A12, firefox, 2018-04-10 09:42:27, contaminated
trace_3.2_fail, BD06F53D-BA56-553B-AF6B-7BA95F81A950, firefox, 2018-04-10 09:42:27, contaminated
trace_3.2_fail, 72686635-172D-6B65-3B69-BA7804ECD9D0, firefox, 2018-04-10 09:42:27, contaminated
trace_3.2_fail, 5D35EB2D-E2B7-3E75-7C09-7F42E4E64D98, firefox, 2018-04-10 09:42:28, contaminated
trace_3.2_fail, 8527D0EB-553E-FA2E-CBB9-7A7DABACFAD3, firefox, 2018-04-10 09:42:28, contaminated
trace_3.2_fail, 96159A8B-4569-B4BE-1039-DE233BAD13EE, firefox, 2018-04-10 09:42:28, contaminated
trace_3.2_fail, 83ECA386-E63D-1602-18B3-0BC476A90E8F, firefox, 2018-04-10 09:42:28, contaminated
trace_3.2_fail, 47ACE1D3-8C2C-8779-FF8F-626103074E4C, firefox, 2018-04-10 09:42:28, contaminated
trace_3.2_fail, 36F8DF1B-F983-3817-DF96-89182DF5DB43, firefox, 2018-04-10 09:42:28, contaminated
trace_3.2_fail, 7D52CFA7-1C77-BB9B-6EE4-4946A8C69580, firefox, 2018-04-10 09:42:28, contaminated
trace_3.2_fail, 3E4148AC-5400-A9DD-E94F-BFD77642315E, firefox, 2018-04-10 09:42:28, contaminated
trace_3.2_fail, BCBABF0D-6B4E-2022-2B98-1430FF6B5792, firefox, 2018-04-10 09:42:28, contaminated
trace_3.2_fail, 769CD57E-5798-984A-4672-1C7D9B1F65A9, firefox, 2018-04-10 09:42:28, contaminated
trace_3.2_fail, 3B9E1461-32FA-ADCF-0D26-A75936124D96, firefox, 2018-04-10 09:42:28, contaminated
trace_3.2_fail, 64B7D20F-0685-C9B8-8675-39E23C6A4C40, firefox, 2018-04-10 09:42:28, contaminated
trace_3.2_fail, 734E9985-E568-7BDA-DF4B-CD3BE22AE2B3, firefox, 2018-04-10 09:42:28, contaminated
trace_3.2_fail, B174F2B4-6934-5EFB-2894-0E83910419E0, firefox, 2018-04-10 09:42:28, contaminated
trace_3.2_fail, B2F07540-C224-505B-A848-1680BBF39B13, firefox, 2018-04-10 09:42:28, contaminated
trace_3.2_fail, D4D7F7C3-467E-439B-5883-2757E9295118, firefox, 2018-04-10 09:42:28, contaminated
trace_3.2_fail, C1326899-6946-E25A-9151-83EF35638525, firefox, 2018-04-10 09:42:28, contaminated
trace_3.2_fail, 036AAED4-E3F2-345B-7D10-DCBB85AE686F, firefox, 2018-04-10 09:42:29, contaminated
trace_3.2_fail, 8BD41B5C-5266-79EF-3E77-1CCC32082B62, firefox, 2018-04-10 09:42:29, contaminated
trace_3.2_fail, 744A7E7A-600A-18B2-752F-EFB042A900C8, firefox, 2018-04-10 09:42:29, contaminated
trace_3.2_fail, 731F2790-2244-4096-A94F-A58A3B6B0F8E, firefox, 2018-04-10 09:42:29, contaminated
trace_3.2_fail, E76AA7A6-CC9C-D882-6F0E-DCEF3699F238, firefox, 2018-04-10 09:42:29, contaminated
trace_3.2_fail, 91ED8EA8-18B0-9BB4-B219-8F5DDFEAC773, firefox, 2018-04-10 09:42:29, contaminated
trace_3.2_fail, 1AF74948-C9E2-19BE-AD08-2EA8C5E710FD, firefox, 2018-04-10 09:42:29, contaminated
trace_3.2_fail, 60FC0F7D-6C6E-82DB-1BFC-F95E2153CFED, firefox, 2018-04-10 09:42:29, contaminated
trace_3.2_fail, A14C43BE-B5CF-DD57-D5EE-2555E9BA4C93, firefox, 2018-04-10 09:42:29, contaminated
trace_3.2_fail, 951C8E38-CE42-628B-03A8-D9411DB58802, firefox, 2018-04-10 09:42:29, contaminated
trace_3.2_fail, 924D0696-4265-2AC6-90D5-FE236187370A, firefox, 2018-04-10 09:42:29, contaminated
trace_3.2_fail, 52788852-DFEA-73D3-5D27-A433C8F6838A, firefox, 2018-04-10 09:42:29, contaminated
trace_3.2_fail, 8D0E3FE9-52F0-56A1-DA9E-83FE9D8E4D15, firefox, 2018-04-10 09:42:29, contaminated
trace_3.2_fail, 9D98A4FA-EC51-6028-6B31-FF80364EB724, firefox, 2018-04-10 09:42:29, contaminated
trace_3.2_fail, 21D44F83-33C4-68A2-02A3-884134F13F14, firefox, 2018-04-10 09:42:29, contaminated
trace_3.2_fail, 326317CE-5F81-39AE-FF44-95CC196ECA92, firefox, 2018-04-10 09:42:29, contaminated
trace_3.2_fail, 0062CB99-D0B2-AF5D-489B-671E5937D3A9, firefox, 2018-04-10 09:42:29, contaminated
trace_3.2_fail, 22C261FE-AA03-D59B-AC45-16AD26C979E5, firefox, 2018-04-10 09:42:29, contaminated
trace_3.2_fail, BE2321BD-BF2D-6BB2-DBCB-C6279D96F7D4, firefox, 2018-04-10 09:42:29, contaminated
trace_3.2_fail, 8352323C-9262-7EF8-C5AD-34B6F4B57592, firefox, 2018-04-10 09:42:29, contaminated
trace_3.2_fail, EC08AF7A-DF57-0C66-4028-156DE9642640, firefox, 2018-04-10 09:42:29, contaminated
trace_3.2_fail, AF592C38-26C2-9389-2BF0-13D08CD7A974, firefox, 2018-04-10 09:42:29, contaminated
trace_3.2_fail, ED8AD6D7-6B8D-DD31-A2CF-592321BE0371, firefox, 2018-04-10 09:42:29, contaminated
trace_3.2_fail, C579C815-0E81-7A44-4C33-E47640AE9772, firefox, 2018-04-10 09:42:29, contaminated
trace_3.2_fail, 18DB47F7-B8EC-09EC-7D9D-006012DA7B9C, firefox, 2018-04-10 09:42:29, contaminated
trace_3.2_fail, 9EE48EE8-3E2F-5999-622D-5AB00A5345B4, firefox, 2018-04-10 09:42:29, contaminated
trace_3.2_fail, BB27DB23-4CE1-9982-B020-5C8C71EEA88F, firefox, 2018-04-10 09:42:29, contaminated
trace_3.2_fail, 917900AA-851D-81A2-C7CD-506C011F716F, firefox, 2018-04-10 09:42:29, contaminated
trace_3.2_fail, 043CF16B-207A-8E18-AD04-119F441A662F, firefox, 2018-04-10 09:42:29, contaminated
trace_3.2_fail, 365B3CDB-B92A-A3C9-13E8-348FFA33B319, firefox, 2018-04-10 09:42:29, contaminated
trace_3.2_fail, BBA70F58-30FE-4C86-059A-34B9E137F742, firefox, 2018-04-10 09:42:29, contaminated
trace_3.2_fail, D03E10F2-E5BC-A737-2A36-6EE219D9DA9F, firefox, 2018-04-10 09:42:29, contaminated
trace_3.2_fail, 5B30943A-8CB1-9C47-3D56-70D6583CD077, firefox, 2018-04-10 09:42:29, contaminated
trace_3.2_fail, F79239A4-EF96-4A3F-2867-C93941D7492E, firefox, 2018-04-10 09:42:29, contaminated
trace_3.2_fail, FF2CD8AE-FA22-1304-D015-6F53DB6A5B62, firefox, 2018-04-10 09:42:29, contaminated
trace_3.2_fail, 1F8B6B17-D5DE-39D3-D831-47EEB44C6E0D, firefox, 2018-04-10 09:42:29, contaminated
trace_3.2_fail, 43E9BCC3-0183-21BF-1110-7A119AB838E8, firefox, 2018-04-10 09:42:29, contaminated
trace_3.2_fail, D91B1433-30E0-8C5A-9356-854BB766F499, firefox, 2018-04-10 09:42:29, contaminated
trace_3.2_fail, D16B339B-099D-8ABF-7EA0-278315E1F2C5, firefox, 2018-04-10 09:42:29, contaminated
trace_3.2_fail, B197B37D-6330-58B3-A96C-17F9425DFF63, firefox, 2018-04-10 09:42:29, contaminated
trace_3.2_fail, 4A972073-FA09-978A-CE51-B430CA8B3714, firefox, 2018-04-10 09:42:29, contaminated
trace_3.2_fail, 4BB9FB83-8977-7DA9-9F6F-C6FFAC9BBDD6, firefox, 2018-04-10 09:42:29, contaminated
trace_3.2_fail, 1ED68CFD-7DE3-582C-76A3-8D5F04D3C634, firefox, 2018-04-10 09:42:29, contaminated
trace_3.2_fail, 1896F27C-63D4-27E1-410C-B02BE2F9A424, firefox, 2018-04-10 09:42:29, contaminated
trace_3.2_fail, 56FCEAB1-CB19-3E6F-F5AA-4B5CC42CEB92, firefox, 2018-04-10 09:42:29, contaminated
trace_3.2_fail, 539E4A55-613E-AF05-62D3-EB18E6578C78, firefox, 2018-04-10 09:42:29, contaminated
trace_3.2_fail, 732F8F46-51AA-D2CF-57E3-24FF340722EB, firefox, 2018-04-10 09:42:29, contaminated
trace_3.2_fail, AC73050F-0AD9-7D66-DE87-E682890DC1A5, firefox, 2018-04-10 09:42:29, contaminated
trace_3.2_fail, 21AC8460-DC09-055B-9EB8-E508AB352D74, firefox, 2018-04-10 09:42:29, contaminated
trace_3.2_fail, BB202D3B-411A-0367-8DD8-D2FFD690F887, firefox, 2018-04-10 09:42:29, contaminated
trace_3.2_fail, 7F6DA592-C514-6F79-B1C9-0BC2B315ECA7, firefox, 2018-04-10 09:42:29, contaminated
trace_3.2_fail, 52629D51-538F-A391-F642-44C32786AC75, firefox, 2018-04-10 09:42:29, contaminated
trace_3.2_fail, 3FB0ABC2-9DFC-01FB-F002-6A3C966A7692, firefox, 2018-04-10 09:42:29, contaminated
trace_3.2_fail, F351A5F5-5E45-FD2B-FBE1-E42B5D8109C3, firefox, 2018-04-10 09:42:29, contaminated
trace_3.2_fail, 179C3771-F412-D311-4853-419D1971701D, firefox, 2018-04-10 09:42:29, contaminated
trace_3.2_fail, 6BEA0D0F-3438-9DA0-F6A6-323D9614B5C2, firefox, 2018-04-10 09:42:29, contaminated
trace_3.2_fail, C8F348A6-D052-A9B6-CC49-BC3E2B82096C, firefox, 2018-04-10 09:42:30, contaminated
trace_3.2_fail, 7D202187-61DA-D54B-EA62-659417EB2165, firefox, 2018-04-10 09:42:30, contaminated
trace_3.2_fail, BFAED007-8031-51A7-3972-2349AE5CD8BA, firefox, 2018-04-10 09:42:30, contaminated
trace_3.2_fail, 0F5DCE11-7143-CE13-F166-14168B8EDF2B, firefox, 2018-04-10 09:42:30, contaminated
trace_3.2_fail, B1937909-7DD4-9F17-6B46-4FADE630D0F1, firefox, 2018-04-10 09:42:30, contaminated
trace_3.2_fail, E6AF91F8-3D9A-4285-41B0-DAE0FA3EA103, firefox, 2018-04-10 09:42:30, contaminated
trace_3.2_fail, 50526CB9-3372-0B25-195F-0A4D7329D6C6, firefox, 2018-04-10 09:42:30, contaminated
trace_3.2_fail, FD7D8B6A-B84E-2ACD-DAB5-F416817CDBF4, firefox, 2018-04-10 09:42:30, contaminated
trace_3.2_fail, 3999971E-4ABF-1C93-9A33-66BC174BF182, firefox, 2018-04-10 09:42:30, contaminated
trace_3.2_fail, CFE0B938-02DC-C957-A61D-D5F813ED4525, firefox, 2018-04-10 09:42:30, contaminated
trace_3.2_fail, D060569B-B73D-D688-863E-71FC53434617, firefox, 2018-04-10 09:42:30, contaminated
trace_3.2_fail, 2DA429BA-1E8E-E0D1-BB39-DF6A503F094F, firefox, 2018-04-10 09:42:30, contaminated
trace_3.2_fail, EE33B882-F544-B807-6F32-BA6E1F33D0A5, firefox, 2018-04-10 09:42:30, contaminated
trace_3.2_fail, 0ABFE933-52BC-1F5C-AC3B-DBA93439F3D0, firefox, 2018-04-10 09:42:30, contaminated
trace_3.2_fail, 7D4A87FF-8269-52AA-FC3B-A19A7AF749CE, firefox, 2018-04-10 09:42:30, contaminated
trace_3.2_fail, E96E73DE-34C8-B31B-C468-C2946B751916, firefox, 2018-04-10 09:42:30, contaminated
trace_3.2_fail, D49E9248-FBEB-4059-76FC-E0B6C74E7850, firefox, 2018-04-10 09:42:30, contaminated
trace_3.2_fail, C70161F6-4D23-18E5-43A9-03CD3DFE9925, firefox, 2018-04-10 09:42:30, contaminated
trace_3.2_fail, E06A1C7D-48CB-61CF-D9D5-E096E9D8248D, firefox, 2018-04-10 09:42:30, contaminated
trace_3.2_fail, B015CE6C-6AA2-67B3-43B8-8E9A8159BFE7, firefox, 2018-04-10 09:42:30, contaminated
trace_3.2_fail, 8FD46AA3-40B1-6003-BC70-CD8CA01551E1, firefox, 2018-04-10 09:42:30, contaminated
trace_3.2_fail, C09009F7-2153-5FF3-772B-CC2FA226680E, firefox, 2018-04-10 09:42:30, contaminated
trace_3.2_fail, 89C69C1E-E7B9-E855-0203-90C96939788B, firefox, 2018-04-10 09:42:30, contaminated
trace_3.2_fail, 64556648-B3F8-02C6-A3A0-49187EC81E34, firefox, 2018-04-10 09:42:30, contaminated
trace_3.2_fail, 15C5CF40-1058-08C7-8B19-CA1F08CDF52B, firefox, 2018-04-10 09:42:30, contaminated
trace_3.2_fail, 5FD4298A-0F5F-6251-67AD-FD2B35A15BB6, firefox, 2018-04-10 09:42:30, contaminated
trace_3.2_fail, 386A2947-B303-12F9-538D-7639A246A909, firefox, 2018-04-10 09:42:30, contaminated
trace_3.2_fail, 70240FBA-1912-A0BA-53C8-04ECB7CF9A7E, firefox, 2018-04-10 09:42:30, contaminated
trace_3.2_fail, 9A1D15EC-585C-23F0-597C-45A6B83F23CE, firefox, 2018-04-10 09:42:30, contaminated
trace_3.2_fail, C5D32673-581D-19FA-3E0A-0049342C8A15, firefox, 2018-04-10 09:42:30, contaminated
trace_3.2_fail, F40E26BC-6562-50D4-F456-E95A464B5D0F, firefox, 2018-04-10 09:42:30, contaminated
trace_3.2_fail, 81AD5F6C-43CF-6AFE-56B8-3D0B563687B7, firefox, 2018-04-10 09:42:30, contaminated
trace_3.2_fail, 9B2BE914-20AA-8FF3-B2B4-24738E74D997, firefox, 2018-04-10 09:42:30, contaminated
trace_3.2_fail, 34AB0D3F-395B-9366-A097-757D09713791, firefox, 2018-04-10 09:42:30, contaminated
trace_3.2_fail, 5C46F325-F859-F53A-E774-477FDAB0519E, firefox, 2018-04-10 09:42:30, contaminated
trace_3.2_fail, BED5C797-712A-73C0-98EE-07501F10179A, firefox, 2018-04-10 09:42:30, contaminated
trace_3.2_fail, 04E479FE-EA5E-B561-B544-3B6949C58637, firefox, 2018-04-10 09:42:30, contaminated
trace_3.2_fail, DAA9AF8D-707C-7786-B67C-13FD84101010, firefox, 2018-04-10 09:42:30, contaminated
trace_3.2_fail, E4C47F0B-45DB-A918-E7F4-878212991CF8, firefox, 2018-04-10 09:42:30, contaminated
trace_3.2_fail, 12FEA2BD-B2D5-8EDC-1C9F-6E3F8A733CB6, firefox, 2018-04-10 09:42:30, contaminated
trace_3.2_fail, 4FEBBE8C-5401-6060-CAAC-B00E3B919C99, firefox, 2018-04-10 09:42:30, contaminated
trace_3.2_fail, 0DA46364-DBBF-C16E-D243-599044822AAE, firefox, 2018-04-10 09:42:30, contaminated
trace_3.2_fail, 0D1B8A6C-D24E-32C5-BA71-11C1B462F29A, firefox, 2018-04-10 09:42:30, contaminated
trace_3.2_fail, 41084C22-891C-6ABC-E4BE-0B72833A6D5A, firefox, 2018-04-10 09:42:30, contaminated
trace_3.2_fail, 9692D365-5398-645F-E4C6-925473E1B767, firefox, 2018-04-10 09:42:30, contaminated
trace_3.2_fail, 36AD7906-8615-9B1E-402A-718714B43AE2, firefox, 2018-04-10 09:42:30, contaminated
trace_3.2_fail, 46321C47-04EA-AF77-2CCF-9E5902640AAE, firefox, 2018-04-10 09:42:30, contaminated
trace_3.2_fail, 5B3BB8CF-5DEE-BB5F-F7BB-64B3F02BB53F, firefox, 2018-04-10 09:42:30, contaminated
trace_3.2_fail, 7F027EB3-57C2-9320-78E4-36578AD1F90D, firefox, 2018-04-10 09:42:30, contaminated
trace_3.2_fail, 7D9847D7-376D-8546-DB80-0DA40411C671, firefox, 2018-04-10 09:42:30, contaminated
trace_3.2_fail, C58A20A5-4FE2-F9DE-DC74-181ACF648692, firefox, 2018-04-10 09:42:30, contaminated
trace_3.2_fail, 444FAFD9-0A5C-E23F-EDA0-B4B316F1A82D, firefox, 2018-04-10 09:42:31, contaminated
trace_3.2_fail, CE9E1739-3266-2D39-F822-7530BB06A4C6, firefox, 2018-04-10 09:42:31, contaminated
trace_3.2_fail, E011C32A-7548-A663-08FB-C77B20BB91F4, firefox, 2018-04-10 09:42:31, contaminated
trace_3.2_fail, 02A53AF4-7DA1-0E96-21C1-B431510152CE, firefox, 2018-04-10 09:42:31, contaminated
trace_3.2_fail, 88F34EC5-741C-5089-B65E-6BC184710ACD, firefox, 2018-04-10 09:42:31, contaminated
trace_3.2_fail, 5ED341FB-4436-7761-ACD2-5A1C2AFCFF94, firefox, 2018-04-10 09:42:31, contaminated
trace_3.2_fail, 1DB6C790-F576-0577-616F-5A7C28E51314, firefox, 2018-04-10 09:42:31, contaminated
trace_3.2_fail, F50C66E0-EFDE-380D-3093-F6353099E8EA, firefox, 2018-04-10 09:42:31, contaminated
trace_3.2_fail, 7A520BDB-B4EB-82D5-9EEF-00AF3D70CCEC, firefox, 2018-04-10 09:42:32, contaminated
trace_3.2_fail, 0E509100-E601-A6AA-64F2-BA797F3179FF, firefox, 2018-04-10 09:42:32, contaminated
trace_3.2_fail, 4BE1AB4E-F1BB-3E46-6DE6-01E9AF1A8BD7, firefox, 2018-04-10 09:42:33, contaminated
trace_3.2_fail, 016D5B4D-47FD-90A0-A8D9-496A8284D3AD, firefox, 2018-04-10 09:42:33, contaminated
trace_3.2_fail, BFB9A9F2-6AE3-12B2-D297-4DEFDDAA3017, firefox, 2018-04-10 09:42:34, contaminated
trace_3.2_fail, B0AA3669-6C1E-FD34-76FE-C3B76986C931, firefox, 2018-04-10 09:42:34, contaminated
trace_3.2_fail, 6E856115-B854-F1FA-AC33-D910B4A50F26, firefox, 2018-04-10 09:42:34, contaminated
trace_3.2_fail, 86D28C39-E2E3-4F95-9209-1F159BE55FE8, firefox, 2018-04-10 09:42:34, contaminated
trace_3.2_fail, 5C0137A5-4684-3715-35E0-1990D8929936, firefox, 2018-04-10 09:42:34, contaminated
trace_3.2_fail, C6D2AD31-3044-4F60-3327-54827BCA17AF, firefox, 2018-04-10 09:42:34, contaminated
trace_3.2_fail, 65DD6C79-F128-01E4-58B0-E8E2EDF18473, firefox, 2018-04-10 09:42:34, contaminated
trace_3.2_fail, 5BE0E9DE-A837-915E-4E59-1029CC8AD357, firefox, 2018-04-10 09:42:34, contaminated
trace_3.2_fail, 1775008A-3C32-B2A2-B47C-D5A2073C4723, firefox, 2018-04-10 09:42:34, contaminated
trace_3.2_fail, E0536C4C-2FA3-1197-C5A1-A0A1AA0325CE, firefox, 2018-04-10 09:42:34, contaminated
trace_3.2_fail, 2334DCCE-1D9C-14CE-AC89-172932DAE66F, firefox, 2018-04-10 09:42:34, contaminated
trace_3.2_fail, 3E80817B-C4E0-E33D-87C2-6B4B768D4003, firefox, 2018-04-10 09:42:34, contaminated
trace_3.2_fail, 3E654C18-B6F3-BDCF-AA8A-B668EEE1AC69, firefox, 2018-04-10 09:42:34, contaminated
trace_3.2_fail, 1CA08C0A-42E2-61BE-6A25-94DF964DBA5B, firefox, 2018-04-10 09:42:34, contaminated
trace_3.2_fail, EDF80E11-4928-389C-487C-79301E66B387, firefox, 2018-04-10 09:42:34, contaminated
trace_3.2_fail, 8D97EE38-89DA-898E-764D-3FF051BEF479, firefox, 2018-04-10 09:42:34, contaminated
trace_3.2_fail, 9E0BFB13-DEE3-AC00-D254-FF076CE17432, firefox, 2018-04-10 09:42:34, contaminated
trace_3.2_fail, 833A867B-B501-C958-851B-F5ECA7A7F9D7, firefox, 2018-04-10 09:42:34, contaminated
trace_3.2_fail, 5B70898A-C07C-6423-8562-1F68EA756212, firefox, 2018-04-10 09:42:34, contaminated
trace_3.2_fail, 626ECA97-8F22-564C-8EAA-A13A49D43676, firefox, 2018-04-10 09:42:34, contaminated
trace_3.2_fail, 08F1660F-CC81-5C6E-C4E5-2E84FFF187B8, firefox, 2018-04-10 09:42:34, contaminated
trace_3.2_fail, 4B3FECD1-FB56-ABFA-CCFA-9266A6ABC2C9, firefox, 2018-04-10 09:42:34, contaminated
trace_3.2_fail, DAAEFB30-BAF3-284A-59F8-5A59C49297A5, firefox, 2018-04-10 09:42:34, contaminated
trace_3.2_fail, D69B0479-87C3-EA36-6F7A-FCB3D59A67FE, firefox, 2018-04-10 09:42:34, contaminated
trace_3.2_fail, C9DB187A-D216-045A-A265-58A70196C36A, firefox, 2018-04-10 09:42:34, contaminated
trace_3.2_fail, 262A16A7-9CEC-5A40-60E0-96339829F51A, firefox, 2018-04-10 09:42:34, contaminated
trace_3.2_fail, 8BDCF5A6-100F-3955-7F46-68FCD0614C35, firefox, 2018-04-10 09:42:35, contaminated
trace_3.2_fail, 77AB7444-7050-AC31-CFA9-678B97B8315E, firefox, 2018-04-10 09:42:35, contaminated
trace_3.2_fail, EAE0E109-F399-57C0-6F61-E202BDFE87D5, firefox, 2018-04-10 09:42:35, contaminated
trace_3.2_fail, 7D63B3F4-FA68-7131-14F1-76C7082C4577, firefox, 2018-04-10 09:42:35, contaminated
trace_3.2_fail, 00D9DEAC-27BC-107C-140F-770AAA297396, firefox, 2018-04-10 09:42:35, contaminated
trace_3.2_fail, EDEABE16-BCAD-CA81-D444-DF5B86D83789, firefox, 2018-04-10 09:42:35, contaminated
trace_3.2_fail, 95094939-A424-190C-3134-0C53769CF930, firefox, 2018-04-10 09:42:35, contaminated
trace_3.2_fail, E78D70DC-6BB3-6C4C-AE09-829730EE3EF8, firefox, 2018-04-10 09:42:35, contaminated
trace_3.2_fail, 1AC05C23-65A2-6FBE-2BAB-B052EB032CA5, firefox, 2018-04-10 09:42:35, contaminated
trace_3.2_fail, A8FF0690-161B-E96C-53DA-6C88BE78FA19, firefox, 2018-04-10 09:42:35, contaminated
trace_3.2_fail, BF49BA9F-079D-EA0B-6CE5-F845CF934BDC, firefox, 2018-04-10 09:42:35, contaminated
trace_3.2_fail, C152D3E4-830F-79B8-8CBF-AC768FA1CC22, firefox, 2018-04-10 09:42:35, contaminated
trace_3.2_fail, 38D52059-750D-F606-2752-CED7588E20FB, firefox, 2018-04-10 09:42:35, contaminated
trace_3.2_fail, 2B576895-E358-A3FC-4B97-B65C329CD604, firefox, 2018-04-10 09:42:35, contaminated
trace_3.2_fail, 09FB059C-32EC-3FFC-47B9-85D25E4AA709, firefox, 2018-04-10 09:42:35, contaminated
trace_3.2_fail, 5430EFAB-7636-63B9-64AC-CC037D08EF60, firefox, 2018-04-10 09:42:35, contaminated
trace_3.2_fail, 8F100686-BB36-0FBB-4BA8-834639E448EC, firefox, 2018-04-10 09:42:35, contaminated
trace_3.2_fail, 3B71B3F9-AB12-6B83-C760-C8EF2BDD8AA7, firefox, 2018-04-10 09:42:35, contaminated
trace_3.2_fail, 255327DC-EBE0-C6BB-6550-322DFFAFA441, firefox, 2018-04-10 09:42:35, contaminated
trace_3.2_fail, F22E4096-16BF-C2F8-145A-D6B442432841, firefox, 2018-04-10 09:42:35, contaminated
trace_3.2_fail, 83859E2E-311E-B4E2-6B2C-D86DA5F9B822, firefox, 2018-04-10 09:42:35, contaminated
trace_3.2_fail, 82CB68CB-6A2F-1BFB-6CBE-402E2773A5A6, firefox, 2018-04-10 09:42:35, contaminated
trace_3.2_fail, 85AC1164-CB72-1689-FF22-F6B0DF0ACAC3, firefox, 2018-04-10 09:42:35, contaminated
trace_3.2_fail, E597E8C4-0D54-54E9-64C5-41FB40065068, firefox, 2018-04-10 09:42:35, contaminated
trace_3.2_fail, 75919638-03B7-5744-1B1C-B6B85AC8A42E, firefox, 2018-04-10 09:42:35, contaminated
trace_3.2_fail, 9221BCFC-E822-1AE9-0F1A-6D6CC1FEAC87, firefox, 2018-04-10 09:42:35, contaminated
trace_3.2_fail, 5BDE0022-13BB-9AB3-5522-46CFCA768A1C, firefox, 2018-04-10 09:42:35, contaminated
trace_3.2_fail, 6967B906-2D43-8046-EDB5-17B71342AA6C, firefox, 2018-04-10 09:42:35, contaminated
trace_3.2_fail, 3AD07C0B-33F3-5800-0854-5DB7FD42982C, firefox, 2018-04-10 09:42:35, contaminated
trace_3.2_fail, DC351F03-117E-E150-F664-7E41375E1FC6, firefox, 2018-04-10 09:42:35, contaminated
trace_3.2_fail, 8EBC5ED0-C8FE-3DD6-6A1F-2AB4AF34F255, firefox, 2018-04-10 09:42:35, contaminated
trace_3.2_fail, F24B03D2-CFB0-1DB2-4526-92BF3DCB3B67, firefox, 2018-04-10 09:42:35, contaminated
trace_3.2_fail, F52F9ED1-3107-085A-B457-B734690E21D6, firefox, 2018-04-10 09:42:35, contaminated
trace_3.2_fail, E3B50A7E-2A8D-607D-9CD8-CE9271CD7899, firefox, 2018-04-10 09:42:35, contaminated
trace_3.2_fail, 30023155-7898-DEA6-FD28-8D0283CADCDC, firefox, 2018-04-10 09:42:35, contaminated
trace_3.2_fail, A20BB963-4D1B-75D3-94A6-73234E1739C1, firefox, 2018-04-10 09:42:35, contaminated
trace_3.2_fail, 555CA267-BEB0-5AA6-B450-1E70EE21F80B, firefox, 2018-04-10 09:42:35, contaminated
trace_3.2_fail, 9D409B81-F0DA-C6DC-677A-7DBB373C6ED9, firefox, 2018-04-10 09:42:35, contaminated
trace_3.2_fail, 0156E4C2-335D-E194-4309-1CF50832B1C2, firefox, 2018-04-10 09:42:35, contaminated
trace_3.2_fail, 5FE4F773-705A-EECC-08FE-362DA9E13CA9, firefox, 2018-04-10 09:42:35, contaminated
trace_3.2_fail, 70F83BF8-C8D3-A84E-B99A-ED19928D1F72, firefox, 2018-04-10 09:42:35, contaminated
trace_3.2_fail, FBBB2069-C153-6AF6-DB99-E7F536DC2D89, firefox, 2018-04-10 09:42:35, contaminated
trace_3.2_fail, 4B379523-81B8-4444-E2EB-D01A8136817F, firefox, 2018-04-10 09:42:35, contaminated
trace_3.2_fail, AADF7E24-F99A-69FF-5F0E-B301131F85E4, firefox, 2018-04-10 09:42:35, contaminated
trace_3.2_fail, 4584018F-D6B6-1965-EB87-C6A590CA928A, firefox, 2018-04-10 09:42:35, contaminated
trace_3.2_fail, 3B06AAB0-0962-EF4D-D8BD-83718B67F2B8, firefox, 2018-04-10 09:42:35, contaminated
trace_3.2_fail, 4C3F8AA3-139F-115C-C789-2A98FBAF1E71, firefox, 2018-04-10 09:42:35, contaminated
trace_3.2_fail, 67679D03-B23E-C711-3F98-CD94302BF3E6, firefox, 2018-04-10 09:42:35, contaminated
trace_3.2_fail, CC060B50-6873-7CD9-050E-102A0BD352FD, firefox, 2018-04-10 09:42:35, contaminated
trace_3.2_fail, EBB66D05-C1D4-9539-13B4-884CFE42CA1D, firefox, 2018-04-10 09:42:35, contaminated
trace_3.2_fail, AEBDA5AF-2154-6FDC-E002-E06F9D9BF3C0, firefox, 2018-04-10 09:42:35, contaminated
trace_3.2_fail, BFE514E3-C81B-5757-1DCD-DC0A3D3F9554, firefox, 2018-04-10 09:42:36, contaminated
trace_3.2_fail, 16123482-AD62-656E-3E11-E520DE359ED4, firefox, 2018-04-10 09:42:36, contaminated
trace_3.2_fail, 45EAC501-1BC2-1EFF-028D-65BA7FD6316E, firefox, 2018-04-10 09:42:36, contaminated
trace_3.2_fail, E84ED5E1-D5C8-203A-6FEA-3E2FB76541FC, firefox, 2018-04-10 09:42:36, contaminated
trace_3.2_fail, EE85F61C-3C5D-BEA0-C0B2-11F1ED66F152, firefox, 2018-04-10 09:42:36, contaminated
trace_3.2_fail, 0F3EBC7B-3269-9336-0995-0CE19AE4C6C7, firefox, 2018-04-10 09:42:36, contaminated
trace_3.2_fail, EA87B95E-D2AC-1AF1-34D0-D0B5CB1B4126, firefox, 2018-04-10 09:42:36, contaminated
trace_3.2_fail, F7C43BD4-5C74-5381-ACA7-02F5CF6F0386, firefox, 2018-04-10 09:42:36, contaminated
trace_3.2_fail, BA7F5750-0218-D81E-D70F-112D73EA3769, firefox, 2018-04-10 09:42:36, contaminated
trace_3.2_fail, AA2969AF-11E3-FF71-58A6-A3E38C37B639, firefox, 2018-04-10 09:42:37, contaminated
trace_3.2_fail, 00D32553-CECD-40AA-3ED0-48BC7A896874, firefox, 2018-04-10 09:42:37, contaminated
trace_3.2_fail, 30F5A7F4-B8DE-3493-6774-AF5FC2A188CC, firefox, 2018-04-10 09:42:37, contaminated
trace_3.2_fail, B04DD1CC-AA0B-EF47-9EA8-A8ED53B251E5, firefox, 2018-04-10 09:42:37, contaminated
trace_3.2_fail, F2A1F244-E9A9-866F-9EBB-0F1EAA55BEE1, firefox, 2018-04-10 09:42:37, contaminated
trace_3.2_fail, 267C3A24-1F0F-236F-4BAA-BC79DA8DC64F, firefox, 2018-04-10 09:42:38, contaminated
trace_3.2_fail, D4D151A4-4433-CCE3-0144-692342ACE65C, firefox, 2018-04-10 09:42:38, contaminated
trace_3.2_fail, FB3AD21F-3C2A-C793-33F3-93236AFF7C20, firefox, 2018-04-10 09:42:38, contaminated
trace_3.2_fail, 4C974050-85A2-A368-476C-D91BF8423161, firefox, 2018-04-10 09:42:38, contaminated
trace_3.2_fail, 542CE6F8-07F7-5E42-3D86-0DB55A205891, firefox, 2018-04-10 09:42:39, contaminated
trace_3.2_fail, A2E1A644-6A28-8E00-4DE2-1C7B18FFC77F, firefox, 2018-04-10 09:42:39, contaminated
trace_3.2_fail, 48AC0425-EA96-7FF4-09A3-AD847954D867, firefox, 2018-04-10 09:42:39, contaminated
trace_3.2_fail, 84351517-5A4F-BE11-ACE7-F97788A900AF, firefox, 2018-04-10 09:42:39, contaminated
trace_3.2_fail, B81A1CAE-4ECE-E78E-D446-1B00E73DCD79, firefox, 2018-04-10 09:42:39, contaminated
trace_3.2_fail, 9F038B6B-2201-B85D-A333-5B7F20C66935, firefox, 2018-04-10 09:42:39, contaminated
trace_3.2_fail, 9A101171-112F-243F-FC51-CB643C307343, firefox, 2018-04-10 09:42:39, contaminated
trace_3.2_fail, 73E10BEA-DC03-9EF4-E5AF-95E7B004A88F, firefox, 2018-04-10 09:42:39, contaminated
trace_3.2_fail, F83424F7-4016-B35E-6699-281BA5302FD5, firefox, 2018-04-10 09:42:39, contaminated
trace_3.2_fail, 37F21AE0-628D-3B00-EE22-3D9F8C7D99C9, firefox, 2018-04-10 09:42:39, contaminated
trace_3.2_fail, 501F811F-704C-8D7F-5474-5446E99A4539, firefox, 2018-04-10 09:42:39, contaminated
trace_3.2_fail, 7ADDF90E-0D7D-02C3-67D9-29EAF12FC5D4, firefox, 2018-04-10 09:42:39, contaminated
trace_3.2_fail, CF9436D6-8366-D681-825B-3A50C028D348, firefox, 2018-04-10 09:42:39, contaminated
trace_3.2_fail, A83BAF21-37BE-DB21-0DCC-49AB48551710, firefox, 2018-04-10 09:42:39, contaminated
trace_3.2_fail, A13455FC-4FE8-392B-4020-E4F043B40880, firefox, 2018-04-10 09:42:39, contaminated
trace_3.2_fail, 30C4C76C-3DAE-6544-B124-696AED6B2C83, firefox, 2018-04-10 09:42:39, contaminated
trace_3.2_fail, 4FCDE43C-974C-5299-EC35-6109AC6EBF40, firefox, 2018-04-10 09:42:39, contaminated
trace_3.2_fail, 398C5F97-3AB4-028F-33EF-8E7CA7C8411E, firefox, 2018-04-10 09:42:39, contaminated
trace_3.2_fail, 0A52E17E-07F9-AD2C-DF56-4FA8433DAD23, firefox, 2018-04-10 09:42:39, contaminated
trace_3.2_fail, 6D05CA84-77ED-0CAC-D0B0-35279F750A7B, firefox, 2018-04-10 09:42:39, contaminated
trace_3.2_fail, 6D98914A-ED6A-8DC0-234F-A06AD603B250, firefox, 2018-04-10 09:42:39, contaminated
trace_3.2_fail, E6F78B64-66F1-DA72-11BF-4CB4118207FA, firefox, 2018-04-10 09:42:39, contaminated
trace_3.2_fail, F156008C-7B37-061A-906B-BAD05E4A74DF, firefox, 2018-04-10 09:42:40, contaminated
trace_3.2_fail, B4410CB0-3B08-6167-0937-C767ED577D26, firefox, 2018-04-10 09:42:40, contaminated
trace_3.2_fail, 2FB33B47-DE1B-4F05-A768-BD19B0058A8D, firefox, 2018-04-10 09:42:40, contaminated
trace_3.2_fail, 0266E58A-C3A3-81FE-BE15-89B4A1D3B39E, firefox, 2018-04-10 09:42:40, contaminated
trace_3.2_fail, 33D5C167-954F-E96D-2758-BA24D6383A30, firefox, 2018-04-10 09:42:40, contaminated
trace_3.2_fail, 8DEA609F-81FF-7E09-C2D4-B6B2BEC72B62, firefox, 2018-04-10 09:42:40, contaminated
trace_3.2_fail, 774D2CE0-9A85-27F5-9539-E19ACE68ECDE, firefox, 2018-04-10 09:42:40, contaminated
trace_3.2_fail, 69214D07-233A-406B-5FFC-11E160DEAA64, firefox, 2018-04-10 09:42:40, contaminated
trace_3.2_fail, D23061A6-B05C-EC31-CA1B-94EE533F5AC5, firefox, 2018-04-10 09:42:40, contaminated
trace_3.2_fail, 24546428-F4F1-0076-2BA4-0D1A274B2258, firefox, 2018-04-10 09:42:40, contaminated
trace_3.2_fail, 1540B607-4844-C653-7B18-52C75599C6BE, firefox, 2018-04-10 09:42:40, contaminated
trace_3.2_fail, 74F0FDDA-CFE3-1EB3-E453-DEACECDB1858, firefox, 2018-04-10 09:42:40, contaminated
trace_3.2_fail, 1DEE5E18-847D-F6E8-E369-8296F6A15D4C, firefox, 2018-04-10 09:42:40, contaminated
trace_3.2_fail, 1F04743D-CBC6-4B8F-2C49-B1701F0568ED, firefox, 2018-04-10 09:42:40, contaminated
trace_3.2_fail, 387BD5E7-B9BB-D550-8824-68C42FC2910D, firefox, 2018-04-10 09:42:40, contaminated
trace_3.2_fail, 256B0A95-3D83-079B-37DF-71B177C54E2E, firefox, 2018-04-10 09:42:40, contaminated
trace_3.2_fail, 7758242C-BE42-0D6A-89D2-C73DFD7265F2, firefox, 2018-04-10 09:42:40, contaminated
trace_3.2_fail, 5AECFDA6-EEAD-2B60-1A41-0D02D3B4D0E5, firefox, 2018-04-10 09:42:40, contaminated
trace_3.2_fail, 02443B82-80AB-B62F-E7C4-BFA9ACCF6C8C, firefox, 2018-04-10 09:42:40, contaminated
trace_3.2_fail, 3D3A285E-5511-7CEB-B477-ECAF5923ABF6, firefox, 2018-04-10 09:42:40, contaminated
trace_3.2_fail, 724C7F1C-7EDC-2767-7876-3D19A93BE625, firefox, 2018-04-10 09:42:40, contaminated
trace_3.2_fail, FC103CE3-5BF5-6B87-C60D-4E142E249590, firefox, 2018-04-10 09:42:40, contaminated
trace_3.2_fail, E7534FF8-2687-143E-D0D6-0721000145FD, firefox, 2018-04-10 09:42:40, contaminated
trace_3.2_fail, 43AE9518-8FC1-C450-BD75-6F3CC0D6A62E, firefox, 2018-04-10 09:42:40, contaminated
trace_3.2_fail, F5D4DEEF-BC71-AEB1-8FF4-7109A12E0F1B, firefox, 2018-04-10 09:42:40, contaminated
trace_3.2_fail, 34985378-5D37-B878-623F-FED018FBDB84, firefox, 2018-04-10 09:42:40, contaminated
trace_3.2_fail, AD894F58-8F6C-5B0F-6F56-CA6836D97FA3, firefox, 2018-04-10 09:42:40, contaminated
trace_3.2_fail, C9FA1ABD-2677-EF6B-FEDD-81FB0AB4D2CF, firefox, 2018-04-10 09:42:40, contaminated
trace_3.2_fail, 5CBA3F40-B42B-2D14-1702-3CB749A6A04B, firefox, 2018-04-10 09:42:40, contaminated
trace_3.2_fail, CD863A62-A8AA-4F6E-1DB4-DB4300529D7D, firefox, 2018-04-10 09:42:40, contaminated
trace_3.2_fail, 3F9F9F18-5893-AD3A-AC5F-B4A568133228, firefox, 2018-04-10 09:42:40, contaminated
trace_3.2_fail, 602D4253-EE7D-20F0-D41A-3460075AB618, firefox, 2018-04-10 09:42:40, contaminated
trace_3.2_fail, BE3BEA1D-324A-918D-D9D3-04ECC8021662, firefox, 2018-04-10 09:42:40, contaminated
trace_3.2_fail, 36AFC213-A7C7-EF1F-D7AF-A5D1CFF524AA, firefox, 2018-04-10 09:42:40, contaminated
trace_3.2_fail, 18697F5A-CE9F-7290-5BF5-4FA71270A11D, firefox, 2018-04-10 09:42:40, contaminated
trace_3.2_fail, F801A167-DEE5-946D-3188-84F868D9ED99, firefox, 2018-04-10 09:42:40, contaminated
trace_3.2_fail, 1CBEDD39-035B-EE2E-04DB-2D8E345AD4A3, firefox, 2018-04-10 09:42:40, contaminated
trace_3.2_fail, 16D0FED3-B10F-9DA3-C95A-081583A581BE, firefox, 2018-04-10 09:42:40, contaminated
trace_3.2_fail, 964CFCB8-C59B-4515-2D80-23CA0CCF8277, firefox, 2018-04-10 09:42:40, contaminated
trace_3.2_fail, 75B32E8D-044A-5AB5-B14D-14156C7E0BB4, firefox, 2018-04-10 09:42:40, contaminated
trace_3.2_fail, 052C5A32-2148-E590-E486-3F1ABA4150B1, firefox, 2018-04-10 09:42:40, contaminated
trace_3.2_fail, 61B4E7DC-0F3F-5AF6-AC2A-2CBDE5FBE135, firefox, 2018-04-10 09:42:40, contaminated
trace_3.2_fail, 67145B6A-5657-F159-151C-9474A2960212, firefox, 2018-04-10 09:42:40, contaminated
trace_3.2_fail, BB0B04D2-923B-DD33-66B4-950D49671A43, firefox, 2018-04-10 09:42:40, contaminated
trace_3.2_fail, 54B8C419-5A82-BFFC-5685-364AA55FBCE7, firefox, 2018-04-10 09:42:40, contaminated
trace_3.2_fail, 7423783F-9144-38F1-22EB-76AF8D5145CE, firefox, 2018-04-10 09:42:40, contaminated
trace_3.2_fail, 21636D3A-1276-5075-A75B-EED644632FB1, firefox, 2018-04-10 09:42:40, contaminated
trace_3.2_fail, DB609697-0F0A-CC3B-A848-58F9C1F035DB, firefox, 2018-04-10 09:42:40, contaminated
trace_3.2_fail, E554419E-690D-AA35-AEA1-A51E421CE6B4, firefox, 2018-04-10 09:42:40, contaminated
trace_3.2_fail, 8BCCAA13-7D09-FADB-ADD8-64FDDF431041, firefox, 2018-04-10 09:42:40, contaminated
trace_3.2_fail, 2EF1FCC9-1DD6-1D15-D021-5E9950CFBA6A, firefox, 2018-04-10 09:42:40, contaminated
trace_3.2_fail, 9B55A974-29E4-6D9D-6C7B-0B5C187BB379, firefox, 2018-04-10 09:42:41, contaminated
trace_3.2_fail, E5A197E3-7AE3-6098-083F-0DD9DDF4789D, firefox, 2018-04-10 09:42:41, contaminated
trace_3.2_fail, 905A95F7-C336-A347-8FE5-5658A5CD0620, firefox, 2018-04-10 09:42:41, contaminated
trace_3.2_fail, 239D5D36-81E5-E463-42A7-AB3EEC10084F, firefox, 2018-04-10 09:42:41, contaminated
trace_3.2_fail, 59451151-230F-A44E-C99A-45CD0A93A4C1, firefox, 2018-04-10 09:42:41, contaminated
trace_3.2_fail, 0C35D9CB-8AE0-73D9-002D-F40F31A4810F, firefox, 2018-04-10 09:42:41, contaminated
trace_3.2_fail, 7C1DCD42-7EE5-C42A-6D49-DB0E4678B26B, firefox, 2018-04-10 09:42:41, contaminated
trace_3.2_fail, 94B6A4D0-6831-F50A-0706-4B56B044E069, firefox, 2018-04-10 09:42:41, contaminated
trace_3.2_fail, 71206859-2C9E-5092-835C-0A327927ADE1, firefox, 2018-04-10 09:42:41, contaminated
trace_3.2_fail, E8C6E6BD-6969-E74B-FDEE-83BEFAD22142, firefox, 2018-04-10 09:42:41, contaminated
trace_3.2_fail, B96C4CE5-B982-7D2D-B3C2-2E565B3C9C53, firefox, 2018-04-10 09:42:42, contaminated
trace_3.2_fail, 0F0042FE-4CC3-FBBB-E749-90056C31B3F9, firefox, 2018-04-10 09:42:42, contaminated
trace_3.2_fail, 76BA785D-763B-4C66-7581-43CC6B883624, firefox, 2018-04-10 09:42:42, contaminated
trace_3.2_fail, 44D7C66C-362B-61BA-E3EB-36F452928395, firefox, 2018-04-10 09:42:42, contaminated
trace_3.2_fail, CC922D97-26C6-D4C8-EE74-C7C0731137C7, firefox, 2018-04-10 09:42:43, contaminated
trace_3.2_fail, AD396336-774D-EDD0-C6BB-24576B6ED09C, firefox, 2018-04-10 09:42:43, contaminated
trace_3.2_fail, 3E0DEB93-D887-4A90-09FB-21890531485C, firefox, 2018-04-10 09:42:43, contaminated
trace_3.2_fail, E56D572B-BE57-730A-6C0F-BCE179922942, firefox, 2018-04-10 09:42:43, contaminated
trace_3.2_fail, 20CB290F-E9DC-2FDC-4F07-FA18B6B4A653, firefox, 2018-04-10 09:42:43, contaminated
trace_3.2_fail, 91F7608C-7030-76CB-4C5A-5B24D39AB2E6, firefox, 2018-04-10 09:42:44, contaminated
trace_3.2_fail, FD1C9C5C-BBBB-9538-E59B-1AC388C09777, firefox, 2018-04-10 09:42:44, contaminated
trace_3.2_fail, 998DA3EC-B8F9-A7D6-04F7-3EC3EC884203, firefox, 2018-04-10 09:42:44, contaminated
trace_3.2_fail, 3148868C-A744-8F88-AB71-57CF390907A7, firefox, 2018-04-10 09:42:44, contaminated
trace_3.2_fail, 1A02639F-A2C9-A5F8-B9DF-04520B2D3427, firefox, 2018-04-10 09:42:44, contaminated
trace_3.2_fail, 1DBCEF60-FC8F-B1A5-3FCB-9D4EE6CAF357, firefox, 2018-04-10 09:42:44, contaminated
trace_3.2_fail, BD6F3A05-EB11-6824-CC01-F4349CC4458F, firefox, 2018-04-10 09:42:44, contaminated
trace_3.2_fail, AD405EB4-6B86-5B53-2AAC-8C1B2C177792, firefox, 2018-04-10 09:42:44, contaminated
trace_3.2_fail, 9A61B0A8-6C35-D303-87F4-E0F4F0906D84, firefox, 2018-04-10 09:42:44, contaminated
trace_3.2_fail, C47DF356-07D7-1F2A-D30F-390070055E4B, firefox, 2018-04-10 09:42:44, contaminated
trace_3.2_fail, 1DCF51AD-CF13-1970-BEEB-B63DC059D9D8, firefox, 2018-04-10 09:42:44, contaminated
trace_3.2_fail, CBDC0B63-5DC3-7344-53F7-7CA9D44E036E, firefox, 2018-04-10 09:42:44, contaminated
trace_3.2_fail, 45647114-6424-7A2A-5960-C7DDF0C22336, firefox, 2018-04-10 09:42:44, contaminated
trace_3.2_fail, 9DB9EA9D-AAF4-14D4-EDAB-AB47D7294F4A, firefox, 2018-04-10 09:42:44, contaminated
trace_3.2_fail, 52289643-B637-A845-50BD-E76C51422B9E, firefox, 2018-04-10 09:42:44, contaminated
trace_3.2_fail, 0933C98C-86A4-2799-97E7-108AB3B607F9, firefox, 2018-04-10 09:42:44, contaminated
trace_3.2_fail, 8DDDFC19-8B67-9EEC-EA9B-981DCB988A43, firefox, 2018-04-10 09:42:44, contaminated
trace_3.2_fail, 3628278C-A944-EE15-6A3A-983D125C3E82, firefox, 2018-04-10 09:42:44, contaminated
trace_3.2_fail, 96CB9C21-C98F-5232-D4FD-9DF7A0FA8603, firefox, 2018-04-10 09:42:44, contaminated
trace_3.2_fail, 0E0294F3-F570-D5BC-3E95-EA4BB0735864, firefox, 2018-04-10 09:42:44, contaminated
trace_3.2_fail, DA956BEA-2ECF-6177-0905-4EAF4D01AC95, firefox, 2018-04-10 09:42:44, contaminated
trace_3.2_fail, 1525F86A-0DD0-C817-C9D6-7264AD4EF463, firefox, 2018-04-10 09:42:44, contaminated
trace_3.2_fail, 68B09195-53CD-DDA2-0FEC-336538684116, firefox, 2018-04-10 09:42:44, contaminated
trace_3.2_fail, DB94F06D-F0CD-46D5-6E25-A097363EFE1A, firefox, 2018-04-10 09:42:45, contaminated
trace_3.2_fail, 85B52F15-3B9C-C776-43D5-FD7EFA0D88AC, firefox, 2018-04-10 09:42:45, contaminated
trace_3.2_fail, B25AD156-413C-80E3-D87E-0B780E93A1E6, firefox, 2018-04-10 09:42:45, contaminated
trace_3.2_fail, B97800F5-C0FE-ABAD-5F7B-EABEC3F7BC3E, firefox, 2018-04-10 09:42:45, contaminated
trace_3.2_fail, 6669B466-B821-D06B-1774-88CDA613D410, firefox, 2018-04-10 09:42:45, contaminated
trace_3.2_fail, F300183E-F9C8-7985-84D3-76B2DBF13C16, firefox, 2018-04-10 09:42:45, contaminated
trace_3.2_fail, DE6DA4E4-6C45-792A-7A91-73C553FF0792, firefox, 2018-04-10 09:42:45, contaminated
trace_3.2_fail, 2323F8E1-B8BD-ECB3-C5AC-C54A60193176, firefox, 2018-04-10 09:42:45, contaminated
trace_3.2_fail, E2B77AD5-8F2A-727B-12D0-64E84DD69018, firefox, 2018-04-10 09:42:45, contaminated
trace_3.2_fail, A4BAA461-2E8C-FB51-A0D1-0A7193AB6C06, firefox, 2018-04-10 09:42:45, contaminated
trace_3.2_fail, B288199A-01C7-D094-39F1-C1AD491FAF87, firefox, 2018-04-10 09:42:45, contaminated
trace_3.2_fail, 7595AFB1-E4A3-02A2-2F49-C18BE57D14E1, firefox, 2018-04-10 09:42:45, contaminated
trace_3.2_fail, 03F6E1EF-D7F4-3119-7B15-5EBAD4019492, firefox, 2018-04-10 09:42:45, contaminated
trace_3.2_fail, 43E07B62-158F-B449-7116-C323D5A27D7C, firefox, 2018-04-10 09:42:45, contaminated
trace_3.2_fail, 6501C76E-BAD7-484F-3B7C-C47E02CF0C8B, firefox, 2018-04-10 09:42:45, contaminated
trace_3.2_fail, C04ED5BE-8A3E-E988-76DE-CA85E6705E99, firefox, 2018-04-10 09:42:45, contaminated
trace_3.2_fail, B614C065-1981-DD66-CD49-1626555E4E09, firefox, 2018-04-10 09:42:45, contaminated
trace_3.2_fail, D239A00C-46C4-C98A-3811-FEB7FE46F750, firefox, 2018-04-10 09:42:45, contaminated
trace_3.2_fail, DC3BBC2E-2D65-0792-BAFD-4BE7B3C0F4BF, firefox, 2018-04-10 09:42:45, contaminated
trace_3.2_fail, 51444846-B9F1-0AE7-222D-80A2FD3EDCEF, firefox, 2018-04-10 09:42:45, contaminated
trace_3.2_fail, DD7CEB44-94E8-93C9-5A35-5F2423BEBF34, firefox, 2018-04-10 09:42:45, contaminated
trace_3.2_fail, 141DF236-81CC-CED1-7074-0CFA0FDB5743, firefox, 2018-04-10 09:42:45, contaminated
trace_3.2_fail, 91964B40-A29B-D0FC-601D-5203E72DDC77, firefox, 2018-04-10 09:42:45, contaminated
trace_3.2_fail, 1BFE72CF-B4F0-82D5-921B-EFF1A608010F, firefox, 2018-04-10 09:42:45, contaminated
trace_3.2_fail, E1FFF0B7-4315-C29E-661E-14D87A24F75B, firefox, 2018-04-10 09:42:45, contaminated
trace_3.2_fail, B85A3543-965C-E4D6-59BA-30FCA7C21974, firefox, 2018-04-10 09:42:45, contaminated
trace_3.2_fail, 85C414EF-4CD0-677D-5C2B-685418746B62, firefox, 2018-04-10 09:42:45, contaminated
trace_3.2_fail, C5324F43-77DF-51C9-09D9-BC792BCB52AB, firefox, 2018-04-10 09:42:45, contaminated
trace_3.2_fail, 22B68525-58F3-B269-AA05-10090CD73CB4, firefox, 2018-04-10 09:42:45, contaminated
trace_3.2_fail, F1BD6AE6-3071-E934-FBF2-F8577DDB615C, firefox, 2018-04-10 09:42:45, contaminated
trace_3.2_fail, C4D88589-A12F-5589-658F-C9F2EE812A12, firefox, 2018-04-10 09:42:45, contaminated
trace_3.2_fail, E6C860AB-B459-3957-CF7B-AA94BB196AA4, firefox, 2018-04-10 09:42:45, contaminated
trace_3.2_fail, 7B81446A-2ADD-7447-70EC-63C9B0D5F863, firefox, 2018-04-10 09:42:45, contaminated
trace_3.2_fail, E0F9FD8E-DDAE-05C4-B8CA-FC2A0C513871, firefox, 2018-04-10 09:42:45, contaminated
trace_3.2_fail, 661731CD-060F-B1E6-0E75-C164D3CCFF75, firefox, 2018-04-10 09:42:45, contaminated
trace_3.2_fail, 4D3D2539-D25C-8913-F985-306A13CD6F25, firefox, 2018-04-10 09:42:45, contaminated
trace_3.2_fail, 7AE96618-7980-DD76-4238-5EBD794F967D, firefox, 2018-04-10 09:42:45, contaminated
trace_3.2_fail, 00CF026E-753F-2220-0BA1-BBC7CC9F0EF9, firefox, 2018-04-10 09:42:45, contaminated
trace_3.2_fail, 2E535632-C837-1A28-72DE-1A5D776392A2, firefox, 2018-04-10 09:42:45, contaminated
trace_3.2_fail, BE2B5E7F-493A-4629-8796-4450C573AB4C, firefox, 2018-04-10 09:42:45, contaminated
trace_3.2_fail, 9907AE0A-7CAC-F58D-FE38-E48EAEEC3413, firefox, 2018-04-10 09:42:45, contaminated
trace_3.2_fail, E71914F1-6578-1D86-8725-21BC25242226, firefox, 2018-04-10 09:42:45, contaminated
trace_3.2_fail, 343083B8-1914-C17E-E631-84E890D4CBD9, firefox, 2018-04-10 09:42:45, contaminated
trace_3.2_fail, 2F191CDA-5243-339D-71F5-A09814A74197, firefox, 2018-04-10 09:42:45, contaminated
trace_3.2_fail, 95C46CDE-7B5E-894C-6646-B549DCAA2682, firefox, 2018-04-10 09:42:45, contaminated
trace_3.2_fail, 3165893D-C511-D876-6A19-0889056CAD78, firefox, 2018-04-10 09:42:45, contaminated
trace_3.2_fail, 88BD9C10-E3BE-1A06-BDC8-5D5471C9DFF8, firefox, 2018-04-10 09:42:45, contaminated
trace_3.2_fail, FEE12402-7668-3E47-A1B5-8AC2229368B9, firefox, 2018-04-10 09:42:45, contaminated
trace_3.2_fail, 326714EC-3DAF-74EC-9132-60A6D04CDD5F, firefox, 2018-04-10 09:42:45, contaminated
trace_3.2_fail, 7DBE63D0-53A8-7947-D0C6-0D1B054F8630, firefox, 2018-04-10 09:42:45, contaminated
trace_3.2_fail, E5A82A4C-E1FA-DF58-9E24-7C3E2B923279, firefox, 2018-04-10 09:42:45, contaminated
trace_3.2_fail, F5BBB0E9-38DB-D2E4-8833-6ADD3F328A9F, firefox, 2018-04-10 09:42:45, contaminated
trace_3.2_fail, 14150936-A178-6732-1B77-4A0815849DD2, firefox, 2018-04-10 09:42:45, contaminated
trace_3.2_fail, A34E6D9A-36DD-F7AB-EAB9-51A79293042E, firefox, 2018-04-10 09:42:45, contaminated
trace_3.2_fail, 83698D56-6210-5537-E1CC-D1C83DEF8F68, firefox, 2018-04-10 09:42:45, contaminated
trace_3.2_fail, A50E444C-4F47-F1BA-FC31-0E72242EF4C1, firefox, 2018-04-10 09:42:45, contaminated
trace_3.2_fail, 8BA1B346-97B2-C0ED-103C-176539DAC9FF, firefox, 2018-04-10 09:42:45, contaminated
trace_3.2_fail, B8031041-FA99-AAE3-B2AA-A029AA69F421, firefox, 2018-04-10 09:42:45, contaminated
trace_3.2_fail, EA555D04-413F-DF2E-E32C-428C672C79EA, firefox, 2018-04-10 09:42:45, contaminated
trace_3.2_fail, C815A280-BD5A-7E2E-C2FD-0A575F460F12, firefox, 2018-04-10 09:42:46, contaminated
trace_3.2_fail, A3603D0A-072C-9103-51A2-ECC69D151A60, firefox, 2018-04-10 09:42:46, contaminated
trace_3.2_fail, 454822E8-524F-3A4B-10E6-CF98B2AF3A55, firefox, 2018-04-10 09:42:46, contaminated
trace_3.2_fail, 815C1772-E56E-6C5E-C78D-2554A15C5524, firefox, 2018-04-10 09:42:46, contaminated
trace_3.2_fail, 110FBC1C-B55D-C9EF-5450-F22964C00D6C, firefox, 2018-04-10 09:42:46, contaminated
trace_3.2_fail, CA261FFB-F5DF-2941-14AB-29DEBAEFC290, firefox, 2018-04-10 09:42:46, contaminated
trace_3.2_fail, 798E5A5A-4DBD-EAA2-2446-EDD267FBA3C7, firefox, 2018-04-10 09:42:46, contaminated
trace_3.2_fail, FAABACA7-86E3-22DE-D737-A248350B4A58, firefox, 2018-04-10 09:42:46, contaminated
trace_3.2_fail, 682E7CDA-69F2-9019-BA6F-6A3F589DE2C3, firefox, 2018-04-10 09:42:46, contaminated
trace_3.2_fail, 9FBA479B-9A47-202A-E580-9B450A5C89FB, firefox, 2018-04-10 09:42:46, contaminated
trace_3.2_fail, 83EED590-24DE-6836-D454-7CD1F299A91D, firefox, 2018-04-10 09:42:46, contaminated
trace_3.2_fail, 732FA79A-28A7-799C-0BCD-01EDFD13D9DF, firefox, 2018-04-10 09:42:47, contaminated
trace_3.2_fail, B4099D8E-0775-C112-60D4-701D115AF33B, firefox, 2018-04-10 09:42:47, contaminated
trace_3.2_fail, A550D479-61AC-D563-837B-B2F4E1934402, firefox, 2018-04-10 09:42:47, contaminated
trace_3.2_fail, 089E3F3F-F237-62A7-F55D-134B44466DE0, firefox, 2018-04-10 09:42:47, contaminated
trace_3.2_fail, 0DE72CDF-1E65-A1EA-52AB-FB3345EBC183, firefox, 2018-04-10 09:42:49, contaminated
trace_3.2_fail, F3B9438D-26E8-817F-829C-ED31FDADF9FD, firefox, 2018-04-10 09:42:49, contaminated
trace_3.2_fail, 660FE614-E798-A53D-9AF1-651A330E67CA, firefox, 2018-04-10 09:42:49, contaminated
trace_3.2_fail, F78EC8C8-FF00-C728-AC1C-B0225A2A3F98, firefox, 2018-04-10 09:42:49, contaminated
trace_3.2_fail, AD0E55DF-D880-7025-B456-60135A64AB1A, firefox, 2018-04-10 09:42:49, contaminated
trace_3.2_fail, 51D11E92-70C2-A41E-E2F7-CD00FBECC6B4, firefox, 2018-04-10 09:42:49, contaminated
trace_3.2_fail, 9268B114-4B1B-79CA-088E-21456AC2FE88, firefox, 2018-04-10 09:42:49, contaminated
trace_3.2_fail, ADF77B81-BFEE-7DD8-D7BE-49F4A8F5C873, firefox, 2018-04-10 09:42:49, contaminated
trace_3.2_fail, A8881969-0326-DF27-627E-12B0512EA371, firefox, 2018-04-10 09:42:49, contaminated
trace_3.2_fail, BF323150-C12A-C428-437B-F64066FEDE6F, firefox, 2018-04-10 09:42:49, contaminated
trace_3.2_fail, 28557D5A-2BC0-A73F-FE9E-0E947CED57E9, firefox, 2018-04-10 09:42:49, contaminated
trace_3.2_fail, 7451301B-2FD0-F8C2-1398-4D731614F018, firefox, 2018-04-10 09:42:49, contaminated
trace_3.2_fail, 5018663F-AF22-7E26-2D25-02DDEEEDCD21, firefox, 2018-04-10 09:42:49, contaminated
trace_3.2_fail, 3CD3732C-8C35-2328-8B01-42F2ACA1EB7F, firefox, 2018-04-10 09:42:49, contaminated
trace_3.2_fail, 7DC9AD12-E929-DC61-C0E0-D67241844D6D, firefox, 2018-04-10 09:42:49, contaminated
trace_3.2_fail, 113761F9-4A0C-E1B0-28A8-BE98146AAFC8, firefox, 2018-04-10 09:42:49, contaminated
trace_3.2_fail, 503A0FF4-C41C-A1FD-8CCF-6A7F35AC306E, firefox, 2018-04-10 09:42:49, contaminated
trace_3.2_fail, 09F6A632-DDC1-7890-C0FE-4FAF9980E5B7, firefox, 2018-04-10 09:42:49, contaminated
trace_3.2_fail, 6AAC2802-A43A-42F0-5103-810C934C9FF5, firefox, 2018-04-10 09:42:50, contaminated
trace_3.2_fail, 4DE37155-B029-6E47-8B2B-9C64E592E3F5, firefox, 2018-04-10 09:42:50, contaminated
trace_3.2_fail, 363B2CBF-29AD-3227-8891-B1859B4B4E12, firefox, 2018-04-10 09:42:50, contaminated
trace_3.2_fail, DA808DC6-4B11-A396-F6A6-0F8381730E08, firefox, 2018-04-10 09:42:50, contaminated
trace_3.2_fail, 0212C6BA-80FF-2A5B-A47C-990626F5747A, firefox, 2018-04-10 09:42:50, contaminated
trace_3.2_fail, FE266B4E-3928-7C29-6806-C25E63B97E47, firefox, 2018-04-10 09:42:50, contaminated
trace_3.2_fail, 27ED2700-9F53-8835-77CD-02C02C2EE5A6, firefox, 2018-04-10 09:42:50, contaminated
trace_3.2_fail, EE21208E-5833-230A-AB44-F25DDE0CE409, firefox, 2018-04-10 09:42:50, contaminated
trace_3.2_fail, 4E35172D-8D3C-56A8-6A7E-4E5EAE36BC00, firefox, 2018-04-10 09:42:50, contaminated
trace_3.2_fail, 0D9FEBF4-CD64-1C4C-DDDA-572C8FD2CA0E, firefox, 2018-04-10 09:42:50, contaminated
trace_3.2_fail, BBF3518A-4845-FEC5-4D04-445464AEC673, firefox, 2018-04-10 09:42:50, contaminated
trace_3.2_fail, 5ADE17A1-2383-BE07-BED2-495E25F721F3, firefox, 2018-04-10 09:42:50, contaminated
trace_3.2_fail, 1ABD6655-946E-4C39-4346-2E3FE0F3BF51, firefox, 2018-04-10 09:42:50, contaminated
trace_3.2_fail, 4FF8B498-2D61-4436-B4E4-D121D9E4479C, firefox, 2018-04-10 09:42:50, contaminated
trace_3.2_fail, 82F2FD0C-4269-2273-FFC6-0175782060A8, firefox, 2018-04-10 09:42:50, contaminated
trace_3.2_fail, AEAEAC5F-73FE-F953-2A84-53E7B48F99F0, firefox, 2018-04-10 09:42:50, contaminated
trace_3.2_fail, 8058739C-070E-7923-7C7D-E322B741AEEF, firefox, 2018-04-10 09:42:50, contaminated
trace_3.2_fail, 6BD46A27-4190-8012-C50E-6134857C7AAE, firefox, 2018-04-10 09:42:50, contaminated
trace_3.2_fail, 5A3D8692-BF73-C835-0ACD-61B90834C2D3, firefox, 2018-04-10 09:42:50, contaminated
trace_3.2_fail, 3414BDA4-B635-EFA7-78E8-733D889CFEAB, firefox, 2018-04-10 09:42:50, contaminated
trace_3.2_fail, 741442F7-77D1-B6A9-F98D-B59EEA2D8B2B, firefox, 2018-04-10 09:42:50, contaminated
trace_3.2_fail, 78B090A9-59C6-BC43-B00C-55B67C6E83F9, firefox, 2018-04-10 09:42:50, contaminated
trace_3.2_fail, 5A40AC74-0EDF-4A42-7E43-25E027087FCE, firefox, 2018-04-10 09:42:50, contaminated
trace_3.2_fail, A642B8E6-A9BF-9426-4DCE-A50E54F0A94B, firefox, 2018-04-10 09:42:50, contaminated
trace_3.2_fail, F60FC7F6-6FBE-EEC8-ADF0-F7E3A11838DE, firefox, 2018-04-10 09:42:50, contaminated
trace_3.2_fail, ED8B6216-E595-82B7-5E92-24649CC387C8, firefox, 2018-04-10 09:42:50, contaminated
trace_3.2_fail, 951E0EEA-24B0-E15E-A592-057D91729554, firefox, 2018-04-10 09:42:50, contaminated
trace_3.2_fail, F27DD941-564B-550C-9CC9-9849D0D7CF5E, firefox, 2018-04-10 09:42:50, contaminated
trace_3.2_fail, 3061AC75-5469-F7D5-4B89-9D830A494B4F, firefox, 2018-04-10 09:42:50, contaminated
trace_3.2_fail, 0E4AA477-A1CD-6FE7-F584-40F9F91FEF72, firefox, 2018-04-10 09:42:50, contaminated
trace_3.2_fail, 94AE8266-E84A-2BF9-B657-9EA76BE1016D, firefox, 2018-04-10 09:42:50, contaminated
trace_3.2_fail, 5CFD169B-F40B-D59D-5C3B-4E6F691B78EB, firefox, 2018-04-10 09:42:50, contaminated
trace_3.2_fail, E5E553A5-74A7-DDF6-80B3-B8B5BB148833, firefox, 2018-04-10 09:42:50, contaminated
trace_3.2_fail, 8AAAE176-E116-32AB-62AB-84F4995D6635, firefox, 2018-04-10 09:42:50, contaminated
trace_3.2_fail, EC5DF58D-9E2B-E5C4-4C10-E24EB13949EC, firefox, 2018-04-10 09:42:50, contaminated
trace_3.2_fail, 126C9227-6A8A-11A4-9D84-B7B1435F194F, firefox, 2018-04-10 09:42:50, contaminated
trace_3.2_fail, C62549A8-3FFC-E6FD-B9AC-FA1354BC85FC, firefox, 2018-04-10 09:42:50, contaminated
trace_3.2_fail, CEB22D8C-065A-C2F8-824C-37B2B70E8136, firefox, 2018-04-10 09:42:50, contaminated
trace_3.2_fail, 8C4967DA-4DAC-9619-D6D8-78374113F087, firefox, 2018-04-10 09:42:50, contaminated
trace_3.2_fail, 8F9B5161-A9AB-E56C-86B9-32C37C8AD654, firefox, 2018-04-10 09:42:50, contaminated
trace_3.2_fail, 96C45E1A-92DC-8D56-FDEA-81F579F037CC, firefox, 2018-04-10 09:42:50, contaminated
trace_3.2_fail, 2882C646-AFAD-1710-B393-7F378DCF6ECA, firefox, 2018-04-10 09:42:50, contaminated
trace_3.2_fail, FC381630-13B5-BD4C-B888-D476F0FB673A, firefox, 2018-04-10 09:42:50, contaminated
trace_3.2_fail, 7F8DC860-5893-50C6-8277-66CBC0110D4E, firefox, 2018-04-10 09:42:50, contaminated
trace_3.2_fail, C2CF626B-33BD-C987-8351-83ED68BB256F, firefox, 2018-04-10 09:42:50, contaminated
trace_3.2_fail, 8CFA1C5F-6BCC-4947-902A-26945A5A67F7, firefox, 2018-04-10 09:42:50, contaminated
trace_3.2_fail, 91ED3514-4B2B-E79B-9C3B-1C0559AE2F95, firefox, 2018-04-10 09:42:50, contaminated
trace_3.2_fail, 6D9DE5CC-FAF9-5EF7-F019-2760C6D9F461, firefox, 2018-04-10 09:42:50, contaminated
trace_3.2_fail, F54D114C-214D-245F-29FD-DAF4BFF05D86, firefox, 2018-04-10 09:42:50, contaminated
trace_3.2_fail, 7CCF43CB-3DEF-EEC6-95C0-CFEA584DE198, firefox, 2018-04-10 09:42:50, contaminated
trace_3.2_fail, 1F146D4E-2669-5EA6-10EF-740705FF7FDD, firefox, 2018-04-10 09:42:51, contaminated
trace_3.2_fail, 17E35B36-D17E-0ACE-F16E-CE45AA8F666E, firefox, 2018-04-10 09:42:51, contaminated
trace_3.2_fail, 53724B18-81A6-42BC-5086-8289F24B31E6, firefox, 2018-04-10 09:42:51, contaminated
trace_3.2_fail, 81E264B6-2889-6299-3DCB-326A8317D286, firefox, 2018-04-10 09:42:51, contaminated
trace_3.2_fail, ECE69EBE-8597-F4F5-AB50-0E9FCE885BD5, firefox, 2018-04-10 09:42:51, contaminated
trace_3.2_fail, 87A2D7E7-9D80-F045-4178-28C90BD9E858, firefox, 2018-04-10 09:42:51, contaminated
trace_3.2_fail, 1AA2ECD8-65C8-2582-E1BC-74018E05F629, firefox, 2018-04-10 09:42:51, contaminated
trace_3.2_fail, 016D2DE3-74EA-D686-7D77-0AE7CE5E4E64, firefox, 2018-04-10 09:42:52, contaminated
trace_3.2_fail, 81ECF8E7-93DE-0A4B-516B-71DB1380E7BD, firefox, 2018-04-10 09:42:53, contaminated
trace_3.2_fail, 856321CA-C17F-C73E-51FC-6B02D4B4DFD9, firefox, 2018-04-10 09:42:53, contaminated
trace_3.2_fail, 63BAAA08-01AD-83BE-9CC9-97E5A476F3F9, firefox, 2018-04-10 09:42:53, contaminated
trace_3.2_fail, CBEF7AD3-7263-D3D8-6465-584461A6754E, firefox, 2018-04-10 09:42:54, contaminated
trace_3.2_fail, 882535D0-28EB-8234-4426-98A356B8B538, firefox, 2018-04-10 09:42:54, contaminated
trace_3.2_fail, E5BE1FF8-ED83-B084-CB34-D945CE6645C7, firefox, 2018-04-10 09:42:54, contaminated
trace_3.2_fail, E9947B88-C06D-66E9-BB0F-9CC8B23D933E, firefox, 2018-04-10 09:42:54, contaminated
trace_3.2_fail, 440B8E10-0123-9ACC-F1D8-E621ACA71DC2, firefox, 2018-04-10 09:42:54, contaminated
trace_3.2_fail, 878FF095-27B1-3CC6-E95E-FC1E4CD101CF, firefox, 2018-04-10 09:42:54, contaminated
trace_3.2_fail, 4072CCDD-E228-01A3-62CE-C9EDBBD6BD46, firefox, 2018-04-10 09:42:54, contaminated
trace_3.2_fail, 2A708506-7DE4-66B5-0FAD-3E1CC7A8CCE9, firefox, 2018-04-10 09:42:54, contaminated
trace_3.2_fail, 9D154FC7-B28F-6A37-3939-A4DACF2A37CC, firefox, 2018-04-10 09:42:54, contaminated
trace_3.2_fail, E0A44A0A-2958-368F-4F0A-74F4C9801975, firefox, 2018-04-10 09:42:54, contaminated
trace_3.2_fail, E2DD9864-53A7-F04A-1F17-3B413FD97592, firefox, 2018-04-10 09:42:54, contaminated
trace_3.2_fail, 6D3C1B2B-3481-5601-C315-B51742BA9B56, firefox, 2018-04-10 09:42:54, contaminated
trace_3.2_fail, 9C608397-C4AD-676C-A933-C91AEF8BF89F, firefox, 2018-04-10 09:42:54, contaminated
trace_3.2_fail, 0B9F542D-52A6-741C-4599-CFF85C5181F7, firefox, 2018-04-10 09:42:54, contaminated
trace_3.2_fail, 4D528BA2-239E-7C8E-7CDE-254A9B466B10, firefox, 2018-04-10 09:42:54, contaminated
trace_3.2_fail, 25CD524A-E757-3E32-24B6-F978DE97BC7C, firefox, 2018-04-10 09:42:54, contaminated
trace_3.2_fail, 89FE200F-B7F7-BB58-DFCC-34818127DD07, firefox, 2018-04-10 09:42:54, contaminated
trace_3.2_fail, 4117D4AF-9D3D-959A-0862-1E6E67BDDC30, firefox, 2018-04-10 09:42:55, contaminated
trace_3.2_fail, 5204EA20-4A9E-3DEF-5B2C-7FAC182BBBE1, firefox, 2018-04-10 09:42:55, contaminated
trace_3.2_fail, 426616FE-B14A-8637-5ED7-3661FCCBEA10, firefox, 2018-04-10 09:42:55, contaminated
trace_3.2_fail, 330529D5-A9EA-68D8-84DE-F5A4A73AAC03, firefox, 2018-04-10 09:42:55, contaminated
trace_3.2_fail, 0429D3BD-0C0D-3F84-A280-42DA24397DAC, firefox, 2018-04-10 09:42:55, contaminated
trace_3.2_fail, 0FDD1762-60A8-431A-F9C2-58B99914E06C, firefox, 2018-04-10 09:42:55, contaminated
trace_3.2_fail, EB3D8853-F832-1860-A9C9-FB6CF37F9270, firefox, 2018-04-10 09:42:55, contaminated
trace_3.2_fail, 5E7FB130-791D-2D0F-A850-7196C817A3C9, firefox, 2018-04-10 09:42:55, contaminated
trace_3.2_fail, AD7F5600-E2ED-1FBC-DAB7-1916F58C7973, firefox, 2018-04-10 09:42:55, contaminated
trace_3.2_fail, 1A75764F-BBCF-63CF-8BA6-B093F9E0EC0D, firefox, 2018-04-10 09:42:55, contaminated
trace_3.2_fail, 263EF9B8-2905-7A83-9594-520A0F8C486B, firefox, 2018-04-10 09:42:55, contaminated
trace_3.2_fail, 3A7A67B4-F3B9-F8A7-4918-71EE6F38DDCB, firefox, 2018-04-10 09:42:55, contaminated
trace_3.2_fail, A93E81B5-CC83-E105-FFBB-9FC1BF316A4D, firefox, 2018-04-10 09:42:55, contaminated
trace_3.2_fail, AF9ACC31-F4FA-9225-6E42-82417CA75CC2, firefox, 2018-04-10 09:42:55, contaminated
trace_3.2_fail, 6949A366-FEEF-0405-0075-4E2B47250A8E, firefox, 2018-04-10 09:42:55, contaminated
trace_3.2_fail, 9F650E74-5DA9-149C-EF8B-D616676C1925, firefox, 2018-04-10 09:42:55, contaminated
trace_3.2_fail, CFA247E8-EBB2-18AB-CD6A-8CDE1362AC20, firefox, 2018-04-10 09:42:55, contaminated
trace_3.2_fail, DB65F58A-EE58-ACEC-0E68-537EA809E667, firefox, 2018-04-10 09:42:55, contaminated
trace_3.2_fail, 1242DC2F-B9CA-4776-DD22-299E7B81BE64, firefox, 2018-04-10 09:42:55, contaminated
trace_3.2_fail, C829C784-52A0-2ED7-5A63-2E933578803F, firefox, 2018-04-10 09:42:55, contaminated
trace_3.2_fail, DD03373B-46DC-FBF2-7FE2-9F15FC5FB188, firefox, 2018-04-10 09:42:55, contaminated
trace_3.2_fail, 43E0C6AD-B486-1B13-F8E8-DA06BC3E99D3, firefox, 2018-04-10 09:42:55, contaminated
trace_3.2_fail, A1F471D3-005E-FC5A-AC70-618A9E11FA15, firefox, 2018-04-10 09:42:55, contaminated
trace_3.2_fail, 2411F012-5BC0-4D12-F1C4-8EB9530CF2CF, firefox, 2018-04-10 09:42:55, contaminated
trace_3.2_fail, B1592A3B-2EAD-E176-1215-124EA9F0CBE2, firefox, 2018-04-10 09:42:55, contaminated
trace_3.2_fail, 8F065986-7572-BF2A-1496-40A958321DB9, firefox, 2018-04-10 09:42:55, contaminated
trace_3.2_fail, 2456C271-9958-0D9D-2554-82F835ED65C5, firefox, 2018-04-10 09:42:55, contaminated
trace_3.2_fail, C508EFE0-EE93-3B6B-D154-512F68D643CF, firefox, 2018-04-10 09:42:55, contaminated
trace_3.2_fail, 522CF0C3-4ADE-391D-A58A-EDD2E5573F08, firefox, 2018-04-10 09:42:55, contaminated
trace_3.2_fail, 1136BB0C-EBB2-2EA0-3532-61F4C11B705D, firefox, 2018-04-10 09:42:55, contaminated
trace_3.2_fail, 20840524-E8AE-FBFC-F148-D5B377F0A26E, firefox, 2018-04-10 09:42:55, contaminated
trace_3.2_fail, A5971B79-36DD-28A0-0ECC-3CB0B93F47CC, firefox, 2018-04-10 09:42:55, contaminated
trace_3.2_fail, 06309252-6C1C-A252-3A5C-08E2620B2A2D, firefox, 2018-04-10 09:42:55, contaminated
trace_3.2_fail, 0316FAE2-5198-1E1A-F92E-C6B7419B192F, firefox, 2018-04-10 09:42:55, contaminated
trace_3.2_fail, E92A52DE-0DAA-9D36-F11E-6BEC818BDCE4, firefox, 2018-04-10 09:42:55, contaminated
trace_3.2_fail, BA47D725-E576-C0F0-2B46-65FAF5214D43, firefox, 2018-04-10 09:42:55, contaminated
trace_3.2_fail, 325B326E-64D4-FA55-BC12-2904D6AEF9B3, firefox, 2018-04-10 09:42:55, contaminated
trace_3.2_fail, AF4493DF-A0D5-EC82-29F9-4DB5F0768B45, firefox, 2018-04-10 09:42:55, contaminated
trace_3.2_fail, 98CDBE7E-9F55-1707-5449-1FFA83AAFE15, firefox, 2018-04-10 09:42:55, contaminated
trace_3.2_fail, 9C0DF5F7-81F3-E307-362B-5F7758BB8072, firefox, 2018-04-10 09:42:55, contaminated
trace_3.2_fail, 8BCA46CA-5C03-5B74-5E2B-F4B4123F0496, firefox, 2018-04-10 09:42:55, contaminated
trace_3.2_fail, 4B467ABD-128D-192A-CC40-B90653CE91C9, firefox, 2018-04-10 09:42:55, contaminated
trace_3.2_fail, 5BD47BE8-4661-9A48-D28B-E70BDF76729F, firefox, 2018-04-10 09:42:56, contaminated
trace_3.2_fail, CFC465B9-298F-1CCE-230A-7E7BB2EC8736, firefox, 2018-04-10 09:42:56, contaminated
trace_3.2_fail, 380E0DDE-225F-700E-9567-3DE13336A89E, firefox, 2018-04-10 09:42:56, contaminated
trace_3.2_fail, ED4DA4E7-8817-D8F3-C29F-6D9B311455AA, firefox, 2018-04-10 09:42:56, contaminated
trace_3.2_fail, A1EBA294-194C-EB27-2E39-FEE405D16516, firefox, 2018-04-10 09:42:57, contaminated
trace_3.2_fail, 81A70785-D4E7-56AD-E1BD-3B185C60F397, firefox, 2018-04-10 09:42:59, contaminated
trace_3.2_fail, E3CA38D5-7CA1-1968-A718-00D781F5DAD2, firefox, 2018-04-10 09:42:59, contaminated
trace_3.2_fail, 35FA18B2-F95D-106F-FF8A-6AD9968A9B9D, firefox, 2018-04-10 09:42:59, contaminated
trace_3.2_fail, C8039FF0-FFFA-3807-BDF5-5258DB3BFA6E, firefox, 2018-04-10 09:42:59, contaminated
trace_3.2_fail, 338C1AE0-58A2-E90B-3EB5-5BB5A887350A, firefox, 2018-04-10 09:42:59, contaminated
trace_3.2_fail, 1AF8F5EB-F375-3528-ADBC-FA5C0229455C, firefox, 2018-04-10 09:42:59, contaminated
trace_3.2_fail, 75483CA5-7644-923F-6FA2-70D2883765D2, firefox, 2018-04-10 09:42:59, contaminated
trace_3.2_fail, F43CA289-0978-3E2B-F384-750929429566, firefox, 2018-04-10 09:42:59, contaminated
trace_3.2_fail, 82E3A244-A467-0615-8BEF-2DE938D36A81, firefox, 2018-04-10 09:42:59, contaminated
trace_3.2_fail, 23C2E1AF-5EAF-EA64-F6C9-F72C00438485, firefox, 2018-04-10 09:42:59, contaminated
trace_3.2_fail, 14C15314-4AC5-73C4-CF3D-CBBAB807CD82, firefox, 2018-04-10 09:42:59, contaminated
trace_3.2_fail, 74624982-901F-2116-E209-11F03D86868F, firefox, 2018-04-10 09:42:59, contaminated
trace_3.2_fail, 4083651F-9AE3-0F7A-7709-E2CE6901FD13, firefox, 2018-04-10 09:42:59, contaminated
trace_3.2_fail, 92F902D6-7CD0-D293-552C-9A73B13AE69B, firefox, 2018-04-10 09:42:59, contaminated
trace_3.2_fail, D8CBE535-9EE7-2210-0FBF-0CAC9EFA2070, firefox, 2018-04-10 09:42:59, contaminated
trace_3.2_fail, FBE3F314-5C1B-17F3-77E4-75721746DF15, firefox, 2018-04-10 09:42:59, contaminated
trace_3.2_fail, 157256C6-95DE-1D87-381C-BE5C82B286F3, firefox, 2018-04-10 09:42:59, contaminated
trace_3.2_fail, 52167888-114E-E496-A59D-67EF3ECDD782, firefox, 2018-04-10 09:42:59, contaminated
trace_3.2_fail, 44DA88D3-472D-10EF-16A4-FFB9487BF23B, firefox, 2018-04-10 09:42:59, contaminated
trace_3.2_fail, B3F0AB4B-C24B-2D7E-37AF-2DC09715E45B, firefox, 2018-04-10 09:42:59, contaminated
trace_3.2_fail, 39C49632-A089-A242-A73B-FCF299BA20AA, firefox, 2018-04-10 09:43:00, contaminated
trace_3.2_fail, B5C3F2B1-7EA5-ADC6-232F-97B405A1D0CE, firefox, 2018-04-10 09:43:00, contaminated
trace_3.2_fail, 0D5DCEE4-3ED6-2D27-BF12-130ECFFEC805, firefox, 2018-04-10 09:43:00, contaminated
trace_3.2_fail, E89A14BF-E6B5-10B0-B414-FAD17ECE6E5A, firefox, 2018-04-10 09:43:00, contaminated
trace_3.2_fail, B04B90A1-64EC-1A2C-76E2-DDE5AAC81446, firefox, 2018-04-10 09:43:00, contaminated
trace_3.2_fail, 7781DF4E-67E1-5366-FB19-2DACD02C4C33, firefox, 2018-04-10 09:43:00, contaminated
trace_3.2_fail, 9D71402F-9A43-34D5-AF7D-DDEBB8625220, firefox, 2018-04-10 09:43:00, contaminated
trace_3.2_fail, D4F260D9-DD74-729C-AC3A-7428C0E9081E, firefox, 2018-04-10 09:43:00, contaminated
trace_3.2_fail, CDF3385B-5A7F-F1EC-6C2F-AEA87FCCD0F6, firefox, 2018-04-10 09:43:00, contaminated
trace_3.2_fail, 789ECC0B-6792-C118-677C-97E84C6F2B31, firefox, 2018-04-10 09:43:00, contaminated
trace_3.2_fail, A30478A1-C7EB-99BE-8C20-6316D51526E8, firefox, 2018-04-10 09:43:00, contaminated
trace_3.2_fail, D0C02388-7D1E-7A62-AC0B-C7C337423D87, firefox, 2018-04-10 09:43:00, contaminated
trace_3.2_fail, 3BD6491F-35E8-09C2-A162-B03824210A5C, firefox, 2018-04-10 09:43:00, contaminated
trace_3.2_fail, FF61E8FE-D721-F970-A505-5693D344CF5A, firefox, 2018-04-10 09:43:00, contaminated
trace_3.2_fail, 64DD6196-E578-7367-C6DB-E1DEC8F93BE4, firefox, 2018-04-10 09:43:00, contaminated
trace_3.2_fail, 1D000FD9-F370-B2A7-C295-05B556FA3696, firefox, 2018-04-10 09:43:00, contaminated
trace_3.2_fail, 7BFB2C2C-AE22-F19F-84DF-E9F97A6ADAF9, firefox, 2018-04-10 09:43:00, contaminated
trace_3.2_fail, 838235B9-DF9A-1C1F-39C6-B58335078C84, firefox, 2018-04-10 09:43:00, contaminated
trace_3.2_fail, BD2D31DD-C420-C546-97F2-C3DA823D861C, firefox, 2018-04-10 09:43:00, contaminated
trace_3.2_fail, 17212272-F306-B9B0-1CE2-B0924E3F5A36, firefox, 2018-04-10 09:43:00, contaminated
trace_3.2_fail, ABEF8ADB-F075-9620-F3D8-D620867B2360, firefox, 2018-04-10 09:43:00, contaminated
trace_3.2_fail, 5300EF90-8430-1B31-8EA6-B4AAD95D602F, firefox, 2018-04-10 09:43:00, contaminated
trace_3.2_fail, A2A0AF25-A1D4-A78F-03CA-C267C3781965, firefox, 2018-04-10 09:43:00, contaminated
trace_3.2_fail, A108F489-A37F-21FD-F818-A9948EFDBD6F, firefox, 2018-04-10 09:43:00, contaminated
trace_3.2_fail, 263A2BA0-1100-A973-69E7-1A764C3E82B7, firefox, 2018-04-10 09:43:00, contaminated
trace_3.2_fail, 5D801924-21F5-1DD1-2C7D-4110AA323282, firefox, 2018-04-10 09:43:00, contaminated
trace_3.2_fail, 41BB35C4-8C89-B075-B459-98B7E7163037, firefox, 2018-04-10 09:43:00, contaminated
trace_3.2_fail, 5C058A6F-A51D-38BD-8BB0-73149E12EB9B, firefox, 2018-04-10 09:43:00, contaminated
trace_3.2_fail, 0F9E9517-4E41-00DC-75B9-FD2204436DF0, firefox, 2018-04-10 09:43:00, contaminated
trace_3.2_fail, 65872A17-3796-2BD1-AD4A-06B52D1F10B4, firefox, 2018-04-10 09:43:00, contaminated
trace_3.2_fail, D3865AD2-58D9-E03F-4334-4111715AF2BD, firefox, 2018-04-10 09:43:00, contaminated
trace_3.2_fail, A5B69EE9-9693-CF98-1165-7B5F8EB1372F, firefox, 2018-04-10 09:43:00, contaminated
trace_3.2_fail, 170C40DF-C30E-C98A-F747-879DE4BE626B, firefox, 2018-04-10 09:43:00, contaminated
trace_3.2_fail, 96B5B757-0BDB-3FC0-3FBB-679B4CD01ED9, firefox, 2018-04-10 09:43:00, contaminated
trace_3.2_fail, 081D126B-4449-5331-1759-DF9E9BA1F808, firefox, 2018-04-10 09:43:00, contaminated
trace_3.2_fail, 148C3A98-66F7-24FE-F581-FE209615E0A2, firefox, 2018-04-10 09:43:00, contaminated
trace_3.2_fail, 53859D7F-F067-4E6B-85D9-3C75F718ADCA, firefox, 2018-04-10 09:43:00, contaminated
trace_3.2_fail, E3D80BED-8860-890E-EE82-13346B96837C, firefox, 2018-04-10 09:43:00, contaminated
trace_3.2_fail, 037AD702-4117-8802-06F0-23F5156C8F31, firefox, 2018-04-10 09:43:00, contaminated
trace_3.2_fail, 9BB058C5-9542-F8D8-E76D-D1243E410CB3, firefox, 2018-04-10 09:43:00, contaminated
trace_3.2_fail, 4415609A-B2A4-D7F3-8C62-E66D643BBE34, firefox, 2018-04-10 09:43:01, contaminated
trace_3.2_fail, 4141D8FA-8AB7-A677-A242-310955BBBF98, firefox, 2018-04-10 09:43:01, contaminated
trace_3.2_fail, 9D91D515-1363-A7D1-0089-79C96A2534D9, firefox, 2018-04-10 09:43:01, contaminated
trace_3.2_fail, 017442F1-0CFF-78A4-09DC-26800A2F5B25, firefox, 2018-04-10 09:43:01, contaminated
trace_3.2_fail, 597AFB8E-5366-1044-8507-F50E67B218C9, firefox, 2018-04-10 09:43:01, contaminated
trace_3.2_fail, BC17D90D-3E4B-9CC0-AD27-D6AD925B77E3, firefox, 2018-04-10 09:43:03, contaminated
trace_3.2_fail, B8EEDAAB-8F93-3EA0-2E4D-27B69C61F799, firefox, 2018-04-10 09:43:04, contaminated
trace_3.2_fail, AE0244D5-D2A6-BB3A-4511-E8843DBD54D5, firefox, 2018-04-10 09:43:04, contaminated
trace_3.2_fail, 646E32EB-E11A-B06A-DB6C-D969B4D014E4, firefox, 2018-04-10 09:43:04, contaminated
trace_3.2_fail, 832D1767-9789-BAF6-A893-7355A275602C, firefox, 2018-04-10 09:43:04, contaminated
trace_3.2_fail, 90C49DBF-FBD5-9B0C-A09F-E301DBA12FBF, firefox, 2018-04-10 09:43:04, contaminated
trace_3.2_fail, 2357CF9D-8073-2C5C-71FB-D816B1C70443, firefox, 2018-04-10 09:43:04, contaminated
trace_3.2_fail, 071C5A0E-3587-76C5-5E14-E3BB9F7C57ED, firefox, 2018-04-10 09:43:04, contaminated
trace_3.2_fail, 5FA1598B-D389-F139-05B7-9EC9DC00E311, firefox, 2018-04-10 09:43:04, contaminated
trace_3.2_fail, 16CA9305-C482-8F9A-6A06-7390A75E808C, firefox, 2018-04-10 09:43:04, contaminated
trace_3.2_fail, ECA4F7EC-E8BC-48C6-7398-4CB9A527BAE9, firefox, 2018-04-10 09:43:04, contaminated
trace_3.2_fail, A314A15B-1349-91E7-25FC-9DD9127F18AD, firefox, 2018-04-10 09:43:04, contaminated
trace_3.2_fail, 21616267-ED00-B2B3-A2E7-E9EB83C9D84B, firefox, 2018-04-10 09:43:04, contaminated
trace_3.2_fail, FD47351C-3CC9-282E-B405-4F5791000D59, firefox, 2018-04-10 09:43:04, contaminated
trace_3.2_fail, A46477F6-DC2F-EB6C-5BED-9E75CACE3540, firefox, 2018-04-10 09:43:04, contaminated
trace_3.2_fail, 28036119-889E-F27C-3B40-ABF80D67C9AC, firefox, 2018-04-10 09:43:04, contaminated
trace_3.2_fail, B8CAF2CC-9099-BA92-3F3B-549F9E6E2465, firefox, 2018-04-10 09:43:04, contaminated
trace_3.2_fail, D54E872F-005F-A158-DFB0-31A66F373945, firefox, 2018-04-10 09:43:04, contaminated
trace_3.2_fail, 8AB445C3-A2D0-7F5F-9D9C-16E26F5E81C4, firefox, 2018-04-10 09:43:04, contaminated
trace_3.2_fail, 2A50C0CB-F024-9284-CF55-059780584901, firefox, 2018-04-10 09:43:05, contaminated
trace_3.2_fail, BDAB4DAF-2EF8-A80B-C138-C605271FFB97, firefox, 2018-04-10 09:43:05, contaminated
trace_3.2_fail, F32EDAEB-5A02-B3E8-8DD5-C0B5BCB6306B, firefox, 2018-04-10 09:43:05, contaminated
trace_3.2_fail, 53E3C2EA-0099-029D-130E-239C48F3124F, firefox, 2018-04-10 09:43:05, contaminated
trace_3.2_fail, C4976273-7DF5-6B91-519D-5CE3B5AC1FA3, firefox, 2018-04-10 09:43:05, contaminated
trace_3.2_fail, A747FB67-926A-6692-DD3F-EF518BAA9499, firefox, 2018-04-10 09:43:05, contaminated
trace_3.2_fail, A8ABB377-954A-1370-B59F-BFE2CBCFBD7E, firefox, 2018-04-10 09:43:05, contaminated
trace_3.2_fail, 047FA5DE-B4A0-1CE8-2C55-16283FC7EEC2, firefox, 2018-04-10 09:43:05, contaminated
trace_3.2_fail, 33CD6CF5-2ACA-15A9-4DF7-6113B6F598D6, firefox, 2018-04-10 09:43:05, contaminated
trace_3.2_fail, 87D11C5A-1494-8FBD-308D-9690368A3F8F, firefox, 2018-04-10 09:43:05, contaminated
trace_3.2_fail, 65E302E9-F0C4-6ABF-B3CC-18470DACAC2A, firefox, 2018-04-10 09:43:05, contaminated
trace_3.2_fail, D4F18FB4-1775-7EE2-CB0F-55CD312C70E1, firefox, 2018-04-10 09:43:05, contaminated
trace_3.2_fail, 3CFF16F4-4101-E8F0-3932-03029642DD9B, firefox, 2018-04-10 09:43:05, contaminated
trace_3.2_fail, 14F79D82-4D3B-8D13-96DB-6C91EC9E9963, firefox, 2018-04-10 09:43:05, contaminated
trace_3.2_fail, 3C83F7F2-DA47-066C-A0AF-2B64B1C4F27E, firefox, 2018-04-10 09:43:05, contaminated
trace_3.2_fail, 9DE50D0E-1AD7-44FF-CD47-95D09AD1249A, firefox, 2018-04-10 09:43:05, contaminated
trace_3.2_fail, FE774EAC-2768-C401-45AE-A5091179DD01, firefox, 2018-04-10 09:43:05, contaminated
trace_3.2_fail, 0AC95963-ACAB-0B66-87DF-8D6E120C3AF4, firefox, 2018-04-10 09:43:05, contaminated
trace_3.2_fail, 28825016-E61C-AE79-02E2-554A3812ADAE, firefox, 2018-04-10 09:43:05, contaminated
trace_3.2_fail, 0D9F601B-D9A1-4831-86FA-14399B040E58, firefox, 2018-04-10 09:43:05, contaminated
trace_3.2_fail, B8790BCF-D771-9BE6-DA58-9D2A16277BEE, firefox, 2018-04-10 09:43:05, contaminated
trace_3.2_fail, 6F867CC6-2E7E-247E-F3E9-3A657EA68B46, firefox, 2018-04-10 09:43:05, contaminated
trace_3.2_fail, 60979F64-B7FA-1F06-6B35-1578808E9E4D, firefox, 2018-04-10 09:43:05, contaminated
trace_3.2_fail, 475F7941-4FA4-8C7D-1D8B-75A26BF2E33E, firefox, 2018-04-10 09:43:05, contaminated
trace_3.2_fail, ACBDBCCA-42C0-43BD-672A-45A4D1B7DCDF, firefox, 2018-04-10 09:43:05, contaminated
trace_3.2_fail, 466807F4-ACF1-3B53-7EE7-74FDC254BBC5, firefox, 2018-04-10 09:43:05, contaminated
trace_3.2_fail, 453011D7-C3E7-169E-6477-2669A4EC04FE, firefox, 2018-04-10 09:43:05, contaminated
trace_3.2_fail, 21AED562-2EAF-CF4E-042F-F09E2376D094, firefox, 2018-04-10 09:43:05, contaminated
trace_3.2_fail, 55D8C76C-E0B9-5BCC-0DE5-7C18F37E1985, firefox, 2018-04-10 09:43:05, contaminated
trace_3.2_fail, 84B43182-B297-F4EE-5055-7E9723C8B46F, firefox, 2018-04-10 09:43:05, contaminated
trace_3.2_fail, C03938B2-150B-C35E-A9A7-18FC1FE37F39, firefox, 2018-04-10 09:43:05, contaminated
trace_3.2_fail, 438280BD-E7F6-E0DB-CA15-2C88AB243AA8, firefox, 2018-04-10 09:43:05, contaminated
trace_3.2_fail, 0C2A02E4-9E50-94C8-27C5-8F936CC52CA9, firefox, 2018-04-10 09:43:05, contaminated
trace_3.2_fail, 8A52B5C6-9258-DCCB-800F-E8E61A90C5C4, firefox, 2018-04-10 09:43:05, contaminated
trace_3.2_fail, 67C907E1-192C-0BD0-B7B0-D70A70F78741, firefox, 2018-04-10 09:43:05, contaminated
trace_3.2_fail, 8F34E2A7-DE50-C8AB-7C20-F7B2013D29FB, firefox, 2018-04-10 09:43:05, contaminated
trace_3.2_fail, 16D40E32-348F-8F5B-1D5B-15CCE1D66A37, firefox, 2018-04-10 09:43:05, contaminated
trace_3.2_fail, 9CF4891D-12A0-F401-24B0-DCD59A83C52B, firefox, 2018-04-10 09:43:05, contaminated
trace_3.2_fail, 7438B7F1-6F67-4470-0F81-5C353DBE0F19, firefox, 2018-04-10 09:43:05, contaminated
trace_3.2_fail, 9FDFA639-F129-463D-B664-0DC97A5F807F, firefox, 2018-04-10 09:43:05, contaminated
trace_3.2_fail, 61D32C28-5CC2-6CF9-8B7C-24BD440B2A32, firefox, 2018-04-10 09:43:05, contaminated
trace_3.2_fail, 07DE1ABA-CD35-4846-1C74-E9F189DAB758, firefox, 2018-04-10 09:43:05, contaminated
trace_3.2_fail, 49E4472C-14B7-9C26-3F49-50F56641C27E, firefox, 2018-04-10 09:43:05, contaminated
trace_3.2_fail, B3ED01F9-990F-2019-55FC-581F8F9813B6, firefox, 2018-04-10 09:43:05, contaminated
trace_3.2_fail, 29813421-BD8B-19E1-8235-14E2DE3896F1, firefox, 2018-04-10 09:43:05, contaminated
trace_3.2_fail, 232E51B0-C1B8-0268-C8D9-B510B831FC90, firefox, 2018-04-10 09:43:05, contaminated
trace_3.2_fail, 81C9EEE6-2198-37D7-1CDE-3F768BAFFC35, firefox, 2018-04-10 09:43:05, contaminated
trace_3.2_fail, 6D01BDBB-4519-B780-CA6A-ADDF24383045, firefox, 2018-04-10 09:43:05, contaminated
trace_3.2_fail, 53F04270-35DA-396A-3D57-EFD19ACFF1B0, firefox, 2018-04-10 09:43:05, contaminated
trace_3.2_fail, BD60C6EA-51C4-B2C3-F00C-355882E7B1D3, firefox, 2018-04-10 09:43:05, contaminated
trace_3.2_fail, D9EFC259-73CD-2E30-FEA6-602E0CBC7593, firefox, 2018-04-10 09:43:05, contaminated
trace_3.2_fail, E82030AA-04A1-FE67-D7D7-14E34620A8BC, firefox, 2018-04-10 09:43:05, contaminated
trace_3.2_fail, A36DC25E-46CF-EDC4-38AF-3B1E17940CE2, firefox, 2018-04-10 09:43:06, contaminated
trace_3.2_fail, BE7C0074-D024-9AFE-905F-DC14616BB23A, firefox, 2018-04-10 09:43:06, contaminated
trace_3.2_fail, B2CD087C-662E-E854-3EEA-07BC85CAA305, firefox, 2018-04-10 09:43:06, contaminated
trace_3.2_fail, FD88BCAA-3601-D569-6EB8-9831C1B7B7F0, firefox, 2018-04-10 09:43:06, contaminated
trace_3.2_fail, B6AA4710-2EED-52DE-39CB-028DC09E2D12, firefox, 2018-04-10 09:43:06, contaminated
trace_3.2_fail, 9AD0C059-89C7-4C4E-1D45-71401E86D1E6, firefox, 2018-04-10 09:43:06, contaminated
trace_3.2_fail, 2E117B85-E85C-8A25-A30B-85716DCE387A, firefox, 2018-04-10 09:43:06, contaminated
trace_3.2_fail, 966DC928-FB93-5D2A-8056-54339A0F4457, firefox, 2018-04-10 09:43:06, contaminated
trace_3.2_fail, 10A8D591-613F-6284-E0C7-A8E6CDC56694, firefox, 2018-04-10 09:43:06, contaminated
trace_3.2_fail, 8E9F00B4-8E84-48A6-0307-D8F91D32CCE5, firefox, 2018-04-10 09:43:07, contaminated
trace_3.2_fail, 783947C8-B910-5D2D-E3E8-0B62741F67B0, firefox, 2018-04-10 09:43:07, contaminated
trace_3.2_fail, 6039099A-3E25-8895-FE6D-B0CCE77AB711, firefox, 2018-04-10 09:43:07, contaminated
trace_3.2_fail, 21EE2E20-777B-AC62-E34C-432C16638DFC, firefox, 2018-04-10 09:43:07, contaminated
trace_3.2_fail, 0CD625B1-204E-156A-EC24-AAC1490F69C4, firefox, 2018-04-10 09:43:07, contaminated
trace_3.2_fail, C6EC17F7-E378-7333-0308-CB20A6ED984C, firefox, 2018-04-10 09:43:08, contaminated
trace_3.2_fail, 0BA0EFD6-32F6-5929-82AF-0378A24A2A8D, firefox, 2018-04-10 09:43:08, contaminated
trace_3.2_fail, 4BCBD928-C8EB-9A86-089C-C345B0E3FCD2, firefox, 2018-04-10 09:43:08, contaminated
trace_3.2_fail, C1CE8BE8-FC13-5C98-DEB6-74CD22DBDA5B, firefox, 2018-04-10 09:43:08, contaminated
trace_3.2_fail, 5AD760AA-92C7-4E6F-8F11-253D58F0DBC7, firefox, 2018-04-10 09:43:09, contaminated
trace_3.2_fail, 77BB5849-3B1B-9345-83A9-B1FCA8F953EA, firefox, 2018-04-10 09:43:09, contaminated
trace_3.2_fail, 7D97D96F-CE09-5FFA-BE9F-FB70159F381B, firefox, 2018-04-10 09:43:09, contaminated
trace_3.2_fail, C6560F9D-95A2-0A7E-5A1E-68F32B1868E1, firefox, 2018-04-10 09:43:09, contaminated
trace_3.2_fail, EC817C57-B748-3C1C-A617-AF1A42D2DFE3, firefox, 2018-04-10 09:43:09, contaminated
trace_3.2_fail, 73B6C193-4F42-BBE7-B592-8FFA9FEA62CD, firefox, 2018-04-10 09:43:09, contaminated
trace_3.2_fail, 047D56A6-ED92-BE97-5A05-411FCB073488, firefox, 2018-04-10 09:43:09, contaminated
trace_3.2_fail, 12215807-9939-C94B-4FA1-7B0CB9CA7C59, firefox, 2018-04-10 09:43:09, contaminated
trace_3.2_fail, 1E93BABF-99A2-5514-9054-019FA8D8AD51, firefox, 2018-04-10 09:43:09, contaminated
trace_3.2_fail, E4BBE018-8D27-BB4E-6A37-DBF227DE2A3A, firefox, 2018-04-10 09:43:09, contaminated
trace_3.2_fail, C49B32BB-B7D9-8822-64A0-1E61388C9DA6, firefox, 2018-04-10 09:43:09, contaminated
trace_3.2_fail, 5B5BF9C2-3582-97D4-9B71-2715EB64F37C, firefox, 2018-04-10 09:43:09, contaminated
trace_3.2_fail, 4375D95B-BA9F-55AC-23BF-A58AA37265BF, firefox, 2018-04-10 09:43:09, contaminated
trace_3.2_fail, E2C2FFC9-34D0-D65A-A4C0-FCD3828AD48E, firefox, 2018-04-10 09:43:09, contaminated
trace_3.2_fail, 23C003C0-C284-76C7-E56C-0E39630B7152, firefox, 2018-04-10 09:43:09, contaminated
trace_3.2_fail, A847F986-EE2E-C406-0F10-C2B9D61D949F, firefox, 2018-04-10 09:43:09, contaminated
trace_3.2_fail, BADB856B-09CC-5BDB-3AD1-5F5F00B1ECF2, firefox, 2018-04-10 09:43:09, contaminated
trace_3.2_fail, 85944A75-33FC-23F2-077C-F7BA86F5FA85, firefox, 2018-04-10 09:43:09, contaminated
trace_3.2_fail, 3D79DDEA-76E3-2552-CA63-A5A45F24F6EF, firefox, 2018-04-10 09:43:09, contaminated
trace_3.2_fail, B4FDFA72-3BA6-7DF0-0D2B-87D393156928, firefox, 2018-04-10 09:43:09, contaminated
trace_3.2_fail, 05C295B4-BDB6-690F-2B25-4856DFD693DD, firefox, 2018-04-10 09:43:09, contaminated
trace_3.2_fail, 3831F14D-299F-8480-2EA5-FF3198FE9086, firefox, 2018-04-10 09:43:09, contaminated
trace_3.2_fail, BFC9503E-708F-9F86-79D7-8378F6A7153E, firefox, 2018-04-10 09:43:10, contaminated
trace_3.2_fail, 586DEFFD-5E72-9B8D-EB62-B9B67CA55ED5, firefox, 2018-04-10 09:43:10, contaminated
trace_3.2_fail, 36DA8657-0E5E-34DC-C613-5483C0EE6283, firefox, 2018-04-10 09:43:10, contaminated
trace_3.2_fail, 45A2B2DE-3048-3B20-0A76-BD5B67DADEE7, firefox, 2018-04-10 09:43:10, contaminated
trace_3.2_fail, 032E29E9-D854-F98F-E63A-71AF46311B8F, firefox, 2018-04-10 09:43:10, contaminated
trace_3.2_fail, AE3A1432-170A-B554-5A1E-8E27A6B28978, firefox, 2018-04-10 09:43:10, contaminated
trace_3.2_fail, FB6A703A-520B-DC53-1FE7-7809782AB1C9, firefox, 2018-04-10 09:43:10, contaminated
trace_3.2_fail, 49C416D7-DABB-B491-2B9C-CB8C6CA0659D, firefox, 2018-04-10 09:43:10, contaminated
trace_3.2_fail, E46F520A-2D34-C55F-C432-82987EE447E8, firefox, 2018-04-10 09:43:10, contaminated
trace_3.2_fail, B94FA216-9E02-89BE-58C0-91734FD92B82, firefox, 2018-04-10 09:43:10, contaminated
trace_3.2_fail, C363A777-CC89-1842-0717-06CC54CF955B, firefox, 2018-04-10 09:43:10, contaminated
trace_3.2_fail, B21274AF-5F1D-C519-DC18-FBE8A0525EFE, firefox, 2018-04-10 09:43:10, contaminated
trace_3.2_fail, E9FC22A9-6CD6-7EE9-EC8C-DEB82F2C16D7, firefox, 2018-04-10 09:43:10, contaminated
trace_3.2_fail, AFFD3F20-FEA1-D4A8-FB46-29802730C5E2, firefox, 2018-04-10 09:43:10, contaminated
trace_3.2_fail, F04A2AC9-1EF1-7930-C31C-4EB9426A57DF, firefox, 2018-04-10 09:43:10, contaminated
trace_3.2_fail, 31E424F7-93D7-E443-03F8-17B9302F0F22, firefox, 2018-04-10 09:43:10, contaminated
trace_3.2_fail, 597970D6-37F5-12D1-D8EF-D3D513E78DE4, firefox, 2018-04-10 09:43:10, contaminated
trace_3.2_fail, FF297442-CBA4-084D-FAB4-54FB2739E0A7, firefox, 2018-04-10 09:43:10, contaminated
trace_3.2_fail, D420C037-1BD6-44AD-FDC5-C362AE928D9F, firefox, 2018-04-10 09:43:10, contaminated
trace_3.2_fail, B1D22BC5-1D14-862A-AC11-D6D6ABD32C06, firefox, 2018-04-10 09:43:10, contaminated
trace_3.2_fail, 4D3BC428-07EE-437A-C871-385F487A0018, firefox, 2018-04-10 09:43:10, contaminated
trace_3.2_fail, 9ADAED5D-0875-74F6-B7ED-713E791ADC33, firefox, 2018-04-10 09:43:10, contaminated
trace_3.2_fail, 2D65548C-7002-6C5A-D041-9CF84217A0B7, firefox, 2018-04-10 09:43:10, contaminated
trace_3.2_fail, 845AB3C8-0D44-1208-0176-69678BB0A2A2, firefox, 2018-04-10 09:43:10, contaminated
trace_3.2_fail, 35D8F9F6-F8E2-A29A-A1C0-F1073934A245, firefox, 2018-04-10 09:43:10, contaminated
trace_3.2_fail, AA5F2823-8D28-898E-E740-866627CB2BC3, firefox, 2018-04-10 09:43:10, contaminated
trace_3.2_fail, E04D18FD-FF66-D2F7-D54E-60019C4E8ABC, firefox, 2018-04-10 09:43:10, contaminated
trace_3.2_fail, 0A750FB3-0FB6-81EA-98A3-4C72F64C148C, firefox, 2018-04-10 09:43:10, contaminated
trace_3.2_fail, 7BF16632-BE28-3B9E-A739-019BE820295D, firefox, 2018-04-10 09:43:10, contaminated
trace_3.2_fail, 170456FC-AFD4-1A4A-6007-F78487C89E15, firefox, 2018-04-10 09:43:10, contaminated
trace_3.2_fail, 98BBAB0D-EA12-1BF0-C5DE-5E0A449B543A, firefox, 2018-04-10 09:43:10, contaminated
trace_3.2_fail, 5962A3C8-94A6-C6FD-EB87-550E3DDB9BE2, firefox, 2018-04-10 09:43:10, contaminated
trace_3.2_fail, D6C4B33B-DB65-8B74-A30F-402CF3EEE9C4, firefox, 2018-04-10 09:43:10, contaminated
trace_3.2_fail, FF68F6CA-A324-7FC2-885F-C7FBC95C555F, firefox, 2018-04-10 09:43:10, contaminated
trace_3.2_fail, 1B7FE324-FF82-346C-C21D-521168F2827D, firefox, 2018-04-10 09:43:10, contaminated
trace_3.2_fail, 6668ECD0-F30E-B038-3F59-01BCA6C02951, firefox, 2018-04-10 09:43:10, contaminated
trace_3.2_fail, E0BAAA88-B20A-3757-C149-B4759356160D, firefox, 2018-04-10 09:43:10, contaminated
trace_3.2_fail, F29188DF-0789-F9B1-1A72-40269F434950, firefox, 2018-04-10 09:43:10, contaminated
trace_3.2_fail, B33B4FE6-3A87-E899-248A-0D28FE4DEB10, firefox, 2018-04-10 09:43:10, contaminated
trace_3.2_fail, 599D9AD1-BAA2-A8D5-3591-BB9BEA4BC872, firefox, 2018-04-10 09:43:10, contaminated
trace_3.2_fail, 972D2AD0-D0A0-684B-1410-97C33252EC95, firefox, 2018-04-10 09:43:10, contaminated
trace_3.2_fail, 3CDD59BA-109F-25D9-00C2-3B039A8FB7E1, firefox, 2018-04-10 09:43:10, contaminated
trace_3.2_fail, 7CF2A9A0-C80F-E76F-F062-17DB587D480B, firefox, 2018-04-10 09:43:10, contaminated
trace_3.2_fail, 29B2F612-9CB8-C08A-48FD-DFEBAD4420CF, firefox, 2018-04-10 09:43:11, contaminated
trace_3.2_fail, 9A094B16-4A6B-9C2F-2012-852B2A9F1A51, firefox, 2018-04-10 09:43:11, contaminated
trace_3.2_fail, 8D878744-3A60-32FD-92BA-AB8695B00ACE, firefox, 2018-04-10 09:43:11, contaminated
trace_3.2_fail, 23C7CF3D-D524-A9C4-05EF-775ECDB50099, firefox, 2018-04-10 09:43:11, contaminated
trace_3.2_fail, 900314AE-BA72-7B5B-5FDF-796D0B5CA51C, firefox, 2018-04-10 09:43:11, contaminated
trace_3.2_fail, 73F00949-BAD2-65BE-C287-FD4128BCDF70, firefox, 2018-04-10 09:43:11, contaminated
trace_3.2_fail, 7DBB6BB8-131A-C086-3E03-367E18613EED, firefox, 2018-04-10 09:43:11, contaminated
trace_3.2_fail, 8A5C818C-44FB-67EB-A288-BB0B15F4D05E, firefox, 2018-04-10 09:43:11, contaminated
trace_3.2_fail, CDDF9859-C090-DCB3-75FE-53F298407482, firefox, 2018-04-10 09:43:11, contaminated
trace_3.2_fail, 191B18BE-2FD8-323A-B4BE-D787A1CD67B8, firefox, 2018-04-10 09:43:11, contaminated
trace_3.2_fail, 0F61E219-4E12-862E-D789-593A9E5666D7, firefox, 2018-04-10 09:43:13, contaminated
trace_3.2_fail, 6C19C38E-C95B-8E02-804A-AC6F670A0FF4, firefox, 2018-04-10 09:43:14, contaminated
trace_3.2_fail, 210C5E5F-6156-0C5F-A20F-CEE0947350A5, firefox, 2018-04-10 09:43:14, contaminated
trace_3.2_fail, 1617200C-1383-CFF3-3DFD-D82C93E15862, firefox, 2018-04-10 09:43:14, contaminated
trace_3.2_fail, B72AD8FB-1000-C79D-9184-B44AF1A8DA66, firefox, 2018-04-10 09:43:14, contaminated
trace_3.2_fail, DD24DF4B-1764-BB60-365F-FDA203DD6E61, firefox, 2018-04-10 09:43:14, contaminated
trace_3.2_fail, 13426D6D-71FA-5504-B93A-8C28905E4637, firefox, 2018-04-10 09:43:14, contaminated
trace_3.2_fail, D21A5A43-5FDF-E186-431D-4BDF27A8EBBC, firefox, 2018-04-10 09:43:14, contaminated
trace_3.2_fail, E852DDEA-F831-4298-6AD4-D6E44F64B56B, firefox, 2018-04-10 09:43:14, contaminated
trace_3.2_fail, 243F11CF-BA8A-ED27-4C2E-22BE9236D27F, firefox, 2018-04-10 09:43:14, contaminated
trace_3.2_fail, 80234F0B-917A-69ED-5DD4-3722D3E3C694, firefox, 2018-04-10 09:43:14, contaminated
trace_3.2_fail, 511FC3E7-DB6F-42A6-8A44-B9466F72AF00, firefox, 2018-04-10 09:43:14, contaminated
trace_3.2_fail, 7450AE2B-7E97-3A12-D243-4321B162B36A, firefox, 2018-04-10 09:43:14, contaminated
trace_3.2_fail, 915EFC45-535A-AD8A-6631-EBD3FFCCCDF5, firefox, 2018-04-10 09:43:14, contaminated
trace_3.2_fail, 0768B60E-BF0E-ACF5-92D0-CE2444997B85, firefox, 2018-04-10 09:43:14, contaminated
trace_3.2_fail, 1E753EE5-D95D-B9AF-9D0F-BC130AEAB222, firefox, 2018-04-10 09:43:14, contaminated
trace_3.2_fail, DD78BAFE-6C52-F2E3-BB65-99C685063ABF, firefox, 2018-04-10 09:43:14, contaminated
trace_3.2_fail, 3C297099-1E40-6D3D-A17A-4B229652E2BD, firefox, 2018-04-10 09:43:14, contaminated
trace_3.2_fail, 55CD019A-8460-5569-EB70-A9E43C8C22CC, firefox, 2018-04-10 09:43:15, contaminated
trace_3.2_fail, DA05E758-D56E-8783-0C42-91B071F1AFEA, firefox, 2018-04-10 09:43:15, contaminated
trace_3.2_fail, 9AD2E390-1DDC-593A-00EC-3296B4D19967, firefox, 2018-04-10 09:43:15, contaminated
trace_3.2_fail, 14D86259-672B-3907-49CB-ACA69A2B1957, firefox, 2018-04-10 09:43:15, contaminated
trace_3.2_fail, F6BEF9D2-CE11-AA75-7F54-C792BE3D73FA, firefox, 2018-04-10 09:43:15, contaminated
trace_3.2_fail, 07D71D61-19AD-1A22-2FEF-809FC70F26EF, firefox, 2018-04-10 09:43:15, contaminated
trace_3.2_fail, A778727C-BB73-716B-63FF-B658A0D60211, firefox, 2018-04-10 09:43:15, contaminated
trace_3.2_fail, A5ECDBAC-6144-A668-BE71-C5D1411330BC, firefox, 2018-04-10 09:43:15, contaminated
trace_3.2_fail, 2F315E45-7B7B-F0A6-BA2F-C71C26866537, firefox, 2018-04-10 09:43:15, contaminated
trace_3.2_fail, 70A45D7E-EEB3-4EB0-B208-6F54E8143D33, firefox, 2018-04-10 09:43:15, contaminated
trace_3.2_fail, D4ECAB70-D250-AD29-651C-249272759500, firefox, 2018-04-10 09:43:15, contaminated
trace_3.2_fail, 89D63448-42A7-C55E-7159-307334625EF3, firefox, 2018-04-10 09:43:15, contaminated
trace_3.2_fail, 96F8BD88-3DD0-6E99-AB4C-D140B72D8500, firefox, 2018-04-10 09:43:15, contaminated
trace_3.2_fail, 9BB93ADD-10E2-4BCE-0B58-54845605BCE8, firefox, 2018-04-10 09:43:15, contaminated
trace_3.2_fail, DF588C75-2F1A-A9DC-F761-4F6D7F650465, firefox, 2018-04-10 09:43:15, contaminated
trace_3.2_fail, 021701B4-AB71-BBC8-26CF-9EB79DCFB2B0, firefox, 2018-04-10 09:43:15, contaminated
trace_3.2_fail, 10518C61-D447-C739-A6C7-5E7BE3768A06, firefox, 2018-04-10 09:43:15, contaminated
trace_3.2_fail, 66150F2B-01B9-76AE-E401-20F738875167, firefox, 2018-04-10 09:43:15, contaminated
trace_3.2_fail, ED939227-108F-19FB-75E7-4A8ED463B864, firefox, 2018-04-10 09:43:15, contaminated
trace_3.2_fail, 9734C4EA-1BBD-E84B-5CEF-338284E89D0E, firefox, 2018-04-10 09:43:15, contaminated
trace_3.2_fail, 733C0A33-5377-4A7C-7825-A05467F6F8EA, firefox, 2018-04-10 09:43:15, contaminated
trace_3.2_fail, DEA502F0-364C-C2CD-F341-EA0F03507F99, firefox, 2018-04-10 09:43:15, contaminated
trace_3.2_fail, B076B467-7022-3DEF-EB2B-2C788066BDA9, firefox, 2018-04-10 09:43:15, contaminated
trace_3.2_fail, 3EBBDA8C-1109-2233-AB30-137DAAC9EB55, firefox, 2018-04-10 09:43:15, contaminated
trace_3.2_fail, E8CF6281-9CD1-EB1F-1B4E-2448A2DDB113, firefox, 2018-04-10 09:43:15, contaminated
trace_3.2_fail, 3C177EE2-6A9B-0889-1979-40E5F97C9C41, firefox, 2018-04-10 09:43:15, contaminated
trace_3.2_fail, 07595B55-89BC-CF77-5F9D-9B62A45596C3, firefox, 2018-04-10 09:43:15, contaminated
trace_3.2_fail, 45316E4F-D1E6-D310-2A1A-53144D2598DC, firefox, 2018-04-10 09:43:15, contaminated
trace_3.2_fail, 5E6E491C-118D-90AA-9288-1B2C140FAA18, firefox, 2018-04-10 09:43:15, contaminated
trace_3.2_fail, A5E8420F-A43D-60E2-EE29-FF5DF0FF90F3, firefox, 2018-04-10 09:43:15, contaminated
trace_3.2_fail, 2BE0D3CC-B698-B29E-C979-3A62E5963F68, firefox, 2018-04-10 09:43:15, contaminated
trace_3.2_fail, EC6280DC-CFBA-D375-E77E-A663428F1840, firefox, 2018-04-10 09:43:15, contaminated
trace_3.2_fail, C1013167-C571-38D4-2318-EB896F038436, firefox, 2018-04-10 09:43:15, contaminated
trace_3.2_fail, 78108A1E-D1FE-B85C-A7E0-853175CAFCCA, firefox, 2018-04-10 09:43:15, contaminated
trace_3.2_fail, 7C1CA230-28B0-351D-7B39-C5E01B5443F5, firefox, 2018-04-10 09:43:15, contaminated
trace_3.2_fail, 03745953-C00A-2C7C-6B4C-FCE3F80173AA, firefox, 2018-04-10 09:43:15, contaminated
trace_3.2_fail, 35BFA0A9-446A-470B-EEAB-7CA8F761DF6D, firefox, 2018-04-10 09:43:15, contaminated
trace_3.2_fail, CD8C5CB6-AA6D-152F-1228-50DBAC9244D9, firefox, 2018-04-10 09:43:15, contaminated
trace_3.2_fail, C3DC548F-8E71-0C45-C72A-447B0A343DFE, firefox, 2018-04-10 09:43:15, contaminated
trace_3.2_fail, 83526BB3-A15E-3AFA-9FBE-D17825FDA889, firefox, 2018-04-10 09:43:15, contaminated
trace_3.2_fail, 9F1ED004-62E2-37FF-7410-1E71A262ECE8, firefox, 2018-04-10 09:43:15, contaminated
trace_3.2_fail, 76491317-20A1-9614-E9CE-E0BA78566877, firefox, 2018-04-10 09:43:16, contaminated
trace_3.2_fail, A7AFA058-A7F3-CC3E-770D-AE6205AE31C5, firefox, 2018-04-10 09:43:16, contaminated
trace_3.2_fail, ABC8E1A0-7D10-0672-576F-8EF5365286AB, firefox, 2018-04-10 09:43:16, contaminated
trace_3.2_fail, 41474E35-A486-F974-05F9-EB66980585A0, firefox, 2018-04-10 09:43:16, contaminated
trace_3.2_fail, 3CFF25B1-426C-CF65-A891-06E8A9B8A5BD, firefox, 2018-04-10 09:43:17, contaminated
trace_3.2_fail, 8A498150-52DE-A4B5-6BC6-0A81110FC9EE, firefox, 2018-04-10 09:43:17, contaminated
trace_3.2_fail, ACA8EBF7-EB31-C277-D485-75421FC1049E, firefox, 2018-04-10 09:43:19, contaminated
trace_3.2_fail, DC248A2A-611F-04E2-70CA-36EAE968A198, firefox, 2018-04-10 09:43:19, contaminated
trace_3.2_fail, 999818A7-B628-4ED1-D854-A13B540CC0D8, firefox, 2018-04-10 09:43:19, contaminated
trace_3.2_fail, 020BE8A7-1B24-462B-749B-EFC55B751918, firefox, 2018-04-10 09:43:19, contaminated
trace_3.2_fail, A33060E7-1337-4079-3532-EDA7B3B306B6, firefox, 2018-04-10 09:43:19, contaminated
trace_3.2_fail, 1105E471-D7F8-B9C1-0956-0F000DFB485E, firefox, 2018-04-10 09:43:19, contaminated
trace_3.2_fail, 20C282CD-AA84-1A5E-B2DA-BFF794D0AD57, firefox, 2018-04-10 09:43:19, contaminated
trace_3.2_fail, DF1D499F-9F28-0231-BF31-C3A67F259C0F, firefox, 2018-04-10 09:43:19, contaminated
trace_3.2_fail, 520D1E77-F14A-BA2D-F587-EBC2BE41D318, firefox, 2018-04-10 09:43:19, contaminated
trace_3.2_fail, 27BCD8E4-F35D-D8C4-9A79-3F24FA3F4EC7, firefox, 2018-04-10 09:43:19, contaminated
trace_3.2_fail, 0E5AC333-05EF-E14A-3B45-D6FC5A2ED7EF, firefox, 2018-04-10 09:43:19, contaminated
trace_3.2_fail, 3DA29F4C-8CC4-E2F3-A11F-49113D8EAF24, firefox, 2018-04-10 09:43:19, contaminated
trace_3.2_fail, B4BA3596-D527-8CC6-1D07-E1275D1907D7, firefox, 2018-04-10 09:43:19, contaminated
trace_3.2_fail, AFBB18FE-3F61-2667-5E30-96DE0C0ED0F3, firefox, 2018-04-10 09:43:19, contaminated
trace_3.2_fail, C607CC42-B4C3-981B-3EA0-1A2AAC6F054C, firefox, 2018-04-10 09:43:19, contaminated
trace_3.2_fail, 734D98BF-1095-63DE-C844-1EE53594F5FD, firefox, 2018-04-10 09:43:19, contaminated
trace_3.2_fail, 8F5584BE-40B2-B690-31C4-1D24BE6E0184, firefox, 2018-04-10 09:43:19, contaminated
trace_3.2_fail, BDAB2F35-CBF8-E813-7D4B-7ED58FDC21BC, firefox, 2018-04-10 09:43:19, contaminated
trace_3.2_fail, 634B3611-3FA5-CC19-7DF8-7E56B93D7494, firefox, 2018-04-10 09:43:20, contaminated
trace_3.2_fail, 94A2F6A4-4E27-5225-56AD-C2874A7E9F0B, firefox, 2018-04-10 09:43:20, contaminated
trace_3.2_fail, A70414CA-70FC-6E80-08BE-6F8B6F58A3BA, firefox, 2018-04-10 09:43:20, contaminated
trace_3.2_fail, CCE2966B-E296-137D-C3C7-5019CD8DA87B, firefox, 2018-04-10 09:43:20, contaminated
trace_3.2_fail, E2CA226A-9859-71DB-1A55-107004419DEF, firefox, 2018-04-10 09:43:20, contaminated
trace_3.2_fail, FCBA31A5-7431-22ED-2EFC-7151565F5E55, firefox, 2018-04-10 09:43:20, contaminated
trace_3.2_fail, 083B034D-E55D-5673-B895-00FDFC6BD02C, firefox, 2018-04-10 09:43:20, contaminated
trace_3.2_fail, 83A23360-A248-AB9A-C4B1-8D3FCE375C3F, firefox, 2018-04-10 09:43:20, contaminated
trace_3.2_fail, 952E035B-9986-1E26-A856-FF9B1F5B8B4B, firefox, 2018-04-10 09:43:20, contaminated
trace_3.2_fail, 5B40A8C5-D565-335E-673D-F9C30D21E2D4, firefox, 2018-04-10 09:43:20, contaminated
trace_3.2_fail, D2FBB6CE-702B-76BE-FFC6-ACE7B7AF23ED, firefox, 2018-04-10 09:43:20, contaminated
trace_3.2_fail, CE62E044-05C0-A06F-28B8-A69C51DC771D, firefox, 2018-04-10 09:43:20, contaminated
trace_3.2_fail, 842CD775-A9D5-04BB-1ACB-82675E6E3701, firefox, 2018-04-10 09:43:20, contaminated
trace_3.2_fail, F261DA8D-47BA-A56B-AA63-C1511C4486D2, firefox, 2018-04-10 09:43:20, contaminated
trace_3.2_fail, 1B4B9289-B622-7206-CF72-170FBC8FEBF4, firefox, 2018-04-10 09:43:20, contaminated
trace_3.2_fail, 0B3CF8CA-1669-8D74-D123-82ADA7914126, firefox, 2018-04-10 09:43:20, contaminated
trace_3.2_fail, 9A52A987-E0DB-1DCB-8DF3-B2AAB3B4D356, firefox, 2018-04-10 09:43:20, contaminated
trace_3.2_fail, 43489BA5-788E-A71A-6262-ACA0F8D5526D, firefox, 2018-04-10 09:43:20, contaminated
trace_3.2_fail, B85B379C-9097-0939-C5C3-2981F603B4DE, firefox, 2018-04-10 09:43:20, contaminated
trace_3.2_fail, 04496139-4101-5577-F9EE-E29D8B5FB5F2, firefox, 2018-04-10 09:43:20, contaminated
trace_3.2_fail, 99DE2629-4C4B-0058-0B51-98E316E4F95F, firefox, 2018-04-10 09:43:20, contaminated
trace_3.2_fail, AF5D7FEB-9B6F-EEE1-0EF7-FE4B136F4966, firefox, 2018-04-10 09:43:20, contaminated
trace_3.2_fail, 1C79F4B1-2B03-FCDF-7E6D-C02FEA5AEC92, firefox, 2018-04-10 09:43:20, contaminated
trace_3.2_fail, 0847F53B-3BD1-2C58-89CF-C7058BB6A316, firefox, 2018-04-10 09:43:20, contaminated
trace_3.2_fail, 46C76369-4F3A-886F-DE27-3885EC132C2E, firefox, 2018-04-10 09:43:20, contaminated
trace_3.2_fail, 45818D95-5390-FDE4-3A51-3F18E2AD0927, firefox, 2018-04-10 09:43:20, contaminated
trace_3.2_fail, 9839EECB-933E-1720-D158-D2C0EDA52146, firefox, 2018-04-10 09:43:20, contaminated
trace_3.2_fail, 0789E2CF-7BF9-1FFE-796C-C1AC5536217B, firefox, 2018-04-10 09:43:20, contaminated
trace_3.2_fail, A70EDD5B-3179-35C1-7E26-CF93BA5F04A9, firefox, 2018-04-10 09:43:20, contaminated
trace_3.2_fail, DBFC6689-9170-06F3-E72B-AF0D6B988F4D, firefox, 2018-04-10 09:43:20, contaminated
trace_3.2_fail, 380668EA-B593-E978-1E2C-BED36A367ADC, firefox, 2018-04-10 09:43:20, contaminated
trace_3.2_fail, B98505E8-C070-E83B-6C2E-E6E0ADCB5144, firefox, 2018-04-10 09:43:20, contaminated
trace_3.2_fail, 3D432BEB-8B44-E9E1-36A2-944649A8A636, firefox, 2018-04-10 09:43:20, contaminated
trace_3.2_fail, A23B7F72-C1F3-F062-3A15-ED43888B8400, firefox, 2018-04-10 09:43:20, contaminated
trace_3.2_fail, A6950897-03C5-D01B-C0A1-F867AAD7ED32, firefox, 2018-04-10 09:43:20, contaminated
trace_3.2_fail, 778FDF23-D410-B6BB-18BE-D15E2F9AA501, firefox, 2018-04-10 09:43:20, contaminated
trace_3.2_fail, 7BE1C712-4D4E-19A4-3660-B7C68DF9E9B6, firefox, 2018-04-10 09:43:20, contaminated
trace_3.2_fail, C6432E52-7BC2-2F23-CF3B-F02F4978484F, firefox, 2018-04-10 09:43:20, contaminated
trace_3.2_fail, 46B371B5-82C0-9AFE-66E9-1BB59BC7BD1E, firefox, 2018-04-10 09:43:20, contaminated
trace_3.2_fail, F4352BD7-B6BB-9DDB-1C14-CAFFDAD53690, firefox, 2018-04-10 09:43:21, contaminated
trace_3.2_fail, CA741B18-AAD0-4711-3491-BBCC45AE0504, firefox, 2018-04-10 09:43:21, contaminated
trace_3.2_fail, 58979BF9-A6C3-099D-534C-C87D593BDC9D, firefox, 2018-04-10 09:43:21, contaminated
trace_3.2_fail, FBFFD7B2-F9E8-3DA4-8FF2-6A06E2C69CF9, firefox, 2018-04-10 09:43:21, contaminated
trace_3.2_fail, B1243F9C-9371-F710-C41D-DD19E251A6CF, firefox, 2018-04-10 09:43:21, contaminated
trace_3.2_fail, 28DD3ECC-8022-A0DF-A9DF-A7ED4D9D1E52, firefox, 2018-04-10 09:43:21, contaminated
trace_3.2_fail, E8548823-DF67-08BA-5DB2-DFDF02D556C3, firefox, 2018-04-10 09:43:21, contaminated
trace_3.2_fail, C5EFEAB4-C5A0-A0C4-13B9-BF24659909F6, firefox, 2018-04-10 09:43:21, contaminated
trace_3.2_fail, 2247ABC6-C922-512F-774C-D95290E8029F, firefox, 2018-04-10 09:43:21, contaminated
trace_3.2_fail, FF2FE3C8-837D-8624-C65C-37F116B209B9, firefox, 2018-04-10 09:43:23, contaminated
trace_3.2_fail, 389B2B2D-2064-3057-641F-0DE4BBDCF7DC, firefox, 2018-04-10 09:43:24, contaminated
trace_3.2_fail, DE99CACB-769C-2F6C-D3A7-FCB0955C82AE, firefox, 2018-04-10 09:43:24, contaminated
trace_3.2_fail, CDD11D8B-3F97-0ADA-2989-DAA42432EF0D, firefox, 2018-04-10 09:43:24, contaminated
trace_3.2_fail, 20ACC4E2-772C-C7D2-3401-40E192776E1F, firefox, 2018-04-10 09:43:24, contaminated
trace_3.2_fail, 4CF0B78D-F26F-BA58-DBC7-3DB956624A91, firefox, 2018-04-10 09:43:24, contaminated
trace_3.2_fail, E1129366-3223-A899-C546-CE6BAF72ADA6, firefox, 2018-04-10 09:43:24, contaminated
trace_3.2_fail, F102A124-1BF8-1591-E00E-286D0C5FA57B, firefox, 2018-04-10 09:43:24, contaminated
trace_3.2_fail, 334C5521-B2D4-460A-A2DC-FE272D17CB06, firefox, 2018-04-10 09:43:24, contaminated
trace_3.2_fail, 8EA4F1F2-6B57-62FA-D8C7-02DC52728C41, firefox, 2018-04-10 09:43:24, contaminated
trace_3.2_fail, 95B7EE46-1B6A-6A74-0538-F5430C2C84A9, firefox, 2018-04-10 09:43:24, contaminated
trace_3.2_fail, 362415D4-D88E-F82B-04AE-6013B8AF7277, firefox, 2018-04-10 09:43:24, contaminated
trace_3.2_fail, A3F97923-B9A5-7C22-07FD-6AE94788A0ED, firefox, 2018-04-10 09:43:24, contaminated
trace_3.2_fail, 1CC092A9-D29C-0750-28EB-AD1C75035E1A, firefox, 2018-04-10 09:43:24, contaminated
trace_3.2_fail, DEF92FCA-5C42-9869-929C-9BF7F1A611E6, firefox, 2018-04-10 09:43:24, contaminated
trace_3.2_fail, 618E7421-1A51-5D64-0809-EABEB74B5C62, firefox, 2018-04-10 09:43:24, contaminated
trace_3.2_fail, 3AA2C875-3759-74D9-A797-52C79F7CBA94, firefox, 2018-04-10 09:43:24, contaminated
trace_3.2_fail, 1F948519-9C10-871A-C8AD-591EEEE557D0, firefox, 2018-04-10 09:43:24, contaminated
trace_3.2_fail, AE5CC0A5-5ECD-338A-2F41-04101E238653, firefox, 2018-04-10 09:43:24, contaminated
trace_3.2_fail, B0770940-449E-BBC2-4E4C-F8D8023892EC, firefox, 2018-04-10 09:43:25, contaminated
trace_3.2_fail, 422DE3E1-046A-CA2A-E521-00CB9058204D, firefox, 2018-04-10 09:43:25, contaminated
trace_3.2_fail, 1B0A9753-1B05-84A2-B21F-319E93ED6DDA, firefox, 2018-04-10 09:43:25, contaminated
trace_3.2_fail, 8758101F-24E5-B33E-EA56-5AE24D86E737, firefox, 2018-04-10 09:43:25, contaminated
trace_3.2_fail, A7E21ADA-ACB3-B2FF-4A94-CEC83392185C, firefox, 2018-04-10 09:43:25, contaminated
trace_3.2_fail, B13594CF-DA74-3AA9-F1A0-D78D7844673D, firefox, 2018-04-10 09:43:25, contaminated
trace_3.2_fail, 9C093288-AF12-F0D9-D2F2-EF63F1B0F2A9, firefox, 2018-04-10 09:43:25, contaminated
trace_3.2_fail, BBAC4D72-0B5F-2859-9488-1D21B6FF4E5F, firefox, 2018-04-10 09:43:25, contaminated
trace_3.2_fail, 2ECAF87E-0AEF-22F8-3D7E-6F97849D01A4, firefox, 2018-04-10 09:43:25, contaminated
trace_3.2_fail, 55E6B876-FAC3-699E-1916-E36C50F33971, firefox, 2018-04-10 09:43:25, contaminated
trace_3.2_fail, 9A0C794D-21C8-4C3C-85AA-44D6E37587E4, firefox, 2018-04-10 09:43:25, contaminated
trace_3.2_fail, 22F80997-28A3-D4A6-0D70-8C8E9B7670FB, firefox, 2018-04-10 09:43:25, contaminated
trace_3.2_fail, 6B8538D6-6C60-A9A0-38B1-12701F4C3D99, firefox, 2018-04-10 09:43:25, contaminated
trace_3.2_fail, 5A68D3AF-B336-15FF-482A-40B90C996F5B, firefox, 2018-04-10 09:43:25, contaminated
trace_3.2_fail, 3B7E1F04-AB55-4CEE-0F1E-3E6D68E771CA, firefox, 2018-04-10 09:43:25, contaminated
trace_3.2_fail, 2D886C7D-45F3-4AFF-BB83-079BB6AB905E, firefox, 2018-04-10 09:43:25, contaminated
trace_3.2_fail, 8AF18370-9D37-75E4-0D18-E26BC67DF978, firefox, 2018-04-10 09:43:25, contaminated
trace_3.2_fail, 7346E5C9-C977-E04C-9E50-CB4FB5D318A7, firefox, 2018-04-10 09:43:25, contaminated
trace_3.2_fail, 2DC93FEF-F34C-AE17-55ED-A1F8F9D822D2, firefox, 2018-04-10 09:43:25, contaminated
trace_3.2_fail, DB7773C7-8CD2-F00C-C569-2B3D6E2D135A, firefox, 2018-04-10 09:43:25, contaminated
trace_3.2_fail, 1A270A1D-A7F3-2853-F2E2-40F9F995DFE1, firefox, 2018-04-10 09:43:25, contaminated
trace_3.2_fail, 3CCAF0B9-706B-34E5-8E15-9B0972031B48, firefox, 2018-04-10 09:43:25, contaminated
trace_3.2_fail, F8DF3973-7C44-F706-7D44-2A61C7738311, firefox, 2018-04-10 09:43:25, contaminated
trace_3.2_fail, 8EE6E2EC-39B0-FE48-C39A-6934D5982238, firefox, 2018-04-10 09:43:25, contaminated
trace_3.2_fail, 2A2F5C46-E0B8-9F7C-5523-F1D9200ED2AA, firefox, 2018-04-10 09:43:25, contaminated
trace_3.2_fail, E39A3D6B-2460-171C-592F-D175941E4729, firefox, 2018-04-10 09:43:25, contaminated
trace_3.2_fail, 81A4DC32-6211-53A5-FE17-C7A824740E5E, firefox, 2018-04-10 09:43:25, contaminated
trace_3.2_fail, C005DB11-1FDF-C911-B84E-B4A0EE2100DD, firefox, 2018-04-10 09:43:25, contaminated
trace_3.2_fail, 32B871BA-D3E7-2968-EDD4-83B97F9BC66C, firefox, 2018-04-10 09:43:25, contaminated
trace_3.2_fail, 2F78BBB6-6756-90BE-FF52-4F19E979BD1A, firefox, 2018-04-10 09:43:25, contaminated
trace_3.2_fail, F7462559-6C6E-4FC0-3DA8-801447B87E02, firefox, 2018-04-10 09:43:25, contaminated
trace_3.2_fail, A0C036E6-DE89-8928-0105-E153ED2AAE52, firefox, 2018-04-10 09:43:25, contaminated
trace_3.2_fail, 08FEA7AE-2B64-8656-5093-2AEA0AB644A6, firefox, 2018-04-10 09:43:25, contaminated
trace_3.2_fail, 4205D330-5E48-20A0-FFBD-FB63C9242A55, firefox, 2018-04-10 09:43:25, contaminated
trace_3.2_fail, 78AFF2CE-1519-E627-882D-8E4CDA8435E4, firefox, 2018-04-10 09:43:25, contaminated
trace_3.2_fail, D3D0B107-03C9-480A-A840-20F31FD1B1FE, firefox, 2018-04-10 09:43:25, contaminated
trace_3.2_fail, C6C3CF9B-FC77-737A-DD9D-6DA61089CF21, firefox, 2018-04-10 09:43:25, contaminated
trace_3.2_fail, 7315F563-61CA-AD27-90C2-CD9980E8A137, firefox, 2018-04-10 09:43:25, contaminated
trace_3.2_fail, 497C98D2-FD8F-56AB-C3A8-0250A6D48BBD, firefox, 2018-04-10 09:43:25, contaminated
trace_3.2_fail, 22E642D1-DD22-781D-6A96-ED3BE2D09DA6, firefox, 2018-04-10 09:43:25, contaminated
trace_3.2_fail, DB20F477-025B-A440-B94F-1E977FDB2277, firefox, 2018-04-10 09:43:26, contaminated
trace_3.2_fail, 5F4956F0-8410-B8AB-D529-278E056F2894, firefox, 2018-04-10 09:43:26, contaminated
trace_3.2_fail, B52AF323-B9CD-6BCF-3141-EB840E9F381C, firefox, 2018-04-10 09:43:26, contaminated
trace_3.2_fail, 93A4F020-54AD-5520-D2D7-EBD0F2242C84, firefox, 2018-04-10 09:43:26, contaminated
trace_3.2_fail, 2A22458D-3066-8FC0-94DD-6F921966F671, firefox, 2018-04-10 09:43:26, contaminated
trace_3.2_fail, 019D35B3-6118-4F21-BE79-FFA9ACD72335, firefox, 2018-04-10 09:43:26, contaminated
trace_3.2_fail, C7AB6B21-9406-33E5-48BD-B043E8361540, firefox, 2018-04-10 09:43:26, contaminated
trace_3.2_fail, 94329E68-F1F8-020C-00B0-5FE141F72B90, firefox, 2018-04-10 09:43:26, contaminated
trace_3.2_fail, 8A331142-E3BE-65F2-E34C-EC64114597C5, firefox, 2018-04-10 09:43:27, contaminated
trace_3.2_fail, F5DCD140-0BF7-F8A1-5477-1340D623F924, firefox, 2018-04-10 09:43:29, contaminated
trace_3.2_fail, 321478F1-D442-EED9-430C-72ACEFFE28CB, firefox, 2018-04-10 09:43:29, contaminated
trace_3.2_fail, A87155F6-04BA-6A31-3C9C-34C488DFA7B8, firefox, 2018-04-10 09:43:29, contaminated
trace_3.2_fail, 526C6F9A-EFB9-9D20-8E20-1991CD37A436, firefox, 2018-04-10 09:43:29, contaminated
trace_3.2_fail, 2117423F-8394-992E-F83B-8F38F337FB06, firefox, 2018-04-10 09:43:29, contaminated
trace_3.2_fail, 04C076C0-2762-9F03-8B06-B4A6B4E899C4, firefox, 2018-04-10 09:43:29, contaminated
trace_3.2_fail, 34ABE462-E8D5-4224-D1E1-740EA9A77027, firefox, 2018-04-10 09:43:29, contaminated
trace_3.2_fail, A407A9F4-E465-28E4-B371-2C932228287B, firefox, 2018-04-10 09:43:29, contaminated
trace_3.2_fail, 1D01D77C-1366-7CCF-F316-5F71F16EC00A, firefox, 2018-04-10 09:43:29, contaminated
trace_3.2_fail, 138DBC76-E2EF-D9B5-9C85-FF8BD3A3A1A6, firefox, 2018-04-10 09:43:29, contaminated
trace_3.2_fail, FC10F974-C600-7BF8-E96A-2C2978C5CE79, firefox, 2018-04-10 09:43:29, contaminated
trace_3.2_fail, 81957A57-0F9C-FEB9-BBEC-1F54AA7528D4, firefox, 2018-04-10 09:43:29, contaminated
trace_3.2_fail, 2C257284-B5B5-6BD6-B612-08F7CF300515, firefox, 2018-04-10 09:43:29, contaminated
trace_3.2_fail, 13F0BA2D-6C4E-FFE5-42E2-64E84361AD19, firefox, 2018-04-10 09:43:29, contaminated
trace_3.2_fail, A02ED242-7881-F7BB-29DC-A5E75A12F418, firefox, 2018-04-10 09:43:29, contaminated
trace_3.2_fail, 67312C4C-8213-D2D1-973B-25C8F6BFE6EC, firefox, 2018-04-10 09:43:29, contaminated
trace_3.2_fail, D33103B6-2E7D-9B31-8AF0-E71320286411, firefox, 2018-04-10 09:43:29, contaminated
trace_3.2_fail, 8DF98DF1-19C8-D591-46C6-5FE6DFAFF639, firefox, 2018-04-10 09:43:29, contaminated
trace_3.2_fail, 1B6E0B9B-2409-A344-C820-3433323BD143, firefox, 2018-04-10 09:43:29, contaminated
trace_3.2_fail, FFE9DF8F-9CD2-498C-0CA8-E6C4EFCAA9FF, firefox, 2018-04-10 09:43:29, contaminated
trace_3.2_fail, 8700E5E1-7893-9C87-8B84-9DF95A6D5930, firefox, 2018-04-10 09:43:29, contaminated
trace_3.2_fail, B0A22188-BD7A-AE07-9DF5-7E2C55583E3D, firefox, 2018-04-10 09:43:29, contaminated
trace_3.2_fail, F914CF9F-B3E4-A884-9B17-8D2E16FE7BCE, firefox, 2018-04-10 09:43:30, contaminated
trace_3.2_fail, 429D1183-BEA8-28DA-1584-A6323B7B3644, firefox, 2018-04-10 09:43:30, contaminated
trace_3.2_fail, 42BF2900-3168-67CA-3D6B-80FB2E2608EC, firefox, 2018-04-10 09:43:30, contaminated
trace_3.2_fail, 71BD4AD2-5D6D-4CD7-06B3-2C9C0052195D, firefox, 2018-04-10 09:43:30, contaminated
trace_3.2_fail, 11324C1D-66F8-8AAD-4AD9-CD47F7106D05, firefox, 2018-04-10 09:43:30, contaminated
trace_3.2_fail, D5D5DB24-557E-2C77-9388-75D57E279AA5, firefox, 2018-04-10 09:43:30, contaminated
trace_3.2_fail, 918A78AB-ED0A-A9DB-1478-497DA20768D6, firefox, 2018-04-10 09:43:30, contaminated
trace_3.2_fail, 819C27CF-9846-ECDE-1AA3-EE73C0E70D6E, firefox, 2018-04-10 09:43:30, contaminated
trace_3.2_fail, 353D103F-5E86-02CD-EC75-C72FFC8433E5, firefox, 2018-04-10 09:43:30, contaminated
trace_3.2_fail, A22AFED5-4EC8-F87C-0F7F-F605168C6559, firefox, 2018-04-10 09:43:30, contaminated
trace_3.2_fail, 54EEFCC1-7C2A-145A-B3A9-7B01532829F6, firefox, 2018-04-10 09:43:30, contaminated
trace_3.2_fail, 0DFA22E8-9E48-E049-17AB-A557CF5B23D8, firefox, 2018-04-10 09:43:30, contaminated
trace_3.2_fail, 4A66B447-1CB1-49E5-00C1-2A1F2F85E2AD, firefox, 2018-04-10 09:43:30, contaminated
trace_3.2_fail, C756A8C5-B6D3-07A7-8FB1-4078191F4DA0, firefox, 2018-04-10 09:43:30, contaminated
trace_3.2_fail, 35BF9D2D-9341-699D-C33A-C8AD9D568CFA, firefox, 2018-04-10 09:43:30, contaminated
trace_3.2_fail, 8AB1929C-A75B-C648-5DFE-5A79500C3C35, firefox, 2018-04-10 09:43:30, contaminated
trace_3.2_fail, 3A083AE2-D67C-D28E-EE45-18D6BF146D69, firefox, 2018-04-10 09:43:30, contaminated
trace_3.2_fail, FFC9683D-CE28-367F-7896-C6D14A4AD96A, firefox, 2018-04-10 09:43:30, contaminated
trace_3.2_fail, 296323E9-883A-4721-CF33-64655ED8E14C, firefox, 2018-04-10 09:43:30, contaminated
trace_3.2_fail, 3AFBE41F-699C-9FBA-E6E2-B2720E839E99, firefox, 2018-04-10 09:43:30, contaminated
trace_3.2_fail, FEC6F612-5FEA-0017-4F1D-3AF9F56B9415, firefox, 2018-04-10 09:43:30, contaminated
trace_3.2_fail, 2879D254-E139-0581-44D3-510DA4ED7B1B, firefox, 2018-04-10 09:43:30, contaminated
trace_3.2_fail, 55230F9C-8C52-CC1D-B6FD-321A73DF14FD, firefox, 2018-04-10 09:43:30, contaminated
trace_3.2_fail, 29BD3379-D333-2C67-921C-105A41BC6001, firefox, 2018-04-10 09:43:30, contaminated
trace_3.2_fail, 91BD35FC-623C-6672-BE1B-01FBBB558351, firefox, 2018-04-10 09:43:30, contaminated
trace_3.2_fail, 47415CF2-EFBF-7A0E-9939-B1EE5C8BADD4, firefox, 2018-04-10 09:43:30, contaminated
trace_3.2_fail, 8EF39195-73A0-38BB-6200-91FA7D11E6A1, firefox, 2018-04-10 09:43:30, contaminated
trace_3.2_fail, 7316531E-0800-B3D6-D9EC-9D2593A92CC0, firefox, 2018-04-10 09:43:30, contaminated
trace_3.2_fail, C6820349-D4AE-B3AF-5F7A-3CABF2251814, firefox, 2018-04-10 09:43:30, contaminated
trace_3.2_fail, 3E53EBEF-3064-BA56-0CDB-A106A09F2029, firefox, 2018-04-10 09:43:30, contaminated
trace_3.2_fail, 1FC13B5A-E3E3-1441-09BB-0CBC14B0CF35, firefox, 2018-04-10 09:43:30, contaminated
trace_3.2_fail, 50B5FA06-6805-8FFC-9207-0DBC62EF78D8, firefox, 2018-04-10 09:43:30, contaminated
trace_3.2_fail, 40496F72-7A0A-81A8-55F1-EB91E4757429, firefox, 2018-04-10 09:43:30, contaminated
trace_3.2_fail, E83CA88F-849A-4F51-1BA4-9EAEC0298AF2, firefox, 2018-04-10 09:43:30, contaminated
trace_3.2_fail, D3152F04-C797-3434-2E9D-B7123752DA3E, firefox, 2018-04-10 09:43:30, contaminated
trace_3.2_fail, 5A024EFC-6132-D587-BFF8-C6D54553FEE9, firefox, 2018-04-10 09:43:30, contaminated
trace_3.2_fail, 4AA12DCC-5B3F-1851-9E8E-C446D78D3641, firefox, 2018-04-10 09:43:30, contaminated
trace_3.2_fail, CC0980A3-C012-B73B-3265-026510539449, firefox, 2018-04-10 09:43:30, contaminated
trace_3.2_fail, 23A9DC7F-E0E8-FAAD-7C90-1DB82B31FFF2, firefox, 2018-04-10 09:43:30, contaminated
trace_3.2_fail, ABE3FA5C-1C76-068F-1753-894696B65DB6, firefox, 2018-04-10 09:43:31, contaminated
trace_3.2_fail, 6EC421DB-90FF-FEAB-C12C-DCF27B849D19, firefox, 2018-04-10 09:43:31, contaminated
trace_3.2_fail, 4BEBF8D8-D49F-B1D6-76B2-01A2266F22E3, firefox, 2018-04-10 09:43:31, contaminated
trace_3.2_fail, C6753B43-92EA-FDDE-73D8-325E0D3AF9F4, firefox, 2018-04-10 09:43:31, contaminated
trace_3.2_fail, A349680B-7432-5CBB-D751-82CF8DEAF5B3, firefox, 2018-04-10 09:43:31, contaminated
trace_3.2_fail, 836EB707-106F-3BF8-779C-5E2DF154F24C, firefox, 2018-04-10 09:43:31, contaminated
trace_3.2_fail, 1EEF6584-6C66-0C0B-D2BD-22A6587AEE98, firefox, 2018-04-10 09:43:31, contaminated
trace_3.2_fail, AD73DC4B-59EA-F0A6-C5D3-6B4428F399AE, firefox, 2018-04-10 09:43:31, contaminated
trace_3.2_fail, FF8F847F-86E9-8DA5-C01B-3F6BC19125E9, firefox, 2018-04-10 09:43:31, contaminated
trace_3.2_fail, 914F11A4-71A4-A009-DB6B-65FA8777C9CB, firefox, 2018-04-10 09:43:31, contaminated
trace_3.2_fail, 6F6CB2E8-BA76-3086-5A60-056FDAAC4144, firefox, 2018-04-10 09:43:33, contaminated
trace_3.2_fail, 2EBE8FE3-BBFA-57C5-3F99-43DC634D6FD4, firefox, 2018-04-10 09:43:33, contaminated
trace_3.2_fail, E23970C9-F22D-482C-C24D-DB6BF57BFBDC, firefox, 2018-04-10 09:43:34, contaminated
trace_3.2_fail, ED075A74-8883-DD76-DE02-0F564F3C286C, firefox, 2018-04-10 09:43:34, contaminated
trace_3.2_fail, DCB23462-9360-E05B-B8F5-02A036FE2C21, firefox, 2018-04-10 09:43:34, contaminated
trace_3.2_fail, E1ECBFA2-41A9-AB9D-CBAB-DE45DD50FBA8, firefox, 2018-04-10 09:43:34, contaminated
trace_3.2_fail, 6F9EE754-8DA5-C13E-AA41-94108CF1B0FD, firefox, 2018-04-10 09:43:34, contaminated
trace_3.2_fail, F860BC4A-6588-8F63-6F6D-C732A775C2B9, firefox, 2018-04-10 09:43:34, contaminated
trace_3.2_fail, B6C1F5FA-A36D-08C1-8484-46185B3B391E, firefox, 2018-04-10 09:43:34, contaminated
trace_3.2_fail, B30DD84F-F411-DA3A-2699-CE863CCF308A, firefox, 2018-04-10 09:43:34, contaminated
trace_3.2_fail, 54FA79E7-A34B-F7E0-12E5-56A0EE6EFC8C, firefox, 2018-04-10 09:43:34, contaminated
trace_3.2_fail, 57B1A3BE-B420-6CC5-F9AC-47B1CD1CA834, firefox, 2018-04-10 09:43:34, contaminated
trace_3.2_fail, F587C977-4F0A-89AE-3B05-E08E58EEEF1F, firefox, 2018-04-10 09:43:34, contaminated
trace_3.2_fail, 74BC87ED-AB9D-DA8B-5064-448A7D267DD7, firefox, 2018-04-10 09:43:34, contaminated
trace_3.2_fail, 0236E762-3698-448A-731F-0E891CA5376E, firefox, 2018-04-10 09:43:34, contaminated
trace_3.2_fail, 9ECE6761-8A01-7998-F4DE-E2B8DE1DAE7A, firefox, 2018-04-10 09:43:34, contaminated
trace_3.2_fail, D7747703-49CA-BD61-3700-C4D4EC88C030, firefox, 2018-04-10 09:43:34, contaminated
trace_3.2_fail, 96988D11-AFC8-ADFC-6D0A-8B18BFAE898A, firefox, 2018-04-10 09:43:34, contaminated
trace_3.2_fail, 28D58C5C-7C70-C80A-222D-01F3A0DD5E55, firefox, 2018-04-10 09:43:34, contaminated
trace_3.2_fail, 05912C57-E477-DB0F-CE3A-A97A55A5A09C, firefox, 2018-04-10 09:43:34, contaminated
trace_3.2_fail, 9824792B-940B-847D-EA32-9A28AA3D0B86, firefox, 2018-04-10 09:43:34, contaminated
trace_3.2_fail, 43AF2B0A-7207-B9B2-A1EE-52FD3478FE73, firefox, 2018-04-10 09:43:34, contaminated
trace_3.2_fail, C6448E12-7DBE-EC73-DD43-1649BCD0E2E4, firefox, 2018-04-10 09:43:34, contaminated
trace_3.2_fail, 4937E709-F5BE-A0A2-11A8-0F80257D5E0E, firefox, 2018-04-10 09:43:34, contaminated
trace_3.2_fail, 80D93E6D-2808-8D74-8121-48A130F336C6, firefox, 2018-04-10 09:43:34, contaminated
trace_3.2_fail, 612C0C0E-E428-4D73-214A-6384B15F2383, firefox, 2018-04-10 09:43:34, contaminated
trace_3.2_fail, BAE0835B-976A-0E5F-7DFA-A4B9EBA18169, firefox, 2018-04-10 09:43:34, contaminated
trace_3.2_fail, 26BDE6DA-5DDE-DE3C-39B4-B5F41473180B, firefox, 2018-04-10 09:43:34, contaminated
trace_3.2_fail, 5FC87360-76F1-EA73-B5B1-47DE1F7C97FD, firefox, 2018-04-10 09:43:34, contaminated
trace_3.2_fail, 90DB4FA1-6570-DB8A-ED86-0ADA67833E28, firefox, 2018-04-10 09:43:35, contaminated
trace_3.2_fail, 157D6B2C-AC3E-6A06-F30A-CE0ED21488E7, firefox, 2018-04-10 09:43:35, contaminated
trace_3.2_fail, 3027D992-B245-36DA-8D9B-EBBD8EC8F51B, firefox, 2018-04-10 09:43:35, contaminated
trace_3.2_fail, B3C8BB92-F8B4-089C-80EC-B6FB746251A1, firefox, 2018-04-10 09:43:35, contaminated
trace_3.2_fail, 05E058A9-9ADF-9CEF-6B0B-5CF525B0CA68, firefox, 2018-04-10 09:43:35, contaminated
trace_3.2_fail, 0C1A9395-53BE-CC3A-1C72-1C08BCAA4193, firefox, 2018-04-10 09:43:35, contaminated
trace_3.2_fail, FB063363-B9CF-6448-3A77-EC2FC5B05CDF, firefox, 2018-04-10 09:43:35, contaminated
trace_3.2_fail, A84CBB24-9C49-6DC5-E775-79F0CB5630D2, firefox, 2018-04-10 09:43:35, contaminated
trace_3.2_fail, 2D81E1EE-DEB1-28F1-C598-9D5E7719C317, firefox, 2018-04-10 09:43:35, contaminated
trace_3.2_fail, 4828A0C3-52B2-93B0-D51C-C76362065D1C, firefox, 2018-04-10 09:43:35, contaminated
trace_3.2_fail, 6B2461A9-52C7-4C4B-5A9A-9ABCA558B218, firefox, 2018-04-10 09:43:35, contaminated
trace_3.2_fail, 9D9186F0-E927-F9CD-90EF-DF6861EFB8C4, firefox, 2018-04-10 09:43:35, contaminated
trace_3.2_fail, 771E2812-50BA-D5F6-BBB0-519A44EE3724, firefox, 2018-04-10 09:43:35, contaminated
trace_3.2_fail, E5BACED9-4BB2-9257-E440-A009CBED676C, firefox, 2018-04-10 09:43:35, contaminated
trace_3.2_fail, E7CA2359-32BB-F29E-7163-E822DFC72D61, firefox, 2018-04-10 09:43:35, contaminated
trace_3.2_fail, 67573B9E-3734-63B6-77CE-600D7BD3C027, firefox, 2018-04-10 09:43:35, contaminated
trace_3.2_fail, 82EC3D04-67FA-F277-F896-B0B5A497453B, firefox, 2018-04-10 09:43:35, contaminated
trace_3.2_fail, AC5A1F7B-0703-58B4-1844-6C50D61E67B5, firefox, 2018-04-10 09:43:35, contaminated
trace_3.2_fail, 9B23ED61-AC0C-3216-3038-22A1BF1220EF, firefox, 2018-04-10 09:43:35, contaminated
trace_3.2_fail, 037BB9D9-E761-DBDB-2466-DDB61A2C858B, firefox, 2018-04-10 09:43:35, contaminated
trace_3.2_fail, 79487788-B75E-EFC9-096C-D51CA4A224EF, firefox, 2018-04-10 09:43:35, contaminated
trace_3.2_fail, 0890A204-F595-C62F-4FE7-D363517BFDA8, firefox, 2018-04-10 09:43:35, contaminated
trace_3.2_fail, 890B37FA-5B78-291F-1730-52DA0F13CE53, firefox, 2018-04-10 09:43:35, contaminated
trace_3.2_fail, 1B330F8C-C704-013C-F36B-8A57079BE1C4, firefox, 2018-04-10 09:43:35, contaminated
trace_3.2_fail, 4A6BFB89-F127-AC6B-8FD0-7CC68385D1EA, firefox, 2018-04-10 09:43:35, contaminated
trace_3.2_fail, 3B57B171-786B-64BC-A53F-0D9B75A81652, firefox, 2018-04-10 09:43:35, contaminated
trace_3.2_fail, C27BE326-2EDC-0B90-11B5-4E104E66DE65, firefox, 2018-04-10 09:43:35, contaminated
trace_3.2_fail, F51BAE16-2B1F-1FCE-6865-1AB2E9E39E09, firefox, 2018-04-10 09:43:35, contaminated
trace_3.2_fail, 42E46BDB-0296-A9C0-211D-166FCF8196A2, firefox, 2018-04-10 09:43:35, contaminated
trace_3.2_fail, F76A2A80-A65E-2A90-540E-F323BFCF4C58, firefox, 2018-04-10 09:43:35, contaminated
trace_3.2_fail, 50B7D819-B438-69C3-5715-C029B66D1D35, firefox, 2018-04-10 09:43:35, contaminated
trace_3.2_fail, D145D495-F71B-0B66-02E1-0E10A4345143, firefox, 2018-04-10 09:43:35, contaminated
trace_3.2_fail, 09D27E3E-9EB5-0529-12AF-4E339D8702CB, firefox, 2018-04-10 09:43:35, contaminated
trace_3.2_fail, CD8D7B47-AA12-5C8C-9192-94C7DE3B4110, firefox, 2018-04-10 09:43:35, contaminated
trace_3.2_fail, 627AE5C3-B6E3-3497-357B-772395C3D23C, firefox, 2018-04-10 09:43:35, contaminated
trace_3.2_fail, F2469681-10C3-7FED-7861-F9A28545F6D4, firefox, 2018-04-10 09:43:35, contaminated
trace_3.2_fail, 651E5B90-7D87-8E30-4C34-4FB9F2C8FA5D, firefox, 2018-04-10 09:43:35, contaminated
trace_3.2_fail, 7DCD2422-6CD1-7BFE-5B3D-72C610FFB0CF, firefox, 2018-04-10 09:43:35, contaminated
trace_3.2_fail, 8CA7FBAE-80E8-192E-1F31-E3C0F9E48ED4, firefox, 2018-04-10 09:43:35, contaminated
trace_3.2_fail, FC78772F-6F7F-F577-1792-B35CB91A1FA8, firefox, 2018-04-10 09:43:35, contaminated
trace_3.2_fail, C9F617E2-5D32-E44A-B961-1B162748B83A, firefox, 2018-04-10 09:43:35, contaminated
trace_3.2_fail, ADF5EE63-88EA-D119-D5C9-1750598EA5C0, firefox, 2018-04-10 09:43:36, contaminated
trace_3.2_fail, 2EC91848-6DC7-75F5-A06B-B7BFDA18F59D, firefox, 2018-04-10 09:43:36, contaminated
trace_3.2_fail, BF393D06-7BBB-219D-9918-DED1F37CE96F, firefox, 2018-04-10 09:43:36, contaminated
trace_3.2_fail, FB98F841-D49A-BE3F-DBFE-DA8A6475B695, firefox, 2018-04-10 09:43:36, contaminated
trace_3.2_fail, 62EA0B67-C447-F4E4-CA15-53EF84A50A46, firefox, 2018-04-10 09:43:36, contaminated
trace_3.2_fail, BC397B21-D8F5-695B-18C7-AF502DB09942, firefox, 2018-04-10 09:43:36, contaminated
trace_3.2_fail, BD9E5784-A5B0-A7EB-7878-D4B4F5F37323, firefox, 2018-04-10 09:43:36, contaminated
trace_3.2_fail, 6DEF885E-576B-7063-2AFB-A325D6B53802, firefox, 2018-04-10 09:43:36, contaminated
trace_3.2_fail, F75AF827-5CF6-02A5-1C51-7684DB87985E, firefox, 2018-04-10 09:43:37, contaminated
trace_3.2_fail, 4FC83E90-3761-BDC2-7959-DAEE387046A2, firefox, 2018-04-10 09:43:37, contaminated
trace_3.2_fail, 2D9EDD0B-6911-9ABD-49AE-0C0D01116AD2, firefox, 2018-04-10 09:43:39, contaminated
trace_3.2_fail, 8FACA7A5-C484-4A7A-141E-20574F3CE3CE, firefox, 2018-04-10 09:43:39, contaminated
trace_3.2_fail, 000481CB-B523-364D-175B-C7C3D9B638B8, firefox, 2018-04-10 09:43:39, contaminated
trace_3.2_fail, ADBEE8E4-D9A3-C4C9-867E-F405C3A36D8E, firefox, 2018-04-10 09:43:39, contaminated
trace_3.2_fail, CFC14D8F-5132-19E1-50EA-9F2885F02B4D, firefox, 2018-04-10 09:43:39, contaminated
trace_3.2_fail, 17832606-80F0-0AB1-D39F-9D7ABCF2382C, firefox, 2018-04-10 09:43:39, contaminated
trace_3.2_fail, 14B54B7D-A2D7-2318-5B38-C693C08DEEBD, firefox, 2018-04-10 09:43:39, contaminated
trace_3.2_fail, 69E31332-A44C-5487-428D-7784CADBB8D7, firefox, 2018-04-10 09:43:39, contaminated
trace_3.2_fail, 4866FB66-8CED-F005-971B-387F13EB021D, firefox, 2018-04-10 09:43:39, contaminated
trace_3.2_fail, 7587802C-28FD-F6D5-7313-C781891E90A7, firefox, 2018-04-10 09:43:39, contaminated
trace_3.2_fail, A569CD7A-7A77-792A-8B87-4A74061C3B75, firefox, 2018-04-10 09:43:39, contaminated
trace_3.2_fail, C339E326-904F-F5EE-4612-E9798E675000, firefox, 2018-04-10 09:43:39, contaminated
trace_3.2_fail, DDBF1C18-7161-5FC2-35AA-9CABB0A15F4A, firefox, 2018-04-10 09:43:39, contaminated
trace_3.2_fail, 7CB755C2-E4FE-458E-09F8-9DA393F90612, firefox, 2018-04-10 09:43:39, contaminated
trace_3.2_fail, 4958F06F-D357-6898-867F-A94F04261108, firefox, 2018-04-10 09:43:39, contaminated
trace_3.2_fail, EE8C1192-E26F-36CE-B45F-6B72478CD16D, firefox, 2018-04-10 09:43:39, contaminated
trace_3.2_fail, 1E7CA16D-75EF-82A4-1A89-EBC6F06374E6, firefox, 2018-04-10 09:43:39, contaminated
trace_3.2_fail, 2BFF8FA2-1DBC-E502-C209-43C8A913924F, firefox, 2018-04-10 09:43:39, contaminated
trace_3.2_fail, FC71085C-8083-D13E-D06F-06B0220F0A33, firefox, 2018-04-10 09:43:39, contaminated
trace_3.2_fail, 703628B2-0A81-4FFE-CEDE-108F9CE363AC, firefox, 2018-04-10 09:43:40, contaminated
trace_3.2_fail, B020AA78-B86D-12A2-72BC-8EBC11FA88EE, firefox, 2018-04-10 09:43:40, contaminated
trace_3.2_fail, A0A431EF-A63D-E997-6510-57EBDEDEB7B0, firefox, 2018-04-10 09:43:40, contaminated
trace_3.2_fail, 25058AC6-BC4F-CA5A-EE83-E2B02524CB9B, firefox, 2018-04-10 09:43:40, contaminated
trace_3.2_fail, 7A5439E4-1FBF-B1B1-1566-F3AE10EAAA6E, firefox, 2018-04-10 09:43:40, contaminated
trace_3.2_fail, 42895E74-CD62-A461-77FA-874AB3A927B8, firefox, 2018-04-10 09:43:40, contaminated
trace_3.2_fail, 0E91EF81-BCC3-F821-8205-C49FC856B798, firefox, 2018-04-10 09:43:40, contaminated
trace_3.2_fail, 640DFC07-56E0-C736-7482-791488306FDF, firefox, 2018-04-10 09:43:40, contaminated
trace_3.2_fail, 647E761B-0E63-8D05-1BF1-921541FED3A7, firefox, 2018-04-10 09:43:40, contaminated
trace_3.2_fail, D85E7B1A-BD3A-9F73-F4B4-F0A1CD7B0EE8, firefox, 2018-04-10 09:43:40, contaminated
trace_3.2_fail, 596142A9-AD25-8B37-51DD-A6D5778DEBA1, firefox, 2018-04-10 09:43:40, contaminated
trace_3.2_fail, B130EA97-0E57-B57C-E2F4-C62D1E9BD671, firefox, 2018-04-10 09:43:40, contaminated
trace_3.2_fail, BCCEBE45-13EC-1CF1-BB2D-F76E764FA7FF, firefox, 2018-04-10 09:43:40, contaminated
trace_3.2_fail, 035FFDB1-0E94-0FEB-385B-51B03596595D, firefox, 2018-04-10 09:43:40, contaminated
trace_3.2_fail, 0BB9EE83-370D-7DEC-B366-3D391042A476, firefox, 2018-04-10 09:43:40, contaminated
trace_3.2_fail, 010B9805-41E1-FCB2-8597-DEAA3FC77D0A, firefox, 2018-04-10 09:43:40, contaminated
trace_3.2_fail, 8115D354-8F77-A061-132A-718C12B858A2, firefox, 2018-04-10 09:43:40, contaminated
trace_3.2_fail, 2885027E-7881-DD0F-A85D-C312A6582CDF, firefox, 2018-04-10 09:43:40, contaminated
trace_3.2_fail, EFCA9660-5F98-ABB8-500B-D889B9E6B687, firefox, 2018-04-10 09:43:40, contaminated
trace_3.2_fail, 618F664A-4EDD-1AB6-9C56-DFCF7B0ECAF2, firefox, 2018-04-10 09:43:40, contaminated
trace_3.2_fail, E6DC8C07-EF47-71E7-77CE-D8B2B2A4DEA6, firefox, 2018-04-10 09:43:40, contaminated
trace_3.2_fail, 4CB12865-8160-3B70-744E-19591D07F416, firefox, 2018-04-10 09:43:40, contaminated
trace_3.2_fail, 76C0A17C-D6D9-9BA8-F845-1D55C2B672E4, firefox, 2018-04-10 09:43:40, contaminated
trace_3.2_fail, 0C9B9776-CC2E-1C7D-26C2-E5AAB6916D3C, firefox, 2018-04-10 09:43:40, contaminated
trace_3.2_fail, 01C91D58-537B-26CF-74DB-8B8DE9445DB2, firefox, 2018-04-10 09:43:40, contaminated
trace_3.2_fail, EAD59C27-A200-DD2C-9741-67EA049D94D8, firefox, 2018-04-10 09:43:40, contaminated
trace_3.2_fail, 93FE3229-3578-11A2-5EE2-59E219815A90, firefox, 2018-04-10 09:43:40, contaminated
trace_3.2_fail, D7C795CF-2E4C-0DA3-8F76-58840CF157AB, firefox, 2018-04-10 09:43:40, contaminated
trace_3.2_fail, D3A52705-9FC1-70D1-5D12-4C79FBDEB11E, firefox, 2018-04-10 09:43:40, contaminated
trace_3.2_fail, 3310DD4D-9D06-6C62-3942-62763DBA2D7A, firefox, 2018-04-10 09:43:40, contaminated
trace_3.2_fail, 197EB367-F103-1AB3-A3A2-C88B1F24B534, firefox, 2018-04-10 09:43:40, contaminated
trace_3.2_fail, 46538E69-610B-2876-F471-8F37F4FED42D, firefox, 2018-04-10 09:43:40, contaminated
trace_3.2_fail, 8C7307C1-F645-BFD5-8683-DA02EECA5E1B, firefox, 2018-04-10 09:43:40, contaminated
trace_3.2_fail, D26D26D0-71F9-6212-E8F4-7407E22D809D, firefox, 2018-04-10 09:43:40, contaminated
trace_3.2_fail, 1A4BD332-5AB7-EF75-C7E7-1BD80BE74747, firefox, 2018-04-10 09:43:40, contaminated
trace_3.2_fail, 4C00515E-B0A8-9044-F4BE-D2DDF471A526, firefox, 2018-04-10 09:43:40, contaminated
trace_3.2_fail, 6E24D51F-89AB-B68C-0835-93BCE0C23027, firefox, 2018-04-10 09:43:40, contaminated
trace_3.2_fail, 93382E1E-A39E-C774-A200-98ACC52EA01B, firefox, 2018-04-10 09:43:40, contaminated
trace_3.2_fail, 8E3B4EA4-9385-2D82-9F85-453AA95DFD9A, firefox, 2018-04-10 09:43:40, contaminated
trace_3.2_fail, 1DD0AFD1-A95A-E77C-8C10-5740ED8826DD, firefox, 2018-04-10 09:43:41, contaminated
trace_3.2_fail, 4133632F-76E9-2366-5073-7E2D608E803E, firefox, 2018-04-10 09:43:41, contaminated
trace_3.2_fail, 4A25E05B-C2A9-54EC-05B0-FAE2B15B9350, firefox, 2018-04-10 09:43:41, contaminated
trace_3.2_fail, 809D4A2D-77A3-81BC-DCAD-F9EAD3CE736F, firefox, 2018-04-10 09:43:41, contaminated
trace_3.2_fail, F5E283B6-4C60-73D8-A5C2-FCBE62136C03, firefox, 2018-04-10 09:43:41, contaminated
trace_3.2_fail, 53933564-C972-DAB8-A84B-8EAFF34BBDF7, firefox, 2018-04-10 09:43:41, contaminated
trace_3.2_fail, F39F0414-3ACC-C22E-6BE4-550F29DFC8A3, firefox, 2018-04-10 09:43:41, contaminated
trace_3.2_fail, 39D72E16-FBF7-3693-3288-487A759ADFDE, firefox, 2018-04-10 09:43:41, contaminated
trace_3.2_fail, 4DF6888F-C192-C857-5B10-73E47CA06EB6, firefox, 2018-04-10 09:43:41, contaminated
trace_3.2_fail, 7FA6540B-CFEA-584D-A630-08D76C2542AE, firefox, 2018-04-10 09:43:41, contaminated
trace_3.2_fail, 6D13A584-E2D3-8EC3-ACDE-5CC6A31A56B3, firefox, 2018-04-10 09:43:43, contaminated
trace_3.2_fail, A398B826-C8DD-ACDD-B0D0-1D31EF06E107, firefox, 2018-04-10 09:43:43, contaminated
trace_3.2_fail, F1747817-8460-5C67-3535-B033566A7F92, firefox, 2018-04-10 09:43:44, contaminated
trace_3.2_fail, 94802689-F0B4-1D63-C157-2706EA49ADFC, firefox, 2018-04-10 09:43:44, contaminated
trace_3.2_fail, 273F04E1-D9D7-4528-AEA3-765C96B1DD48, firefox, 2018-04-10 09:43:44, contaminated
trace_3.2_fail, 334F38CC-F17E-081A-BBB1-639B6522010A, firefox, 2018-04-10 09:43:44, contaminated
trace_3.2_fail, C2CE5A8C-1830-DD1B-4BA5-5550A519A5CA, firefox, 2018-04-10 09:43:44, contaminated
trace_3.2_fail, 0C2B3A8D-6E0A-0FBC-3D50-5B9DE2568189, firefox, 2018-04-10 09:43:44, contaminated
trace_3.2_fail, B318A56C-A40A-4C3A-CDB2-ECBA43D0A59D, firefox, 2018-04-10 09:43:44, contaminated
trace_3.2_fail, F2959502-0551-832A-598F-6F78D5F182CE, firefox, 2018-04-10 09:43:44, contaminated
trace_3.2_fail, C8C312E3-6464-D52D-F52F-4A52BE75B30C, firefox, 2018-04-10 09:43:44, contaminated
trace_3.2_fail, BD66A484-5331-B446-AED0-183835B93FBF, firefox, 2018-04-10 09:43:44, contaminated
trace_3.2_fail, 9D596E15-9118-CCD3-5D84-3B6AB8D4C547, firefox, 2018-04-10 09:43:44, contaminated
trace_3.2_fail, 933B7CBA-D971-E11D-E498-E87106CA819A, firefox, 2018-04-10 09:43:44, contaminated
trace_3.2_fail, F37A5ACE-F7FA-4FFD-C93C-A04E567512D0, firefox, 2018-04-10 09:43:44, contaminated
trace_3.2_fail, 29F3A3CA-0B79-5E5F-0167-CB75089CEAD9, firefox, 2018-04-10 09:43:44, contaminated
trace_3.2_fail, F891F0D8-435D-E989-0016-492E79B9141B, firefox, 2018-04-10 09:43:44, contaminated
trace_3.2_fail, FBE5D347-ACD5-BC48-BD92-D4ECD9A57359, firefox, 2018-04-10 09:43:44, contaminated
trace_3.2_fail, FBA44B8E-0E69-1150-E7FA-A78F722E7C5A, firefox, 2018-04-10 09:43:44, contaminated
trace_3.2_fail, AD444FA5-11F7-6487-9611-87FAFA61BB83, firefox, 2018-04-10 09:43:45, contaminated
trace_3.2_fail, C98EE389-892D-B645-E74B-9A2D21F2F5D3, firefox, 2018-04-10 09:43:45, contaminated
trace_3.2_fail, 182FBC1C-4D25-C9D9-EA34-721358F6961F, firefox, 2018-04-10 09:43:45, contaminated
trace_3.2_fail, 4E467E43-D7CD-4802-1835-E4749F7E0E5F, firefox, 2018-04-10 09:43:45, contaminated
trace_3.2_fail, 8ADF3439-2ACB-3F9B-D25D-427EC3FA270B, firefox, 2018-04-10 09:43:45, contaminated
trace_3.2_fail, 1666863E-0FF2-206B-C998-9BD62CDCFDBC, firefox, 2018-04-10 09:43:45, contaminated
trace_3.2_fail, 48D651E2-0A96-D294-5699-9C354E011F43, firefox, 2018-04-10 09:43:45, contaminated
trace_3.2_fail, 883452D2-CC4C-E521-6AAC-BB05077FAECA, firefox, 2018-04-10 09:43:45, contaminated
trace_3.2_fail, 92D300FF-2F90-3303-D487-61A96778673C, firefox, 2018-04-10 09:43:45, contaminated
trace_3.2_fail, 61897047-5B3D-EF40-7A2B-9A83D1275479, firefox, 2018-04-10 09:43:45, contaminated
trace_3.2_fail, 8466FFCE-237A-8C4D-98B5-4DA557E11E58, firefox, 2018-04-10 09:43:45, contaminated
trace_3.2_fail, 16559BC6-0689-E0D4-2A1B-AC976EE7156D, firefox, 2018-04-10 09:43:45, contaminated
trace_3.2_fail, A5DDB075-B751-B453-78CF-12BB4607A396, firefox, 2018-04-10 09:43:45, contaminated
trace_3.2_fail, B4FAB729-B349-4D98-3D05-9168AEE6E437, firefox, 2018-04-10 09:43:45, contaminated
trace_3.2_fail, 8BE347CE-03B4-6B6F-F3E8-175A7444CD6B, firefox, 2018-04-10 09:43:45, contaminated
trace_3.2_fail, 7B1C1DBB-E009-3C33-D6CF-813E2D9A17D1, firefox, 2018-04-10 09:43:45, contaminated
trace_3.2_fail, 14FF0682-39D4-A61B-F3FF-4D6C7A925936, firefox, 2018-04-10 09:43:45, contaminated
trace_3.2_fail, FD9F56B7-B9D1-78F5-D386-65908C67166A, firefox, 2018-04-10 09:43:45, contaminated
trace_3.2_fail, 3D9BAB12-B620-9537-3B5A-5FDAB22F08BF, firefox, 2018-04-10 09:43:45, contaminated
trace_3.2_fail, AF825E6B-7F0E-4022-283A-B4E7FAE406FA, firefox, 2018-04-10 09:43:45, contaminated
trace_3.2_fail, 7842FA80-C423-2222-378F-6143AB99E3C7, firefox, 2018-04-10 09:43:45, contaminated
trace_3.2_fail, A050376A-1598-B6BE-EBF4-7D2B608DAD1C, firefox, 2018-04-10 09:43:45, contaminated
trace_3.2_fail, C288564F-DF61-465C-FA01-E72A8A806054, firefox, 2018-04-10 09:43:45, contaminated
trace_3.2_fail, 46F01421-BCA7-F159-CC9B-3AF030A2822E, firefox, 2018-04-10 09:43:45, contaminated
trace_3.2_fail, BCB659C4-18CF-3612-A792-1EB69483FE3F, firefox, 2018-04-10 09:43:45, contaminated
trace_3.2_fail, 40832FAD-6D43-52DF-568D-8B273A518AC2, firefox, 2018-04-10 09:43:45, contaminated
trace_3.2_fail, 21836FA9-2A92-658C-CC1C-DDC5FFC9284B, firefox, 2018-04-10 09:43:45, contaminated
trace_3.2_fail, 8536F2AC-ED5B-205F-19A4-D312E61EC6E5, firefox, 2018-04-10 09:43:45, contaminated
trace_3.2_fail, 53F66497-7B49-D291-02F0-61767F962394, firefox, 2018-04-10 09:43:45, contaminated
trace_3.2_fail, 4A971C6D-4AAF-F2C5-2B58-09E97AC9C0B9, firefox, 2018-04-10 09:43:45, contaminated
trace_3.2_fail, BE3BA13B-0B75-77AD-3FAA-9AECEB508310, firefox, 2018-04-10 09:43:45, contaminated
trace_3.2_fail, 3AB70DE3-2FE0-BA14-B6A7-DD960CE5BE2B, firefox, 2018-04-10 09:43:45, contaminated
trace_3.2_fail, 121ED51A-3DFD-BF67-F891-F170296AA36E, firefox, 2018-04-10 09:43:45, contaminated
trace_3.2_fail, 7D6EC9D7-62E1-2521-44CA-EBBE83917F45, firefox, 2018-04-10 09:43:45, contaminated
trace_3.2_fail, AE800BA3-DBB6-7852-004A-B27EB771328B, firefox, 2018-04-10 09:43:45, contaminated
trace_3.2_fail, 9B140448-DF42-2C3E-7452-695D12B84BFD, firefox, 2018-04-10 09:43:45, contaminated
trace_3.2_fail, 1CFB29CE-C9F5-BC89-BF35-989F23D101E6, firefox, 2018-04-10 09:43:45, contaminated
trace_3.2_fail, 333D70E6-6425-C437-03D1-9D9D2ABD1550, firefox, 2018-04-10 09:43:45, contaminated
trace_3.2_fail, BC12F341-C7C1-1815-7EF3-C988CE2C575D, firefox, 2018-04-10 09:43:45, contaminated
trace_3.2_fail, 6D21019C-338A-5ABC-8C4A-03B52FDF4C8C, firefox, 2018-04-10 09:43:45, contaminated
trace_3.2_fail, E37BA679-9A37-29AB-C2D5-89DE9E5E6E26, firefox, 2018-04-10 09:43:45, contaminated
trace_3.2_fail, 96872FB3-D550-B897-991C-1628E0C7D2CE, firefox, 2018-04-10 09:43:45, contaminated
trace_3.2_fail, 3583AE9C-288F-9B80-220E-F3AEF31EC4C8, firefox, 2018-04-10 09:43:45, contaminated
trace_3.2_fail, E46B29E9-34EF-AF63-A74E-F44861BAACDA, firefox, 2018-04-10 09:43:45, contaminated
trace_3.2_fail, A5B34D52-5762-E55E-AE05-5A12DE6844B0, firefox, 2018-04-10 09:43:45, contaminated
trace_3.2_fail, 0DBAABCC-F427-AEF3-B9E4-E071D62C12FB, firefox, 2018-04-10 09:43:45, contaminated
trace_3.2_fail, EEBB8998-9D1B-C2AE-DF66-07254146107B, firefox, 2018-04-10 09:43:45, contaminated
trace_3.2_fail, C51B9246-7EF8-9C19-4079-90BEBCE4CDEF, firefox, 2018-04-10 09:43:45, contaminated
trace_3.2_fail, BFE6B12F-043B-73E4-CCD0-90A0C9704AF8, firefox, 2018-04-10 09:43:45, contaminated
trace_3.2_fail, F93DF331-9A97-3F12-4D08-2C5DFDF7E503, firefox, 2018-04-10 09:43:45, contaminated
trace_3.2_fail, 0CCA3265-B7CC-820F-7627-5F0966FCD870, firefox, 2018-04-10 09:43:45, contaminated
trace_3.2_fail, 29EE9DB1-6144-2D2A-9F24-54D3D21A2D01, firefox, 2018-04-10 09:43:45, contaminated
trace_3.2_fail, 2CC5CC29-1A66-0428-EED0-3AEDBEBC00DC, firefox, 2018-04-10 09:43:45, contaminated
trace_3.2_fail, DF597F21-BA17-98EC-77BE-CC4C89792231, firefox, 2018-04-10 09:43:45, contaminated
trace_3.2_fail, 5B0EB0A7-31C1-7F25-CBB6-79221686D05F, firefox, 2018-04-10 09:43:45, contaminated
trace_3.2_fail, 7631A17D-0F68-97C6-B6C9-A8D769473243, firefox, 2018-04-10 09:43:45, contaminated
trace_3.2_fail, E100C45C-0101-C2F9-A244-7AD433217C2F, firefox, 2018-04-10 09:43:45, contaminated
trace_3.2_fail, 61AD0844-15C7-45A8-970B-072D7E92A25D, firefox, 2018-04-10 09:43:45, contaminated
trace_3.2_fail, F2C387F0-0CBE-7CE0-5ADF-E456623B6306, firefox, 2018-04-10 09:43:45, contaminated
trace_3.2_fail, A1242EE8-6002-161D-5C3D-B54F022E547B, firefox, 2018-04-10 09:43:45, contaminated
trace_3.2_fail, 0AA04828-612C-BBA8-8B0C-3864D8810A14, firefox, 2018-04-10 09:43:45, contaminated
trace_3.2_fail, 9B86DF82-6EB0-39DB-A2D1-D9C985A79B2A, firefox, 2018-04-10 09:43:45, contaminated
trace_3.2_fail, 9E2C8A04-40DB-403D-29F1-8AE0705D37F0, firefox, 2018-04-10 09:43:45, contaminated
trace_3.2_fail, 07AD6215-42E0-83C1-9A90-62D1E29AB1DC, firefox, 2018-04-10 09:43:45, contaminated
trace_3.2_fail, 39792302-6907-600F-6B54-A8002C839F82, firefox, 2018-04-10 09:43:45, contaminated
trace_3.2_fail, A7D22E5B-D8C7-2ADD-E6EA-3138DD086E16, firefox, 2018-04-10 09:43:45, contaminated
trace_3.2_fail, F89DE0D2-557D-207E-AA36-22ABFDC815FE, firefox, 2018-04-10 09:43:45, contaminated
trace_3.2_fail, 64DD06B2-5115-EE4F-A6C4-24B94F214A73, firefox, 2018-04-10 09:43:45, contaminated
trace_3.2_fail, 459CF7C1-AF1D-0D34-32B4-F3D397D0A9AE, firefox, 2018-04-10 09:43:45, contaminated
trace_3.2_fail, 43FAD93F-82F2-5437-85EA-EC0884B993B3, firefox, 2018-04-10 09:43:45, contaminated
trace_3.2_fail, 16B65CFB-0822-C7E3-09CD-0A3622053D1D, firefox, 2018-04-10 09:43:45, contaminated
trace_3.2_fail, 339D3A0E-1C83-A308-B27A-6793B9C6E8D6, firefox, 2018-04-10 09:43:45, contaminated
trace_3.2_fail, 8E0D3CDF-FA4C-8814-A83A-D8356A84ABB0, firefox, 2018-04-10 09:43:45, contaminated
trace_3.2_fail, EF195F89-5623-C722-3A7C-D5A07B0C5CC6, firefox, 2018-04-10 09:43:45, contaminated
trace_3.2_fail, 1ADD1613-77F6-9154-8FD0-E3C72800883B, firefox, 2018-04-10 09:43:45, contaminated
trace_3.2_fail, 9D5505A1-F0F0-B37A-943F-8B0A26ED1331, firefox, 2018-04-10 09:43:45, contaminated
trace_3.2_fail, 19423D5E-D1D9-7531-7740-09F94B2B5E72, firefox, 2018-04-10 09:43:46, contaminated
trace_3.2_fail, 19B6DE8E-CF9B-AD73-9651-1A9F0CF76CD5, firefox, 2018-04-10 09:43:46, contaminated
trace_3.2_fail, 56C26CE8-7ECF-4849-7B43-BC7367E59D33, firefox, 2018-04-10 09:43:46, contaminated
trace_3.2_fail, 9DB4F87C-065B-052F-24C4-18DBDE91E3D4, firefox, 2018-04-10 09:43:46, contaminated
trace_3.2_fail, 53C890F5-FE46-4260-3824-DDC3AEDD4B24, firefox, 2018-04-10 09:43:46, contaminated
trace_3.2_fail, 4A054CE1-0F48-BEFC-D2BB-415BED2CE84D, firefox, 2018-04-10 09:43:46, contaminated
trace_3.2_fail, 51D4E491-C378-1422-7D97-B06226B44032, firefox, 2018-04-10 09:43:46, contaminated
trace_3.2_fail, 3818DC70-8B58-9FEC-8065-3AD0CAEA512B, firefox, 2018-04-10 09:43:46, contaminated
trace_3.2_fail, 9609AA47-D2DB-6634-A3EF-D19FA5167257, firefox, 2018-04-10 09:43:46, contaminated
trace_3.2_fail, 90A6B5A3-51FA-440A-9D25-6FAADB2600F1, firefox, 2018-04-10 09:43:46, contaminated
trace_3.2_fail, 10B3236B-B509-F866-DA03-8BDBCA078D8D, firefox, 2018-04-10 09:43:46, contaminated
trace_3.2_fail, 313A005B-1AF2-268E-3E63-16F85ADE1AB1, firefox, 2018-04-10 09:43:46, contaminated
trace_3.2_fail, C4F88ED4-5E0F-B2DA-4B4E-C1848EB4544C, firefox, 2018-04-10 09:43:46, contaminated
trace_3.2_fail, 7637ED89-0B74-4561-C0E4-648754E0AA62, firefox, 2018-04-10 09:43:47, contaminated
trace_3.2_fail, 7D1D09BC-AA79-B5A1-CEE2-B5944FC14625, firefox, 2018-04-10 09:43:47, contaminated
trace_3.2_fail, 5FCC1183-FC0B-C188-9CE1-3C126957F1FB, firefox, 2018-04-10 09:43:47, contaminated
trace_3.2_fail, 9447FCE8-AD39-C736-7C01-066D3AF7BFB9, firefox, 2018-04-10 09:43:47, contaminated
trace_3.2_fail, FDC923CB-2EFB-1D14-65ED-6765E633A003, firefox, 2018-04-10 09:43:47, contaminated
trace_3.2_fail, 665F0993-D5D3-7A9F-DA07-914F3EC7735F, firefox, 2018-04-10 09:43:47, contaminated
trace_3.2_fail, E64DDFA8-0816-DFFF-011F-17A1124F67EA, firefox, 2018-04-10 09:43:47, contaminated
trace_3.2_fail, 42AAE38B-EBA3-256C-A1A5-3061AEBEDC53, firefox, 2018-04-10 09:43:48, contaminated
trace_3.2_fail, 4525152B-5418-BBFF-8DA2-E5DD716F9F8A, firefox, 2018-04-10 09:43:48, contaminated
trace_3.2_fail, B95DD7A0-E13D-12D4-1139-EEE1350583CC, firefox, 2018-04-10 09:43:48, contaminated
trace_3.2_fail, BA979ABF-071A-DDFB-581E-3D130EB15948, firefox, 2018-04-10 09:43:48, contaminated
trace_3.2_fail, B7AE7967-4EF2-6DDC-CB82-8F288EFE60BD, firefox, 2018-04-10 09:43:48, contaminated
trace_3.2_fail, F4DADB7C-4D9B-C5CB-4E74-24C8189B383A, firefox, 2018-04-10 09:43:49, contaminated
trace_3.2_fail, 8149F081-F228-598A-AD12-B5C4580C06F5, firefox, 2018-04-10 09:43:49, contaminated
trace_3.2_fail, 74042FF6-FA5E-0909-4C84-932405B682BD, firefox, 2018-04-10 09:43:49, contaminated
trace_3.2_fail, 1B798689-6D70-80DA-727A-D995969DEF99, firefox, 2018-04-10 09:43:49, contaminated
trace_3.2_fail, A05275FC-A0DD-7D8C-2771-D463751A82B4, firefox, 2018-04-10 09:43:49, contaminated
trace_3.2_fail, CDE0BABD-17B9-D3E0-F37D-B04216EF72E8, firefox, 2018-04-10 09:43:49, contaminated
trace_3.2_fail, 4C25809F-3CDD-737B-003B-79E636E54235, firefox, 2018-04-10 09:43:49, contaminated
trace_3.2_fail, 21556BA7-0356-107A-0145-4FDDC45FF4BA, firefox, 2018-04-10 09:43:49, contaminated
trace_3.2_fail, 95E087FC-3076-4C6F-F37C-2054C7337E4D, firefox, 2018-04-10 09:43:49, contaminated
trace_3.2_fail, 5986F00F-1D56-F249-95C2-DE4D745DF428, firefox, 2018-04-10 09:43:49, contaminated
trace_3.2_fail, 3B0EE25C-7A8A-0175-6895-E82A405B16A5, firefox, 2018-04-10 09:43:49, contaminated
trace_3.2_fail, 51F18A98-2684-1D9D-1715-DE58DB2C18FA, firefox, 2018-04-10 09:43:49, contaminated
trace_3.2_fail, A4751D44-FAF7-572F-3108-79605527B9A3, firefox, 2018-04-10 09:43:49, contaminated
trace_3.2_fail, F04AEA51-9128-4DF7-D2B9-353A4DA5669F, firefox, 2018-04-10 09:43:49, contaminated
trace_3.2_fail, 27F35251-1EEC-2DA7-FA4E-36ADA674EF8F, firefox, 2018-04-10 09:43:49, contaminated
trace_3.2_fail, DD9534A2-3D79-77D4-364B-5C33219CC763, firefox, 2018-04-10 09:43:49, contaminated
trace_3.2_fail, 8553D14D-435F-28AD-F7E9-D961448EDC1E, firefox, 2018-04-10 09:43:49, contaminated
trace_3.2_fail, 3FBA3A57-402E-4134-BFE7-6184A7FA1BDA, firefox, 2018-04-10 09:43:49, contaminated
trace_3.2_fail, 5103A570-7425-2FF2-9B8F-D778237487B6, firefox, 2018-04-10 09:43:49, contaminated
trace_3.2_fail, A0492F05-015A-301B-C2A4-69D6ACF911FD, firefox, 2018-04-10 09:43:49, contaminated
trace_3.2_fail, 7D086049-98B5-4F73-3EE3-F57E2E50ABA5, firefox, 2018-04-10 09:43:49, contaminated
trace_3.2_fail, B056465A-72EC-12A1-87F7-9E625D4CB3CC, firefox, 2018-04-10 09:43:49, contaminated
trace_3.2_fail, 49ED86DB-C52D-5062-C2B2-0EBAB769D176, firefox, 2018-04-10 09:43:49, contaminated
trace_3.2_fail, D1E1157F-EDEE-5969-40CC-3CEBB783DE6B, firefox, 2018-04-10 09:43:49, contaminated
trace_3.2_fail, 4AC467AA-6CA4-DE3B-6A44-46E9589C2DBF, firefox, 2018-04-10 09:43:49, contaminated
trace_3.2_fail, 08B6DAAD-DB98-86F6-BDEB-4B9EAD038044, firefox, 2018-04-10 09:43:49, contaminated
trace_3.2_fail, 97BDDA6C-3E27-9C56-5FEF-D66336079B7A, firefox, 2018-04-10 09:43:49, contaminated
trace_3.2_fail, 96EA537B-DD12-6732-FCB4-E9188EEC771A, firefox, 2018-04-10 09:43:49, contaminated
trace_3.2_fail, 056E9345-BC25-E9FF-CA33-1D56AF349E72, firefox, 2018-04-10 09:43:49, contaminated
trace_3.2_fail, 2AA378D7-FF27-B656-BEF1-225D1B13B014, firefox, 2018-04-10 09:43:49, contaminated
trace_3.2_fail, BF6CC8D0-8F36-3084-32ED-39FB489C088B, firefox, 2018-04-10 09:43:49, contaminated
trace_3.2_fail, 4CB74C24-7DF6-B152-6701-9DA41D3F7CE8, firefox, 2018-04-10 09:43:49, contaminated
trace_3.2_fail, A5B9C20A-D6AD-3B06-F1A5-E6472C2723C9, firefox, 2018-04-10 09:43:49, contaminated
trace_3.2_fail, 7327A162-016B-F642-D373-1B6F40F227CD, firefox, 2018-04-10 09:43:49, contaminated
trace_3.2_fail, 758F2E8F-831A-BE3F-8750-999F6D6E5CF1, firefox, 2018-04-10 09:43:49, contaminated
trace_3.2_fail, 218BCEB3-5643-41F7-4F00-38903F55EC18, firefox, 2018-04-10 09:43:49, contaminated
trace_3.2_fail, 1C1EEBD9-BDA8-B09F-53DD-FF1935D3E403, firefox, 2018-04-10 09:43:49, contaminated
trace_3.2_fail, 00A8A7EC-D084-15C9-31D9-0F2F38538EF9, firefox, 2018-04-10 09:43:49, contaminated
trace_3.2_fail, 7A10C187-ADB9-FC06-CE62-C4EE321F91F2, firefox, 2018-04-10 09:43:49, contaminated
trace_3.2_fail, B1B9A647-8A09-8C8B-13CA-C70C579FE148, firefox, 2018-04-10 09:43:49, contaminated
trace_3.2_fail, 87B031A4-65F7-9B56-FE04-91152C0C3128, firefox, 2018-04-10 09:43:49, contaminated
trace_3.2_fail, 33DA1843-062A-4CB9-2A07-6DD31A1A4F38, firefox, 2018-04-10 09:43:50, contaminated
trace_3.2_fail, 1E1A2F2E-5AE0-F102-7E04-DBEC678FA161, firefox, 2018-04-10 09:43:50, contaminated
trace_3.2_fail, 351B0A00-42F9-5885-C426-7F3B22F42742, firefox, 2018-04-10 09:43:50, contaminated
trace_3.2_fail, 4697F7BB-9F9B-7DA8-63A5-475DF6AB97E6, firefox, 2018-04-10 09:43:50, contaminated
trace_3.2_fail, 297013FE-357C-A486-9D11-932CA40D2CE2, firefox, 2018-04-10 09:43:50, contaminated
trace_3.2_fail, 0474BBB6-5AC7-B7DD-6E3B-65F0D9B7EFD2, firefox, 2018-04-10 09:43:50, contaminated
trace_3.2_fail, C5DE2844-9E02-8ACE-FCB5-BC99F2A62A64, firefox, 2018-04-10 09:43:50, contaminated
trace_3.2_fail, 9AD6E4E0-800B-13D3-C7A1-46DE08917A5D, firefox, 2018-04-10 09:43:50, contaminated
trace_3.2_fail, F8A96ECB-1027-6040-A27F-7D83F06B57A4, firefox, 2018-04-10 09:43:50, contaminated
trace_3.2_fail, 5C5EBCC4-5EEB-41D6-E5F9-A25490E007CE, firefox, 2018-04-10 09:43:50, contaminated
trace_3.2_fail, AB31735A-19F6-8F86-BF34-656C23648D2E, firefox, 2018-04-10 09:43:50, contaminated
trace_3.2_fail, BCEF4F16-7F21-AA70-7B1E-C17236392DF0, firefox, 2018-04-10 09:43:50, contaminated
trace_3.2_fail, FAC64D21-14EA-C59B-B882-B49572CB7215, firefox, 2018-04-10 09:43:50, contaminated
trace_3.2_fail, C03BF8AA-B696-C6AA-F4B1-30D0B42D70F2, firefox, 2018-04-10 09:43:50, contaminated
trace_3.2_fail, 34C9CF8C-9B2C-A1D6-E674-6C01642484C3, firefox, 2018-04-10 09:43:50, contaminated
trace_3.2_fail, D87094D1-09A0-A4FB-B3F0-67DF3949F31D, firefox, 2018-04-10 09:43:50, contaminated
trace_3.2_fail, 7B16B6EF-5188-5929-44E8-BEBFCA8919D8, firefox, 2018-04-10 09:43:50, contaminated
trace_3.2_fail, 2992C1DE-3A4C-237F-DF85-35126927671D, firefox, 2018-04-10 09:43:50, contaminated
trace_3.2_fail, BE288FB6-9C30-87E5-062C-48DBFA010D26, firefox, 2018-04-10 09:43:50, contaminated
trace_3.2_fail, D5E0BC66-7CCA-C39D-0BB1-04B2ADB64A3D, firefox, 2018-04-10 09:43:50, contaminated
trace_3.2_fail, 68C7D925-23A2-DA27-DC8B-3DFB62A47E93, firefox, 2018-04-10 09:43:50, contaminated
trace_3.2_fail, 0E4C612B-E546-10DB-DBB2-35F7AF7D5B6F, firefox, 2018-04-10 09:43:50, contaminated
trace_3.2_fail, 140CE5E5-E6B1-7582-833B-190D1AA8F53A, firefox, 2018-04-10 09:43:50, contaminated
trace_3.2_fail, C9C7C2F6-ED2A-A7A5-C45B-315ABAC8FB46, firefox, 2018-04-10 09:43:50, contaminated
trace_3.2_fail, 29ABA1A6-A98D-C669-3DD0-3C5E951D09B9, firefox, 2018-04-10 09:43:50, contaminated
trace_3.2_fail, 6445A9AD-A954-AF92-FB22-99CE58B37950, firefox, 2018-04-10 09:43:50, contaminated
trace_3.2_fail, 8C9832AE-C2F6-5871-E90E-21426CBF33A9, firefox, 2018-04-10 09:43:50, contaminated
trace_3.2_fail, DA49AB58-7A0B-F6B6-659A-D275F9F156F0, firefox, 2018-04-10 09:43:50, contaminated
trace_3.2_fail, A81BB7BE-395F-D2D2-BF4A-1A5B9541F4D8, firefox, 2018-04-10 09:43:50, contaminated
trace_3.2_fail, 049C850E-F41F-0171-88BC-12AAB5501B04, firefox, 2018-04-10 09:43:50, contaminated
trace_3.2_fail, F807ACFB-700F-02EC-FF21-EBC1583F4682, firefox, 2018-04-10 09:43:50, contaminated
trace_3.2_fail, DA447C1F-ACE3-6460-2861-F785D90A40F2, firefox, 2018-04-10 09:43:50, contaminated
trace_3.2_fail, 8A70A69A-7CBB-569F-46B2-EBC94449DB03, firefox, 2018-04-10 09:43:50, contaminated
trace_3.2_fail, EE81DF62-F16D-7025-15C5-DDCFCA5D1684, firefox, 2018-04-10 09:43:50, contaminated
trace_3.2_fail, 93EAD3AC-3308-20C9-8260-DB8D93F3B810, firefox, 2018-04-10 09:43:50, contaminated
trace_3.2_fail, 24A94169-1688-39E2-2CDC-0DCCA88DE4A1, firefox, 2018-04-10 09:43:50, contaminated
trace_3.2_fail, C77AB0DC-EB4F-707F-199D-0E5ACDDED249, firefox, 2018-04-10 09:43:50, contaminated
trace_3.2_fail, 46313F79-5582-7AFD-49F5-5362FE7CE3DE, firefox, 2018-04-10 09:43:50, contaminated
trace_3.2_fail, 1592D55E-BAB5-2CCC-9F52-B4062954A347, firefox, 2018-04-10 09:43:50, contaminated
trace_3.2_fail, 3E6439FD-0743-C121-07AD-550B9D211E0F, firefox, 2018-04-10 09:43:50, contaminated
trace_3.2_fail, 7DC988BF-20BA-D878-4223-29E9C3A06714, firefox, 2018-04-10 09:43:50, contaminated
trace_3.2_fail, 6BB3B57C-A783-EB63-2B93-CF2495995442, firefox, 2018-04-10 09:43:50, contaminated
trace_3.2_fail, B981B151-A75C-CB31-853D-F688908A8CE8, firefox, 2018-04-10 09:43:50, contaminated
trace_3.2_fail, B2EA3709-E78A-841B-4FB5-0CA202198C78, firefox, 2018-04-10 09:43:50, contaminated
trace_3.2_fail, 1CA6BA68-7337-40D7-C642-D67159C3E315, firefox, 2018-04-10 09:43:50, contaminated
trace_3.2_fail, EFA70E32-CBE6-D033-CE75-96D6DCC4C2C7, firefox, 2018-04-10 09:43:50, contaminated
trace_3.2_fail, F71C5629-99F8-7CF1-CE6D-4EDCE510921E, firefox, 2018-04-10 09:43:50, contaminated
trace_3.2_fail, E2C909DF-C35B-96B9-1C32-9AF162CE268C, firefox, 2018-04-10 09:43:50, contaminated
trace_3.2_fail, 8738A0B3-4561-16FA-CE23-69A3CFCA80D3, firefox, 2018-04-10 09:43:50, contaminated
trace_3.2_fail, 8D51CB33-16F6-2B5D-BC28-CE001C0F46C7, firefox, 2018-04-10 09:43:50, contaminated
trace_3.2_fail, 59C03AEC-BD36-DA50-236D-B1BD98E767DD, firefox, 2018-04-10 09:43:51, contaminated
trace_3.2_fail, 88FBB7AC-B928-9739-FD14-4C3D9E6548AE, firefox, 2018-04-10 09:43:51, contaminated
trace_3.2_fail, 3DF33EBC-0693-B3F8-5738-E181F3D56606, firefox, 2018-04-10 09:43:51, contaminated
trace_3.2_fail, 91C06432-2122-001A-A8AA-21C40D5276EF, firefox, 2018-04-10 09:43:51, contaminated
trace_3.2_fail, 92F91A4B-4C47-03CE-59CF-F24324E8124A, firefox, 2018-04-10 09:43:51, contaminated
trace_3.2_fail, B96FC6F0-4992-D914-7ED1-0705CA25BAD7, firefox, 2018-04-10 09:43:51, contaminated
trace_3.2_fail, 0CC551C3-807D-6D74-FB5B-ED28B0691EB1, firefox, 2018-04-10 09:43:51, contaminated
trace_3.2_fail, D1EAF8DB-188A-E370-0CF4-1A78F63F9345, firefox, 2018-04-10 09:43:51, contaminated
trace_3.2_fail, 88E6CC49-A88D-3904-6C59-0ACFC9F3C92B, firefox, 2018-04-10 09:43:51, contaminated
trace_3.2_fail, CACA2389-D823-3EB9-11E1-EF2788238663, firefox, 2018-04-10 09:43:51, contaminated
trace_3.2_fail, A1348CE8-FF24-04EF-3C2F-0294B13AE7C9, firefox, 2018-04-10 09:43:51, contaminated
trace_3.2_fail, C93CA024-D662-8846-D51B-02F3761B5B2A, firefox, 2018-04-10 09:43:51, contaminated
trace_3.2_fail, 9D8A37DA-D169-F99C-642C-9ABB57A38AEA, firefox, 2018-04-10 09:43:51, contaminated
trace_3.2_fail, 182E281D-D7D5-9AF6-9600-187E6B663CA9, firefox, 2018-04-10 09:43:51, contaminated
trace_3.2_fail, 34A35CFA-348C-C49C-6D63-121BB8D83647, firefox, 2018-04-10 09:43:51, contaminated
trace_3.2_fail, 89FFB7A4-FCA7-8834-50DB-445E26E1731E, firefox, 2018-04-10 09:43:51, contaminated
trace_3.2_fail, C7E19B1F-6835-96C4-D0BE-2C2F5AF4D3AD, firefox, 2018-04-10 09:43:51, contaminated
trace_3.2_fail, 5BEC6FDD-3CF3-636D-DA8C-C3702420C7AC, firefox, 2018-04-10 09:43:52, contaminated
trace_3.2_fail, 79457907-77AE-8192-C87B-FAED74B34874, firefox, 2018-04-10 09:43:52, contaminated
trace_3.2_fail, DE78E1ED-EF49-A37D-3134-5413F280B227, firefox, 2018-04-10 09:43:52, contaminated
trace_3.2_fail, 8C8FF524-F666-1E9D-19CF-8B2DA9DABD4B, firefox, 2018-04-10 09:43:52, contaminated
trace_3.2_fail, 851E7E7C-999B-56BE-8D58-7295C37072E0, firefox, 2018-04-10 09:43:53, contaminated
trace_3.2_fail, 1E4E6E75-0B20-0C57-E9A3-B638E35337B4, firefox, 2018-04-10 09:43:53, contaminated
trace_3.2_fail, F9984B04-5118-5983-A68A-8CB5F61E2413, firefox, 2018-04-10 09:43:53, contaminated
trace_3.2_fail, 1A08E9AE-A08A-44B7-FED3-C1420D3F8107, firefox, 2018-04-10 09:43:53, contaminated
trace_3.2_fail, ED1BA075-75F8-29F6-D02E-6BC16748AC30, firefox, 2018-04-10 09:43:53, contaminated
trace_3.2_fail, 1B208660-8FD4-E1CC-DB38-C9C869F8B660, firefox, 2018-04-10 09:43:54, contaminated
trace_3.2_fail, 9562028A-BDF3-189E-C44B-FD0D2FF79594, firefox, 2018-04-10 09:43:54, contaminated
trace_3.2_fail, B8F5437D-7AA8-2C67-D42C-56F95B630035, firefox, 2018-04-10 09:43:54, contaminated
trace_3.2_fail, D755ED4D-B4B5-77AA-52BD-F71CFF3FCED8, firefox, 2018-04-10 09:43:54, contaminated
trace_3.2_fail, D8F29875-72B6-E28B-1488-D600457AD524, firefox, 2018-04-10 09:43:54, contaminated
trace_3.2_fail, BAEDE027-745E-0179-70F7-4FEA65364DBD, firefox, 2018-04-10 09:43:54, contaminated
trace_3.2_fail, 8C4601FD-994B-65BE-8B39-293EADD12FB4, firefox, 2018-04-10 09:43:54, contaminated
trace_3.2_fail, 09A1D707-2D8C-80A5-9B45-C9570BD82717, firefox, 2018-04-10 09:43:54, contaminated
trace_3.2_fail, 257C4FA1-506C-831B-7FC7-1C957889F605, firefox, 2018-04-10 09:43:54, contaminated
trace_3.2_fail, 35B7266F-8F0C-60ED-7B09-9B3F3511E341, firefox, 2018-04-10 09:43:54, contaminated
trace_3.2_fail, ACDBD31F-F02A-ACC4-32B1-EEDA58AE55D9, firefox, 2018-04-10 09:43:54, contaminated
trace_3.2_fail, 6745E7FB-CD6C-085A-9A8C-BA7FD0B1E86F, firefox, 2018-04-10 09:43:54, contaminated
trace_3.2_fail, 044562CA-FA07-549F-09B2-28DB1DBB9A22, firefox, 2018-04-10 09:43:54, contaminated
trace_3.2_fail, 4AA6DAC5-49DA-909C-5F1C-5EE5DD143A9D, firefox, 2018-04-10 09:43:54, contaminated
trace_3.2_fail, CAF8B6CD-AAE9-3670-C291-468031DB8845, firefox, 2018-04-10 09:43:54, contaminated
trace_3.2_fail, 82F01D19-97EC-AAD9-DC1B-08B0212BD469, firefox, 2018-04-10 09:43:54, contaminated
trace_3.2_fail, 98A75DBB-6318-A53F-C66D-5626BF98D01F, firefox, 2018-04-10 09:43:54, contaminated
trace_3.2_fail, 34796D3A-1BF0-7BC8-4D17-75E8A0898B69, firefox, 2018-04-10 09:43:54, contaminated
trace_3.2_fail, 04B18566-CD26-0BA2-2DEA-7A72C3B9E2E2, firefox, 2018-04-10 09:43:54, contaminated
trace_3.2_fail, 27D6294D-96E2-5AC2-302B-3A211DF53E32, firefox, 2018-04-10 09:43:54, contaminated
trace_3.2_fail, 276C0C58-77C5-D42F-B012-F24562C809AE, firefox, 2018-04-10 09:43:54, contaminated
trace_3.2_fail, 6BB3AAAF-7068-E9BE-C2D8-75106F4A429D, firefox, 2018-04-10 09:43:55, contaminated
trace_3.2_fail, 7A9DD237-01DE-6010-4325-382692A9C932, firefox, 2018-04-10 09:43:55, contaminated
trace_3.2_fail, ABDA8ADB-BD22-F2A2-127D-AF8D64641D99, firefox, 2018-04-10 09:43:55, contaminated
trace_3.2_fail, 12F1238F-91C6-DF23-C964-B47B5F2D283D, firefox, 2018-04-10 09:43:55, contaminated
trace_3.2_fail, 598C6D86-1287-E152-82E4-FAA6C20BF8AD, firefox, 2018-04-10 09:43:55, contaminated
trace_3.2_fail, E2F75A19-442E-AD7A-7241-086515BB3F52, firefox, 2018-04-10 09:43:55, contaminated
trace_3.2_fail, F881CDC8-A898-4AF6-4431-747271F237EE, firefox, 2018-04-10 09:43:55, contaminated
trace_3.2_fail, 4B1A55D6-DF00-4C8B-2B76-D44C263EFAA8, firefox, 2018-04-10 09:43:55, contaminated
trace_3.2_fail, 76380019-1F5E-8CEE-9622-82AC5CF1C579, firefox, 2018-04-10 09:43:55, contaminated
trace_3.2_fail, 47E4D12A-07CF-A097-47FF-19FEF916F445, firefox, 2018-04-10 09:43:55, contaminated
trace_3.2_fail, C27A92F2-5485-3B64-0A00-33C282F84E49, firefox, 2018-04-10 09:43:55, contaminated
trace_3.2_fail, 8DEC0FC4-FC83-5B06-2483-6FBE435A5F76, firefox, 2018-04-10 09:43:55, contaminated
trace_3.2_fail, 06A69185-78B2-40D0-6017-D67A93C59477, firefox, 2018-04-10 09:43:55, contaminated
trace_3.2_fail, 1F6A2819-DC73-D257-67C4-C5515C290E60, firefox, 2018-04-10 09:43:55, contaminated
trace_3.2_fail, 66AE84A0-F8F3-46DD-BB35-9DED15D959E4, firefox, 2018-04-10 09:43:55, contaminated
trace_3.2_fail, 3884BAF4-7237-A374-48AF-EDB442108ACA, firefox, 2018-04-10 09:43:55, contaminated
trace_3.2_fail, 8FE82FC4-C3F7-A4E7-FF3C-932E0F73F1E2, firefox, 2018-04-10 09:43:55, contaminated
trace_3.2_fail, B1C2D7E1-5AD2-03BC-24E9-15CAA3C93D33, firefox, 2018-04-10 09:43:55, contaminated
trace_3.2_fail, 82CF953E-4CB1-BD5F-AE84-CA7EF1EB7D5D, firefox, 2018-04-10 09:43:55, contaminated
trace_3.2_fail, BA7AA94D-AC94-18B8-5A90-AB41A90486D7, firefox, 2018-04-10 09:43:55, contaminated
trace_3.2_fail, 68DAE694-51CA-B59D-B673-272286683490, firefox, 2018-04-10 09:43:55, contaminated
trace_3.2_fail, 7BD09BAA-893B-8C3A-DDDB-5246D3ABECA4, firefox, 2018-04-10 09:43:55, contaminated
trace_3.2_fail, 8EA636F8-CA67-62D9-9EAD-3DD2B0DB4F27, firefox, 2018-04-10 09:43:55, contaminated
trace_3.2_fail, A964B656-397D-7DD5-CD0C-49B7636311EF, firefox, 2018-04-10 09:43:55, contaminated
trace_3.2_fail, 67E2ADDD-753D-E6B8-5DD4-0595A5AF4BAA, firefox, 2018-04-10 09:43:55, contaminated
trace_3.2_fail, 0AF917AC-F7E8-18F1-A053-E3F21166AB8A, firefox, 2018-04-10 09:43:55, contaminated
trace_3.2_fail, 387C4733-FEDA-56DA-5195-0347D45B7597, firefox, 2018-04-10 09:43:55, contaminated
trace_3.2_fail, CB3092A6-CED9-5E00-A37E-F0F905080BAB, firefox, 2018-04-10 09:43:55, contaminated
trace_3.2_fail, 95757976-9DC0-C402-AC1E-7CEDDDA72AB5, firefox, 2018-04-10 09:43:55, contaminated
trace_3.2_fail, 056611B0-1293-0823-6830-FE9AA2786433, firefox, 2018-04-10 09:43:55, contaminated
trace_3.2_fail, 542189FB-64BC-434B-E19F-A29F8A97133C, firefox, 2018-04-10 09:43:55, contaminated
trace_3.2_fail, F2E87DDC-DE11-9ECB-4F9F-6528D80FE855, firefox, 2018-04-10 09:43:55, contaminated
trace_3.2_fail, FB5C6A24-8A16-899E-FB52-86A28A0CD8F7, firefox, 2018-04-10 09:43:55, contaminated
trace_3.2_fail, 25A29F89-9AE4-E0E6-AEAC-0A0925902054, firefox, 2018-04-10 09:43:55, contaminated
trace_3.2_fail, 4D4C4A81-1752-2BD2-49DE-FD9E3DCA4A37, firefox, 2018-04-10 09:43:55, contaminated
trace_3.2_fail, 32A946EF-D99F-FD06-238C-089F8774B222, firefox, 2018-04-10 09:43:55, contaminated
trace_3.2_fail, 22C03913-441A-D05C-8FAB-4D7A2917CBD8, firefox, 2018-04-10 09:43:55, contaminated
trace_3.2_fail, A68A5943-6735-A656-29AC-73560564531E, firefox, 2018-04-10 09:43:55, contaminated
trace_3.2_fail, 61C39CC7-C1D5-3A09-4CAD-DC68B6E8A633, firefox, 2018-04-10 09:43:55, contaminated
trace_3.2_fail, 7F385965-AE2B-F4C1-1D6F-6D8AF6BAA776, firefox, 2018-04-10 09:43:55, contaminated
trace_3.2_fail, D4E0C9DC-480C-A763-335B-9ECD65AC8FCD, firefox, 2018-04-10 09:43:55, contaminated
trace_3.2_fail, ED120235-CE45-ED6C-BEF4-5F921A051387, firefox, 2018-04-10 09:43:55, contaminated
trace_3.2_fail, 3117661F-8C4D-8684-E9B2-123F44F8EE43, firefox, 2018-04-10 09:43:55, contaminated
trace_3.2_fail, 8DDB6968-FC8C-F64A-950C-401F8A4134E4, firefox, 2018-04-10 09:43:55, contaminated
trace_3.2_fail, 73DDD578-AC0A-BF8C-AF89-9FBEF08D508D, firefox, 2018-04-10 09:43:55, contaminated
trace_3.2_fail, 2D6B2FFD-05C2-3A01-1F37-5511F68CF633, firefox, 2018-04-10 09:43:55, contaminated
trace_3.2_fail, 155F80EB-51CB-21E1-77F0-3DE6FBDA2CAD, firefox, 2018-04-10 09:43:55, contaminated
trace_3.2_fail, F0980296-F16D-398E-E9C9-FB453537ACEB, firefox, 2018-04-10 09:43:55, contaminated
trace_3.2_fail, E35A318E-E6D8-888B-713C-4C42D0EA75AB, firefox, 2018-04-10 09:43:55, contaminated
trace_3.2_fail, 3C6C7367-30DC-9FB4-D082-7D863BF2A9C2, firefox, 2018-04-10 09:43:55, contaminated
trace_3.2_fail, 953D75EA-5AD1-EF1C-5A6E-CF903579F8D9, firefox, 2018-04-10 09:43:55, contaminated
trace_3.2_fail, 9E75009E-E8B5-F47E-FA9E-8E9B4EB9C9FB, firefox, 2018-04-10 09:43:55, contaminated
trace_3.2_fail, E68E5543-98F4-CE83-FE6E-B306ABCF205D, firefox, 2018-04-10 09:43:55, contaminated
trace_3.2_fail, 5CEDA3EC-0700-8B88-77E8-32159F61ED84, firefox, 2018-04-10 09:43:55, contaminated
trace_3.2_fail, FD72CB4D-5701-C6DF-8C86-401F53EB8D20, firefox, 2018-04-10 09:43:55, contaminated
trace_3.2_fail, 0D6DB05F-3035-C3CD-FAEC-01E364949D7A, firefox, 2018-04-10 09:43:55, contaminated
trace_3.2_fail, D48E62FF-B4DF-94A7-5804-43D6A4ECDFED, firefox, 2018-04-10 09:43:56, contaminated
trace_3.2_fail, BBFC343B-A694-FA1F-508A-EC4769EFF675, firefox, 2018-04-10 09:43:56, contaminated
trace_3.2_fail, 170919F8-7E82-A98A-5DD7-FDCC9404BAF5, firefox, 2018-04-10 09:43:56, contaminated
trace_3.2_fail, E0375141-71D2-489B-DFA6-51E585085350, firefox, 2018-04-10 09:43:56, contaminated
trace_3.2_fail, 9FC5DBAB-1E4B-9C26-3039-3C4D6CCF5813, firefox, 2018-04-10 09:43:56, contaminated
trace_3.2_fail, 34A1C55D-F275-85AA-BA36-379C0633B71E, firefox, 2018-04-10 09:43:56, contaminated
trace_3.2_fail, 4D605250-2821-4A79-86BB-5719C6B4D79C, firefox, 2018-04-10 09:43:56, contaminated
trace_3.2_fail, 658B15AD-9ED6-FA20-9C4F-DCB8C6B4857D, firefox, 2018-04-10 09:43:56, contaminated
trace_3.2_fail, E4A09CB5-4244-BE65-9189-53086B21DA03, firefox, 2018-04-10 09:43:56, contaminated
trace_3.2_fail, B2D8AB86-5830-78ED-D2BE-EA80A5583AE7, firefox, 2018-04-10 09:43:56, contaminated
trace_3.2_fail, A7EAB7AF-F576-06BE-B9B9-F7472A24A6FF, firefox, 2018-04-10 09:43:56, contaminated
trace_3.2_fail, 19A7132B-53E8-F8F4-B7EF-C3E1DF216682, firefox, 2018-04-10 09:43:56, contaminated
trace_3.2_fail, 26FFFE1D-D46D-DB6C-705D-CF01A4DD5945, firefox, 2018-04-10 09:43:56, contaminated
trace_3.2_fail, AB6423F0-65D1-9F80-49B7-C9493E9F6738, firefox, 2018-04-10 09:43:57, contaminated
trace_3.2_fail, E9761FB4-FF47-A528-1F32-E63E56540AF4, firefox, 2018-04-10 09:43:57, contaminated
trace_3.2_fail, 2BDC379A-8057-5268-7F16-C96711159A01, firefox, 2018-04-10 09:43:57, contaminated
trace_3.2_fail, 45359F6D-82DC-74E2-EC2D-EA11BB0252B0, firefox, 2018-04-10 09:43:57, contaminated
trace_3.2_fail, 3EEDD5A6-E3A3-F510-F15D-70587C134DC4, firefox, 2018-04-10 09:43:57, contaminated
trace_3.2_fail, 1E864916-2FFC-C0CF-645F-D86768D6FA4E, firefox, 2018-04-10 09:43:57, contaminated
trace_3.2_fail, 9A9F4695-DE6B-50DF-A32E-7021DE8ADC5A, firefox, 2018-04-10 09:43:59, contaminated
trace_3.2_fail, DD5CA07A-BEF3-BDAF-E1E1-E36877DB4A14, firefox, 2018-04-10 09:43:59, contaminated
trace_3.2_fail, 5538A274-5039-6DFA-60D5-806CE5733158, firefox, 2018-04-10 09:43:59, contaminated
trace_3.2_fail, EF0DE076-F5C9-E206-1703-B8126D4A7B22, firefox, 2018-04-10 09:43:59, contaminated
trace_3.2_fail, 7A2B37FD-96F5-0178-B0B5-4FDA1189012E, firefox, 2018-04-10 09:43:59, contaminated
trace_3.2_fail, D67E5589-6D88-AD94-7C84-3CF7E4721F27, firefox, 2018-04-10 09:43:59, contaminated
trace_3.2_fail, 34401AE5-26D7-3982-A9B0-28A8D6A1BC75, firefox, 2018-04-10 09:43:59, contaminated
trace_3.2_fail, AD183964-1056-5068-D80C-479546ECD1EB, firefox, 2018-04-10 09:43:59, contaminated
trace_3.2_fail, 3534AD08-CF37-9883-1F81-069CE8FAD9F6, firefox, 2018-04-10 09:43:59, contaminated
trace_3.2_fail, BD7C6DF1-1081-57B8-4330-094B6E19631F, firefox, 2018-04-10 09:43:59, contaminated
trace_3.2_fail, 4D58FA58-7468-794F-09E9-3D8A3B856485, firefox, 2018-04-10 09:43:59, contaminated
trace_3.2_fail, 931DD607-04BD-4A0C-DD04-78BD048207FC, firefox, 2018-04-10 09:43:59, contaminated
trace_3.2_fail, 01A30AA6-8733-B6B7-8983-A6153B2F6FC1, firefox, 2018-04-10 09:43:59, contaminated
trace_3.2_fail, D053E629-9841-D3AD-07A7-4BC3F295C7EF, firefox, 2018-04-10 09:43:59, contaminated
trace_3.2_fail, 285DE91E-1D0D-DB8A-6C2E-C1A258414B3A, firefox, 2018-04-10 09:43:59, contaminated
trace_3.2_fail, 28654D2E-C0DF-D6DF-DCA6-04BB5F4A7880, firefox, 2018-04-10 09:43:59, contaminated
trace_3.2_fail, C27BFE1E-E4D1-6B69-7F91-0A1BC8307957, firefox, 2018-04-10 09:43:59, contaminated
trace_3.2_fail, 64890ED6-BCD4-1952-2186-6DA3463B86CE, firefox, 2018-04-10 09:43:59, contaminated
trace_3.2_fail, 2703F477-97B6-D187-EE39-6457A20B9B1E, firefox, 2018-04-10 09:44:00, contaminated
trace_3.2_fail, 4F2CB04E-E460-46B9-003B-0DD88E329C1D, firefox, 2018-04-10 09:44:00, contaminated
trace_3.2_fail, F37CCA12-C200-6503-99D6-FF2E016BBD3C, firefox, 2018-04-10 09:44:00, contaminated
trace_3.2_fail, A14B7938-F090-EACE-B2D5-D8D4BB3254D8, firefox, 2018-04-10 09:44:00, contaminated
trace_3.2_fail, 7AAC12D5-037D-DFC8-F981-09072C35F9E9, firefox, 2018-04-10 09:44:00, contaminated
trace_3.2_fail, 52D37B5F-224D-E3C0-037E-B8971D53C8A8, firefox, 2018-04-10 09:44:00, contaminated
trace_3.2_fail, 916314C8-240D-E7B0-3F9B-C68CABD97363, firefox, 2018-04-10 09:44:00, contaminated
trace_3.2_fail, 70DAF33E-42A4-E674-DCE8-990EB78B74E6, firefox, 2018-04-10 09:44:00, contaminated
trace_3.2_fail, A7C599E2-30D0-593B-00FE-5763DB38D6B0, firefox, 2018-04-10 09:44:00, contaminated
trace_3.2_fail, D4F0942D-845C-2416-90CA-5D1B8A39C7FB, firefox, 2018-04-10 09:44:00, contaminated
trace_3.2_fail, 7033940B-E22F-460B-8E53-9DF302C035F0, firefox, 2018-04-10 09:44:00, contaminated
trace_3.2_fail, A4B3A56A-FFE8-4616-C1AF-23DCC566FAB1, firefox, 2018-04-10 09:44:00, contaminated
trace_3.2_fail, 445F4F2F-3B68-8C02-6FE3-8E7CF3686B6B, firefox, 2018-04-10 09:44:00, contaminated
trace_3.2_fail, 0CC85256-E00A-D428-65B3-381565057DC6, firefox, 2018-04-10 09:44:00, contaminated
trace_3.2_fail, 7BA3821A-23B9-F3F5-7FBB-307715083751, firefox, 2018-04-10 09:44:00, contaminated
trace_3.2_fail, 3F02E203-2CBB-9972-1646-FF5C59AE7108, firefox, 2018-04-10 09:44:00, contaminated
trace_3.2_fail, 300DFF85-1A63-76A9-7BC4-8156DDA80600, firefox, 2018-04-10 09:44:00, contaminated
trace_3.2_fail, B56286E1-2C65-67A6-DADF-6844B830E595, firefox, 2018-04-10 09:44:00, contaminated
trace_3.2_fail, C52798DF-6680-CA5E-F92C-FA9083181873, firefox, 2018-04-10 09:44:00, contaminated
trace_3.2_fail, 294AE17B-82CC-9630-4A38-826D6FD03001, firefox, 2018-04-10 09:44:00, contaminated
trace_3.2_fail, 141D3B31-59AA-2DB8-4B04-5338E82F5A11, firefox, 2018-04-10 09:44:00, contaminated
trace_3.2_fail, 2B3D0055-E813-0EAE-46EF-D0D43E252B62, firefox, 2018-04-10 09:44:00, contaminated
trace_3.2_fail, FAA44334-57FB-0C56-CD50-865B5C5BFC26, firefox, 2018-04-10 09:44:00, contaminated
trace_3.2_fail, 21F8DC65-8217-4730-3110-6EF42C26D6E7, firefox, 2018-04-10 09:44:00, contaminated
trace_3.2_fail, 8AED5727-F12D-699E-5D47-887570FAC824, firefox, 2018-04-10 09:44:00, contaminated
trace_3.2_fail, 406745F0-6D37-8314-CEE2-3878826F5411, firefox, 2018-04-10 09:44:00, contaminated
trace_3.2_fail, EAF975BE-CD41-6A32-1AB3-667681558122, firefox, 2018-04-10 09:44:00, contaminated
trace_3.2_fail, 567A9693-9A82-FCE2-403D-71A311F96911, firefox, 2018-04-10 09:44:00, contaminated
trace_3.2_fail, B2E742CF-333F-F9BB-F91D-CF81FF764DC4, firefox, 2018-04-10 09:44:00, contaminated
trace_3.2_fail, 935E34EC-3676-AF5B-C50D-166E7BF8BABA, firefox, 2018-04-10 09:44:00, contaminated
trace_3.2_fail, AE5667DF-D9B7-EA1A-E579-A4473D003F2A, firefox, 2018-04-10 09:44:00, contaminated
trace_3.2_fail, 40D84124-4066-45D9-B8A4-7BBEB2A9B4BA, firefox, 2018-04-10 09:44:00, contaminated
trace_3.2_fail, 2A478D52-A185-5C3C-F022-C56AF8E97D84, firefox, 2018-04-10 09:44:00, contaminated
trace_3.2_fail, F06F81DF-158B-096B-3487-218AB490AEA5, firefox, 2018-04-10 09:44:00, contaminated
trace_3.2_fail, 414A5011-F83D-C345-A018-30D8425275D6, firefox, 2018-04-10 09:44:00, contaminated
trace_3.2_fail, 1409BCE6-7091-36A6-4146-5E3733B1B0C8, firefox, 2018-04-10 09:44:00, contaminated
trace_3.2_fail, A5431FE0-F4E8-55B5-9A86-4092ABFB80A6, firefox, 2018-04-10 09:44:00, contaminated
trace_3.2_fail, 183FFF22-C57E-C051-E893-AC59474917B4, firefox, 2018-04-10 09:44:00, contaminated
trace_3.2_fail, AA72C5A7-2AA8-F10E-285F-1368815FBC2D, firefox, 2018-04-10 09:44:00, contaminated
trace_3.2_fail, 5D2A7C5E-9AE8-9478-A3D3-5877846CE7D5, firefox, 2018-04-10 09:44:01, contaminated
trace_3.2_fail, A5F6B8FA-A5D5-BBDB-5CAB-A609C5E8BD4D, firefox, 2018-04-10 09:44:01, contaminated
trace_3.2_fail, 2E05B9C2-F3FF-017F-2B3F-FEAE7C493897, firefox, 2018-04-10 09:44:01, contaminated
trace_3.2_fail, 9FFB2861-8281-0E5B-CE23-BA152DFE5776, firefox, 2018-04-10 09:44:01, contaminated
trace_3.2_fail, B938ADAD-4CDE-C652-8F6B-2D7386087969, firefox, 2018-04-10 09:44:01, contaminated
trace_3.2_fail, AC0CABBA-6D1C-C4CF-4F30-AE7404DE8566, firefox, 2018-04-10 09:44:01, contaminated
trace_3.2_fail, 1E2E7F3D-4ECB-0C05-AA38-256E95B2EE4D, firefox, 2018-04-10 09:44:03, contaminated
trace_3.2_fail, 4BCE0644-D6F3-62B0-B501-E2B83888F397, firefox, 2018-04-10 09:44:04, contaminated
trace_3.2_fail, 51B25264-B82E-3E14-17A8-8776D7C38839, firefox, 2018-04-10 09:44:04, contaminated
trace_3.2_fail, 961EBA02-7E88-98C6-9E84-8E4567A05A3D, firefox, 2018-04-10 09:44:04, contaminated
trace_3.2_fail, FCBF11CA-AA6C-DAB6-21BA-ED8B6CD4A505, firefox, 2018-04-10 09:44:04, contaminated
trace_3.2_fail, 0D8A3A38-5297-E0C8-A94A-9237905AD9C9, firefox, 2018-04-10 09:44:04, contaminated
trace_3.2_fail, D10CED7C-9503-6DD8-6A77-F540B50C0CE9, firefox, 2018-04-10 09:44:04, contaminated
trace_3.2_fail, A7CF5D97-512E-3083-1092-43241048134E, firefox, 2018-04-10 09:44:04, contaminated
trace_3.2_fail, 5594259C-7D5E-9260-EC79-ACBDA513BD07, firefox, 2018-04-10 09:44:04, contaminated
trace_3.2_fail, BDC6BC60-DBE5-247B-9582-BC3AEA4A7FEB, firefox, 2018-04-10 09:44:04, contaminated
trace_3.2_fail, 54F9E525-F0CC-EC7F-06C6-829ACDE21F14, firefox, 2018-04-10 09:44:04, contaminated
trace_3.2_fail, 753D8101-C844-C295-FFAF-D3AA4AAC1D23, firefox, 2018-04-10 09:44:04, contaminated
trace_3.2_fail, 52584B2D-2AA8-7662-01DF-A7B0FE107116, firefox, 2018-04-10 09:44:04, contaminated
trace_3.2_fail, AE4A1B4F-E085-C7A4-74CC-5B5FC1BFC681, firefox, 2018-04-10 09:44:04, contaminated
trace_3.2_fail, 78544444-8121-B23F-F554-4DB63067714E, firefox, 2018-04-10 09:44:04, contaminated
trace_3.2_fail, D11F19F4-8F91-12D1-1B98-BF73947A2C79, firefox, 2018-04-10 09:44:04, contaminated
trace_3.2_fail, D7FB726D-32A6-05F8-0E2B-0F165AA8E815, firefox, 2018-04-10 09:44:04, contaminated
trace_3.2_fail, 14CE8FA9-8E5A-EBD8-E783-D8A4D672A5BE, firefox, 2018-04-10 09:44:04, contaminated
trace_3.2_fail, 91189537-503D-10C8-EFAD-C7E3BCCCEB44, firefox, 2018-04-10 09:44:05, contaminated
trace_3.2_fail, 1827A418-2165-274F-6EF9-4E37590B0691, firefox, 2018-04-10 09:44:05, contaminated
trace_3.2_fail, 9EC3300B-FE6B-9900-EBE4-D15C58D7BA92, firefox, 2018-04-10 09:44:05, contaminated
trace_3.2_fail, A220B6DB-1600-EFD3-D973-EBE239ACE32C, firefox, 2018-04-10 09:44:05, contaminated
trace_3.2_fail, 476E9480-1842-6970-D3FA-FA57A510E745, firefox, 2018-04-10 09:44:05, contaminated
trace_3.2_fail, 2DA94BE6-7E23-AE00-6403-B264E6495109, firefox, 2018-04-10 09:44:05, contaminated
trace_3.2_fail, 1AD81058-27AD-0584-4A61-AF22C561EAAF, firefox, 2018-04-10 09:44:05, contaminated
trace_3.2_fail, 9F5AB555-4EBE-B488-1799-2D5589221EFB, firefox, 2018-04-10 09:44:05, contaminated
trace_3.2_fail, 3F17ADFA-910A-5FAB-5ED8-385D121CF3E9, firefox, 2018-04-10 09:44:05, contaminated
trace_3.2_fail, CCC9669E-7197-BBCA-8066-BA9FE61EDD7A, firefox, 2018-04-10 09:44:05, contaminated
trace_3.2_fail, 9C7653C1-CDF6-8881-48C5-171A74F26F1B, firefox, 2018-04-10 09:44:05, contaminated
trace_3.2_fail, 54B38B23-0796-DCE3-81DD-EF9A440174E7, firefox, 2018-04-10 09:44:05, contaminated
trace_3.2_fail, C4003B5C-D475-DDE3-A3AF-068A797B5D70, firefox, 2018-04-10 09:44:05, contaminated
trace_3.2_fail, 3B743C20-6041-5907-CCE1-39189DB74E6D, firefox, 2018-04-10 09:44:05, contaminated
trace_3.2_fail, D94C5101-9D2F-E2BF-33AA-BBBEAA34391E, firefox, 2018-04-10 09:44:05, contaminated
trace_3.2_fail, 6F3D2BC0-88D6-C01F-89B8-F3C04C03C4EC, firefox, 2018-04-10 09:44:05, contaminated
trace_3.2_fail, E98EDE22-023D-936D-51D0-13BCF783C469, firefox, 2018-04-10 09:44:05, contaminated
trace_3.2_fail, 493AAA56-3C7F-6CC7-CD29-C7A0957F682C, firefox, 2018-04-10 09:44:05, contaminated
trace_3.2_fail, D4400FCF-2C55-746D-268D-3047E0A8327C, firefox, 2018-04-10 09:44:05, contaminated
trace_3.2_fail, 88F0D80A-6BB8-BCBE-C285-1FDEFE5D14E6, firefox, 2018-04-10 09:44:05, contaminated
trace_3.2_fail, B541F73E-B115-E290-A481-489DC489246F, firefox, 2018-04-10 09:44:05, contaminated
trace_3.2_fail, 5A949DF8-A700-575E-AF05-1AAF4143346C, firefox, 2018-04-10 09:44:05, contaminated
trace_3.2_fail, 546B2EE2-77C0-F37D-FE54-EB36CBD233BC, firefox, 2018-04-10 09:44:05, contaminated
trace_3.2_fail, DB994683-3F13-743A-CB8B-9CC590AD7F86, firefox, 2018-04-10 09:44:05, contaminated
trace_3.2_fail, FB16EA74-5048-EDC5-B88C-9E6C65990E82, firefox, 2018-04-10 09:44:05, contaminated
trace_3.2_fail, D63C1571-FE81-D795-211D-DA9FF6779D24, firefox, 2018-04-10 09:44:05, contaminated
trace_3.2_fail, E4FF6540-FF06-5E18-8D3D-34467D90309C, firefox, 2018-04-10 09:44:05, contaminated
trace_3.2_fail, 98BAD867-7C47-B002-D196-1A13A054FEEA, firefox, 2018-04-10 09:44:05, contaminated
trace_3.2_fail, A25DBA0B-E707-E217-B0B4-183B98D7C02D, firefox, 2018-04-10 09:44:05, contaminated
trace_3.2_fail, 15D39AA5-142A-0734-87EB-987ECD955972, firefox, 2018-04-10 09:44:05, contaminated
trace_3.2_fail, ADC096CD-13EC-9CAD-464E-7DA1618A8293, firefox, 2018-04-10 09:44:05, contaminated
trace_3.2_fail, F41ABAA0-A74D-6D2B-50FB-3545210F643E, firefox, 2018-04-10 09:44:05, contaminated
trace_3.2_fail, 8A051FA7-F98D-0F41-4A95-AFFDD24245E3, firefox, 2018-04-10 09:44:05, contaminated
trace_3.2_fail, 6A51E108-80F5-C2C0-4CC8-0637FE96093E, firefox, 2018-04-10 09:44:05, contaminated
trace_3.2_fail, 0BCFD68A-666B-F2C6-7BD2-C5921A8F5A74, firefox, 2018-04-10 09:44:05, contaminated
trace_3.2_fail, 67D880F5-1947-503D-A20F-65C7EB7F0C52, firefox, 2018-04-10 09:44:05, contaminated
trace_3.2_fail, A7CBB4DB-D7B8-8C21-0C51-3423DB5AEBDF, firefox, 2018-04-10 09:44:05, contaminated
trace_3.2_fail, 79DE6CF2-8C3D-E17E-C4BD-8075D4DB1BC7, firefox, 2018-04-10 09:44:05, contaminated
trace_3.2_fail, B62EE500-DCC1-FC25-66E9-C74E93BAAC31, firefox, 2018-04-10 09:44:05, contaminated
trace_3.2_fail, 02EECE98-7C05-75BB-14D7-F38E4A4913BA, firefox, 2018-04-10 09:44:06, contaminated
trace_3.2_fail, 6CA9A0F1-8736-BE37-A63E-7C6780AED1D8, firefox, 2018-04-10 09:44:06, contaminated
trace_3.2_fail, DCB1109B-9450-E8A8-90FA-FAAD9332FD06, firefox, 2018-04-10 09:44:06, contaminated
trace_3.2_fail, 6E2DEA2D-5A0D-371A-258F-6435950F44DB, firefox, 2018-04-10 09:44:06, contaminated
trace_3.2_fail, D39A35BC-C4C2-7FFE-9177-0D1BC66F957F, firefox, 2018-04-10 09:44:06, contaminated
trace_3.2_fail, 1FA70E7A-241A-F672-ED4D-27C0659AC251, firefox, 2018-04-10 09:44:06, contaminated
trace_3.2_fail, 2BC986B2-ECA9-7E99-2310-23ED440D9532, firefox, 2018-04-10 09:44:08, contaminated
trace_3.2_fail, AC996D6C-045B-4025-AE4A-AF62C1D5BACD, firefox, 2018-04-10 09:44:09, contaminated
trace_3.2_fail, FFED1196-0BAF-CB8C-533B-C15132EBCE16, firefox, 2018-04-10 09:44:09, contaminated
trace_3.2_fail, 7F7C28D0-5B3C-92BE-B3DC-25048A665807, firefox, 2018-04-10 09:44:09, contaminated
trace_3.2_fail, 2F510406-14B7-B847-D967-AB757DC21528, firefox, 2018-04-10 09:44:09, contaminated
trace_3.2_fail, 4E3EBBA4-9657-AA4E-8029-DCF21057B8C9, firefox, 2018-04-10 09:44:09, contaminated
trace_3.2_fail, F5FE17BE-5135-52F1-F7C5-CB6086237559, firefox, 2018-04-10 09:44:09, contaminated
trace_3.2_fail, 8AF0C845-95E5-4BEB-D783-2B841BA672DA, firefox, 2018-04-10 09:44:09, contaminated
trace_3.2_fail, 30D63D25-8678-9E10-6920-81909AC1368C, firefox, 2018-04-10 09:44:09, contaminated
trace_3.2_fail, BB007F24-BF7D-78AC-C976-0F228564A5A8, firefox, 2018-04-10 09:44:09, contaminated
trace_3.2_fail, 7DE48984-E885-C3AC-5721-BC6EEAD28288, firefox, 2018-04-10 09:44:09, contaminated
trace_3.2_fail, CFE6A62E-0A52-0892-7456-397AD797B490, firefox, 2018-04-10 09:44:09, contaminated
trace_3.2_fail, EAAACF02-3053-EFB4-4151-DBEFF9FEDE8E, firefox, 2018-04-10 09:44:09, contaminated
trace_3.2_fail, 265ABDF1-93A3-852C-D0D0-FDFFEA43FFFD, firefox, 2018-04-10 09:44:09, contaminated
trace_3.2_fail, F91F5B2C-360C-D866-91BB-A9A33B21F91F, firefox, 2018-04-10 09:44:09, contaminated
trace_3.2_fail, 3B1E81FD-D0D4-743D-D58F-2D32D09062E3, firefox, 2018-04-10 09:44:09, contaminated
trace_3.2_fail, 2D21AAF0-23D5-3E5C-57D2-3EB250F8C920, firefox, 2018-04-10 09:44:09, contaminated
trace_3.2_fail, 2B4080FC-7E62-0B21-9C93-80CD781894ED, firefox, 2018-04-10 09:44:10, contaminated
trace_3.2_fail, 367EAEBC-4BFD-0BE2-CD36-32F26B62FBA4, firefox, 2018-04-10 09:44:10, contaminated
trace_3.2_fail, DDF6706F-E739-CE01-64DC-8EDF1B22740D, firefox, 2018-04-10 09:44:10, contaminated
trace_3.2_fail, 9FFA39BA-F742-EBEA-EEF4-A331F59A4F52, firefox, 2018-04-10 09:44:10, contaminated
trace_3.2_fail, 7625A2B7-2506-D108-BD36-65B8E04825D8, firefox, 2018-04-10 09:44:10, contaminated
trace_3.2_fail, CDD9627C-78B2-AC67-2F93-C29B8FDB79E0, firefox, 2018-04-10 09:44:10, contaminated
trace_3.2_fail, B0A72C0F-A1D6-D3E9-3E7E-922D41D149EE, firefox, 2018-04-10 09:44:10, contaminated
trace_3.2_fail, EDEE5AFE-A24B-753A-3ACB-EFD7263BA34A, firefox, 2018-04-10 09:44:10, contaminated
trace_3.2_fail, A0D04203-52F3-D18F-5364-EBE3FD90EDFB, firefox, 2018-04-10 09:44:10, contaminated
trace_3.2_fail, EFAC41C5-D3B0-BE7E-5073-28CE89CA5872, firefox, 2018-04-10 09:44:10, contaminated
trace_3.2_fail, E1B55420-A158-00A8-4CEE-0E172D394268, firefox, 2018-04-10 09:44:10, contaminated
trace_3.2_fail, 208E53F2-B8E5-2C9B-8A4A-B647B07EAF10, firefox, 2018-04-10 09:44:10, contaminated
trace_3.2_fail, 43F09D8A-BB08-B0A7-7C7F-1CE1CE0D0F35, firefox, 2018-04-10 09:44:10, contaminated
trace_3.2_fail, 8ED65AAE-9A59-BA4F-8338-D892A2E139D0, firefox, 2018-04-10 09:44:10, contaminated
trace_3.2_fail, 8542CB7B-21F1-34F9-2CE6-F30C18182DCF, firefox, 2018-04-10 09:44:10, contaminated
trace_3.2_fail, D06B5ACC-BD77-7D54-8812-16903576C80F, firefox, 2018-04-10 09:44:10, contaminated
trace_3.2_fail, 0A18E820-EB4E-BEE5-373D-EFA9F95F84B1, firefox, 2018-04-10 09:44:10, contaminated
trace_3.2_fail, DAF1D9FE-72F9-9C75-C114-96DE3FE2BB16, firefox, 2018-04-10 09:44:10, contaminated
trace_3.2_fail, A8FC9099-7F9C-BD0C-89B7-9C7AFCB7E511, firefox, 2018-04-10 09:44:10, contaminated
trace_3.2_fail, 51EB9436-EA81-0C4A-E226-2D66D2FD9FBE, firefox, 2018-04-10 09:44:10, contaminated
trace_3.2_fail, F31C8266-9D2D-C842-93D2-727AB65AC3EE, firefox, 2018-04-10 09:44:10, contaminated
trace_3.2_fail, B18CF2BA-B1CE-4E38-623D-08F4AD196CBB, firefox, 2018-04-10 09:44:10, contaminated
trace_3.2_fail, A1540016-7E51-DADD-25E4-C8B878F0D21E, firefox, 2018-04-10 09:44:10, contaminated
trace_3.2_fail, BBE8B9C6-3C22-DC10-E081-A838449BAEC2, firefox, 2018-04-10 09:44:10, contaminated
trace_3.2_fail, B09C6E7A-CEF1-D493-CD16-A183B08E30A1, firefox, 2018-04-10 09:44:10, contaminated
trace_3.2_fail, 56E9A4A3-A79D-76EC-7B3E-F982D402A124, firefox, 2018-04-10 09:44:10, contaminated
trace_3.2_fail, 031035A9-0991-6DDA-D179-6F2BFCBA79AE, firefox, 2018-04-10 09:44:10, contaminated
trace_3.2_fail, 960825CA-5289-68EA-4CA3-564B86899F09, firefox, 2018-04-10 09:44:10, contaminated
trace_3.2_fail, 8ACB47A6-237A-4017-6926-C0D9ACDA871E, firefox, 2018-04-10 09:44:10, contaminated
trace_3.2_fail, B1B5726B-92A5-186E-B5A2-678EC2641E44, firefox, 2018-04-10 09:44:10, contaminated
trace_3.2_fail, C4F41A91-BE5C-94F5-16B5-037EBC2224C6, firefox, 2018-04-10 09:44:10, contaminated
trace_3.2_fail, D2D3B2A3-3818-383B-25CE-8833284A19E3, firefox, 2018-04-10 09:44:10, contaminated
trace_3.2_fail, 95329686-E251-3296-CF94-804552FD24C1, firefox, 2018-04-10 09:44:10, contaminated
trace_3.2_fail, BAFA6EE1-D804-AB33-9EDC-4164931742EE, firefox, 2018-04-10 09:44:10, contaminated
trace_3.2_fail, 3A14F204-C3FA-2F2E-6893-A7FD2AF56D5E, firefox, 2018-04-10 09:44:10, contaminated
trace_3.2_fail, 4FB784EA-4389-5E66-1D05-46A2F87A9ABE, firefox, 2018-04-10 09:44:10, contaminated
trace_3.2_fail, FA39408B-6FEF-E21D-4051-380424D3F272, firefox, 2018-04-10 09:44:10, contaminated
trace_3.2_fail, 8CC7C584-BB92-7DA3-D72E-9D3BDBC27053, firefox, 2018-04-10 09:44:10, contaminated
trace_3.2_fail, D99E279D-C262-0CDD-C386-84EDF9FDFD9F, firefox, 2018-04-10 09:44:10, contaminated
trace_3.2_fail, 849EC295-5D6E-1439-C380-DE25523404AB, firefox, 2018-04-10 09:44:10, contaminated
trace_3.2_fail, E92F3760-6B49-8ABD-80FB-124F97181AA1, firefox, 2018-04-10 09:44:10, contaminated
trace_3.2_fail, C6620F89-EDB6-6956-0C80-F7E375876310, firefox, 2018-04-10 09:44:11, contaminated
trace_3.2_fail, 09455FB6-0F96-A977-B30E-D28EA3FBBE2E, firefox, 2018-04-10 09:44:11, contaminated
trace_3.2_fail, E6C22278-6C43-DE78-2088-93AB7AAA4110, firefox, 2018-04-10 09:44:11, contaminated
trace_3.2_fail, C306187E-D2F7-9FE1-D18B-708EFB1519A2, firefox, 2018-04-10 09:44:11, contaminated
trace_3.2_fail, 0624956F-CA2B-09D4-49EF-263E52CE6B97, firefox, 2018-04-10 09:44:11, contaminated
trace_3.2_fail, 34CF758B-193F-7391-E2E2-483004FA1DFD, firefox, 2018-04-10 09:44:12, contaminated
trace_3.2_fail, E309860D-AD7C-3053-FEC5-D98A2BDB4E1F, firefox, 2018-04-10 09:44:14, contaminated
trace_3.2_fail, BF91F17A-3DB0-E655-FC42-61CE03799C7A, firefox, 2018-04-10 09:44:14, contaminated
trace_3.2_fail, A91F4F4D-7A53-CD88-990E-26C6DADB2752, firefox, 2018-04-10 09:44:14, contaminated
trace_3.2_fail, A50E7CB1-D86F-6A03-4262-1B90B14ABD4C, firefox, 2018-04-10 09:44:14, contaminated
trace_3.2_fail, DA1FEA41-53D3-017B-0979-8B50EC7AC88A, firefox, 2018-04-10 09:44:14, contaminated
trace_3.2_fail, D2CCA2C5-1251-72CF-95AC-A58561544975, firefox, 2018-04-10 09:44:14, contaminated
trace_3.2_fail, D4C4688A-71E0-35EF-5617-A723ABB6CEF6, firefox, 2018-04-10 09:44:14, contaminated
trace_3.2_fail, 01F83248-3231-A71A-E078-D864072D1A14, firefox, 2018-04-10 09:44:14, contaminated
trace_3.2_fail, D17DFC94-56B4-C14C-1F02-359475D45633, firefox, 2018-04-10 09:44:14, contaminated
trace_3.2_fail, 659D8C78-798B-9BAA-714E-7B3CB9C9B6E2, firefox, 2018-04-10 09:44:14, contaminated
trace_3.2_fail, 5D277815-FDBB-A06E-7B5F-C786FB09D70B, firefox, 2018-04-10 09:44:14, contaminated
trace_3.2_fail, 62363C01-4B13-A024-DE25-564B4992B37B, firefox, 2018-04-10 09:44:14, contaminated
trace_3.2_fail, A9AE80B5-52D0-3D4A-F982-CA599C26B66E, firefox, 2018-04-10 09:44:14, contaminated
trace_3.2_fail, 5CC344F9-CD52-6EF4-E391-A39B6C150805, firefox, 2018-04-10 09:44:14, contaminated
trace_3.2_fail, 534DB28D-9891-0AF6-9DFE-821DF0A2A449, firefox, 2018-04-10 09:44:14, contaminated
trace_3.2_fail, 9C521C1D-012F-A69E-1E8F-CFF3E0A43E19, firefox, 2018-04-10 09:44:14, contaminated
trace_3.2_fail, 68BF1E8E-4EA7-834F-ACDC-9E40F568E951, firefox, 2018-04-10 09:44:14, contaminated
trace_3.2_fail, AB3B4867-172E-72B4-C5E7-8B3E6F81FB0E, firefox, 2018-04-10 09:44:15, contaminated
trace_3.2_fail, C80AA802-4D82-0C8C-B136-40913F282BA1, firefox, 2018-04-10 09:44:15, contaminated
trace_3.2_fail, C8B48772-EDEB-28A5-8BB3-9B94E20FCFFC, firefox, 2018-04-10 09:44:15, contaminated
trace_3.2_fail, 5D096757-0779-2A2C-6AB1-A9B21AAB7B97, firefox, 2018-04-10 09:44:15, contaminated
trace_3.2_fail, 696835C9-C712-12FA-4E44-042721B14288, firefox, 2018-04-10 09:44:15, contaminated
trace_3.2_fail, C7D6A5A1-701E-274E-A74A-7ADE881FCB3C, firefox, 2018-04-10 09:44:15, contaminated
trace_3.2_fail, 3E11A124-50B7-8B9D-FB56-ABC80D9C87D2, firefox, 2018-04-10 09:44:15, contaminated
trace_3.2_fail, FC17AAE3-3354-F461-5BD1-7231E752BBC4, firefox, 2018-04-10 09:44:15, contaminated
trace_3.2_fail, DDABA204-D584-255D-EB36-6B3140F01032, firefox, 2018-04-10 09:44:15, contaminated
trace_3.2_fail, 732B4793-DA5D-9A2C-14AE-68F3AA851B48, firefox, 2018-04-10 09:44:15, contaminated
trace_3.2_fail, 7BF491E9-CE17-4680-15DD-3414C54279D5, firefox, 2018-04-10 09:44:15, contaminated
trace_3.2_fail, 6A86DF77-5EAB-8B67-BA22-E3252AEC5975, firefox, 2018-04-10 09:44:15, contaminated
trace_3.2_fail, DE882BE3-549A-7311-8EE9-728655573BF9, firefox, 2018-04-10 09:44:15, contaminated
trace_3.2_fail, 66549E78-8EF4-889C-C5CB-1BE981FB74ED, firefox, 2018-04-10 09:44:15, contaminated
trace_3.2_fail, D14B52E8-8243-1142-7F60-D4E2E8D11B8A, firefox, 2018-04-10 09:44:15, contaminated
trace_3.2_fail, FAB1366D-A7C1-1402-5A25-AB099745858E, firefox, 2018-04-10 09:44:15, contaminated
trace_3.2_fail, 2016E468-D4A8-9BF7-C97E-60BD3A2D7353, firefox, 2018-04-10 09:44:15, contaminated
trace_3.2_fail, C2D6817D-7E3E-8BEE-A7E5-28883BAE39C4, firefox, 2018-04-10 09:44:15, contaminated
trace_3.2_fail, 5802CF01-7B06-2913-A4A5-F8B5835F3571, firefox, 2018-04-10 09:44:15, contaminated
trace_3.2_fail, AF4AD2F0-9A76-845A-DAE9-D89F08A62857, firefox, 2018-04-10 09:44:15, contaminated
trace_3.2_fail, 04980A89-626C-4D19-869D-5D7EE9FF6556, firefox, 2018-04-10 09:44:15, contaminated
trace_3.2_fail, F898EC03-A324-B219-4305-87455FB35E32, firefox, 2018-04-10 09:44:15, contaminated
trace_3.2_fail, 98A99051-F166-FC34-6D78-2C35468894CE, firefox, 2018-04-10 09:44:15, contaminated
trace_3.2_fail, A234BDC9-A0B5-5FC0-61C9-752025B0CA32, firefox, 2018-04-10 09:44:15, contaminated
trace_3.2_fail, 12ABC81E-2F5E-2AE1-68C7-90AEE3299A38, firefox, 2018-04-10 09:44:15, contaminated
trace_3.2_fail, 16C8AA24-FA2C-D9EA-E54F-5DCCB3D35CDB, firefox, 2018-04-10 09:44:15, contaminated
trace_3.2_fail, 770C1327-276C-A689-BB87-1A47622CF003, firefox, 2018-04-10 09:44:15, contaminated
trace_3.2_fail, 2A905E40-0BB5-82DD-88FC-53F452E3623E, firefox, 2018-04-10 09:44:15, contaminated
trace_3.2_fail, F4803C60-42F3-0963-CB7D-AA46AA6AD357, firefox, 2018-04-10 09:44:15, contaminated
trace_3.2_fail, AE329D91-5F87-3D48-55CE-6B35A6E33DC9, firefox, 2018-04-10 09:44:15, contaminated
trace_3.2_fail, BB864B4B-CA56-2690-EDF9-5A9930FE7F99, firefox, 2018-04-10 09:44:15, contaminated
trace_3.2_fail, AA18E337-96A2-B39A-BCBF-B6AF035243EB, firefox, 2018-04-10 09:44:15, contaminated
trace_3.2_fail, 9E3867EA-39D8-E1A3-BD08-9E353B3168C1, firefox, 2018-04-10 09:44:15, contaminated
trace_3.2_fail, AA435473-3148-3344-87A2-546A4AB1F148, firefox, 2018-04-10 09:44:15, contaminated
trace_3.2_fail, 97097773-250A-BBC3-98DB-E8AEA014D20F, firefox, 2018-04-10 09:44:15, contaminated
trace_3.2_fail, 3C4D704E-2059-EE04-03D0-E8880F638D22, firefox, 2018-04-10 09:44:15, contaminated
trace_3.2_fail, 78708436-A8FC-55FF-3228-069BC91BB8F0, firefox, 2018-04-10 09:44:15, contaminated
trace_3.2_fail, 69393AAC-C765-DF5A-9EE3-2BDF3C3122D3, firefox, 2018-04-10 09:44:15, contaminated
trace_3.2_fail, E26D7F2A-B606-E915-F0CF-6DD2950B1F3C, firefox, 2018-04-10 09:44:15, contaminated
trace_3.2_fail, 95EB90FD-CF3B-115E-95DD-9BD623B75337, firefox, 2018-04-10 09:44:15, contaminated
trace_3.2_fail, B5FDCD7D-A20D-0836-2B6D-EAD0944BEBDB, firefox, 2018-04-10 09:44:15, contaminated
trace_3.2_fail, 0486B875-69B5-16E7-7940-B0CA27F9F047, firefox, 2018-04-10 09:44:15, contaminated
trace_3.2_fail, E1DFAC6F-D636-774F-FC5B-7DDA5770ECDA, firefox, 2018-04-10 09:44:16, contaminated
trace_3.2_fail, C9B40D89-3DC6-EC65-AE7E-60BBF828EBF8, firefox, 2018-04-10 09:44:16, contaminated
trace_3.2_fail, AEF2D1F3-4F45-E43B-F19F-EFE1F1E9E090, firefox, 2018-04-10 09:44:16, contaminated
trace_3.2_fail, 677DE6D3-6B60-F226-A81B-746E9AA9A472, firefox, 2018-04-10 09:44:16, contaminated
trace_3.2_fail, 95C4A4A1-2A14-F7C0-860D-85FF41BF1426, firefox, 2018-04-10 09:44:16, contaminated
trace_3.2_fail, B88F00AD-F5A9-7631-FC22-C834E2A91EC0, firefox, 2018-04-10 09:44:16, contaminated
trace_3.2_fail, 6BDBD938-5B2D-1354-962C-8D73C72B79D7, firefox, 2018-04-10 09:44:18, contaminated
trace_3.2_fail, E729E78B-E1C6-2B56-8DED-5BB1834A363E, firefox, 2018-04-10 09:44:19, contaminated
trace_3.2_fail, 5D389695-2E0E-9A78-4F28-636531099A1F, firefox, 2018-04-10 09:44:19, contaminated
trace_3.2_fail, 60A2D31D-3F8C-4B93-8C8B-F5A2C8836FAF, firefox, 2018-04-10 09:44:19, contaminated
trace_3.2_fail, 59ADB2FE-C519-E7F0-DA8D-EF268BB90CA3, firefox, 2018-04-10 09:44:19, contaminated
trace_3.2_fail, FAB31766-365D-4513-1DAC-6DA0DBF4E40B, firefox, 2018-04-10 09:44:19, contaminated
trace_3.2_fail, CB4BF112-700A-4774-AC39-668ED1264062, firefox, 2018-04-10 09:44:19, contaminated
trace_3.2_fail, B2A47D29-061F-54BE-85F7-9CAF46BFEDC2, firefox, 2018-04-10 09:44:19, contaminated
trace_3.2_fail, F022F92D-262B-2EB1-ABF7-97551B234EFE, firefox, 2018-04-10 09:44:19, contaminated
trace_3.2_fail, BF01D080-679E-DE22-61A8-836356460F6E, firefox, 2018-04-10 09:44:19, contaminated
trace_3.2_fail, B8B99838-85F6-AB51-743A-D4CA6AB91C8D, firefox, 2018-04-10 09:44:19, contaminated
trace_3.2_fail, 32800D75-4857-436D-B1A7-63D7BFB0DE09, firefox, 2018-04-10 09:44:19, contaminated
trace_3.2_fail, 156320B7-1E1D-B12E-3812-72403C9B0C00, firefox, 2018-04-10 09:44:19, contaminated
trace_3.2_fail, B0B3FC62-D749-11F8-4F94-7A81527DF8ED, firefox, 2018-04-10 09:44:19, contaminated
trace_3.2_fail, E5982665-F163-36E1-10DD-112EA54E83C1, firefox, 2018-04-10 09:44:19, contaminated
trace_3.2_fail, BEC8BBA8-CE26-0645-C0A5-4312290EB627, firefox, 2018-04-10 09:44:19, contaminated
trace_3.2_fail, F3C2689A-6F3B-B083-518B-7368C49A2454, firefox, 2018-04-10 09:44:19, contaminated
trace_3.2_fail, 4AFE1415-1FEE-A206-41BA-8826023938B9, firefox, 2018-04-10 09:44:20, contaminated
trace_3.2_fail, 7421CC04-8B19-697D-E037-A7436263A93B, firefox, 2018-04-10 09:44:20, contaminated
trace_3.2_fail, 3136A416-5139-A850-9236-5AAD6BA00DA9, firefox, 2018-04-10 09:44:20, contaminated
trace_3.2_fail, 15A436AE-BA6E-011D-1061-5E9158D28160, firefox, 2018-04-10 09:44:20, contaminated
trace_3.2_fail, 167F1511-2221-3EFE-98C3-3BB9D418FAF8, firefox, 2018-04-10 09:44:20, contaminated
trace_3.2_fail, ACA58198-EE39-7547-457E-78BCE6C51BB2, firefox, 2018-04-10 09:44:20, contaminated
trace_3.2_fail, DE35D1EF-0C0B-CFE1-B4C7-622D9E36D514, firefox, 2018-04-10 09:44:20, contaminated
trace_3.2_fail, 47127ED1-7349-F6DC-7A26-9A5DD01D8A4E, firefox, 2018-04-10 09:44:20, contaminated
trace_3.2_fail, 1E46102A-BC61-B637-912D-235AB3253DF8, firefox, 2018-04-10 09:44:20, contaminated
trace_3.2_fail, 525FBFCD-98BA-6763-8504-CDAAC7569BB6, firefox, 2018-04-10 09:44:20, contaminated
trace_3.2_fail, 65D95612-490D-2746-DEB9-AC98653A50F8, firefox, 2018-04-10 09:44:20, contaminated
trace_3.2_fail, FA649321-4572-D666-87A8-2258F34AA0D7, firefox, 2018-04-10 09:44:20, contaminated
trace_3.2_fail, E3D8C5CD-E430-D428-0E9F-42B2940E456F, firefox, 2018-04-10 09:44:20, contaminated
trace_3.2_fail, ECFC8063-ADFD-C119-2C49-B06E5CEBF01D, firefox, 2018-04-10 09:44:20, contaminated
trace_3.2_fail, 692E4552-F23E-2C85-AA07-049D6A0D708A, firefox, 2018-04-10 09:44:20, contaminated
trace_3.2_fail, C256F98E-3899-AE42-3FA0-667DDD7C910B, firefox, 2018-04-10 09:44:20, contaminated
trace_3.2_fail, AEBEF3B1-44A0-A38C-CC4E-4CDF40950C3E, firefox, 2018-04-10 09:44:20, contaminated
trace_3.2_fail, C7454686-F583-1577-A3ED-AB16386BA2B4, firefox, 2018-04-10 09:44:20, contaminated
trace_3.2_fail, A7B0BB26-F381-9CE9-050F-B5A7D977D93C, firefox, 2018-04-10 09:44:20, contaminated
trace_3.2_fail, F7CF0C4B-889C-29C0-1227-6C6C57F77572, firefox, 2018-04-10 09:44:20, contaminated
trace_3.2_fail, 9F950F2E-FE12-D4AE-6A4C-F4E759564122, firefox, 2018-04-10 09:44:20, contaminated
trace_3.2_fail, 6942E287-E8D5-F224-C851-5C5437192C98, firefox, 2018-04-10 09:44:20, contaminated
trace_3.2_fail, 33A6983C-76E5-D46D-3685-A2D6EF28D5BB, firefox, 2018-04-10 09:44:20, contaminated
trace_3.2_fail, 081CF5C8-2EB7-2563-E936-39B64A50CF16, firefox, 2018-04-10 09:44:20, contaminated
trace_3.2_fail, E0A5D08F-AEA7-1D7D-DFA1-7466A6E2B419, firefox, 2018-04-10 09:44:20, contaminated
trace_3.2_fail, 18762FEF-C826-8174-D53C-41D102F90866, firefox, 2018-04-10 09:44:20, contaminated
trace_3.2_fail, 89220756-4DDE-9812-733B-2708C613833F, firefox, 2018-04-10 09:44:20, contaminated
trace_3.2_fail, CABAB5F7-E456-B1F0-15E6-E1872F302CCC, firefox, 2018-04-10 09:44:20, contaminated
trace_3.2_fail, 07455460-94F1-3BB7-86F4-C0909DA6DE68, firefox, 2018-04-10 09:44:20, contaminated
trace_3.2_fail, 280D913D-728A-A3E0-8D79-4C7EC15BACF2, firefox, 2018-04-10 09:44:20, contaminated
trace_3.2_fail, 4E570D50-2574-85C0-2C8B-946321F8ECB4, firefox, 2018-04-10 09:44:20, contaminated
trace_3.2_fail, EA4FFAE7-FFC7-FEA7-86F1-7C3A27C7A094, firefox, 2018-04-10 09:44:20, contaminated
trace_3.2_fail, B153B8EA-5BF3-5C6C-05E6-ABE64BFC972A, firefox, 2018-04-10 09:44:20, contaminated
trace_3.2_fail, BED5D9AB-65D5-A78D-5175-95377B8E91E3, firefox, 2018-04-10 09:44:20, contaminated
trace_3.2_fail, 102020DB-555A-3294-E22A-6ABB6DF4A668, firefox, 2018-04-10 09:44:20, contaminated
trace_3.2_fail, 965B801A-FE47-C970-A6BB-931EE8239217, firefox, 2018-04-10 09:44:20, contaminated
trace_3.2_fail, 0787CCAD-70BA-37D8-3603-FBD679AA0A1E, firefox, 2018-04-10 09:44:20, contaminated
trace_3.2_fail, 2E376257-2FF7-2DDA-4B45-E68E03D8F067, firefox, 2018-04-10 09:44:20, contaminated
trace_3.2_fail, CFE7603E-1D4B-92B2-423A-420F920C0C6A, firefox, 2018-04-10 09:44:20, contaminated
trace_3.2_fail, 229355FA-C0E3-337D-5B92-BE31C90440E9, firefox, 2018-04-10 09:44:20, contaminated
trace_3.2_fail, 154DDBC6-1F17-95DF-813A-C15DE3B2AFF0, firefox, 2018-04-10 09:44:20, contaminated
trace_3.2_fail, 3721C1B8-EDBC-1C1F-0226-9C9392F49185, firefox, 2018-04-10 09:44:21, contaminated
trace_3.2_fail, 0B57FBB9-13D2-E578-5757-F64ABB718086, firefox, 2018-04-10 09:44:21, contaminated
trace_3.2_fail, 3C79534B-41E3-80D4-E3B9-C8D395BCFC6B, firefox, 2018-04-10 09:44:21, contaminated
trace_3.2_fail, D3C8AB8D-DAAD-BEA6-B0FB-F8E0A7675DA9, firefox, 2018-04-10 09:44:21, contaminated
trace_3.2_fail, B9570C76-5016-B53A-33EE-08110BCEA10F, firefox, 2018-04-10 09:44:21, contaminated
trace_3.2_fail, 9E0AB7D1-7832-BE72-DBE7-9B19B3A8DC80, firefox, 2018-04-10 09:44:21, contaminated
trace_3.2_fail, 620D39FE-EFEF-F0C2-03E9-2EC26646075C, firefox, 2018-04-10 09:44:21, contaminated
trace_3.2_fail, CB5C3953-A140-E9D8-1F3E-0BF666C0F004, firefox, 2018-04-10 09:44:22, contaminated
trace_3.2_fail, 322C7C67-B563-8887-6C1D-3C74F479E924, firefox, 2018-04-10 09:44:24, contaminated
trace_3.2_fail, 9AE346E7-65A7-30E5-32BB-CAB31A8F81A9, firefox, 2018-04-10 09:44:24, contaminated
trace_3.2_fail, 910F027B-0946-5350-7AF5-DFE67C4A81CA, firefox, 2018-04-10 09:44:24, contaminated
trace_3.2_fail, C6BD066D-6DAC-78DA-257F-F0DA2B195621, firefox, 2018-04-10 09:44:24, contaminated
trace_3.2_fail, DAA6024A-5F72-D269-610A-85A273BE9371, firefox, 2018-04-10 09:44:24, contaminated
trace_3.2_fail, CDC9573B-3682-DAC4-3904-1C94D5311D16, firefox, 2018-04-10 09:44:24, contaminated
trace_3.2_fail, 43848E63-6DF7-1700-A5EE-A5994B0CB1AD, firefox, 2018-04-10 09:44:24, contaminated
trace_3.2_fail, FF376EFB-05F1-78B7-E800-B6A72C995679, firefox, 2018-04-10 09:44:24, contaminated
trace_3.2_fail, 92CCF269-6025-0D7F-B077-81A957A4FAA9, firefox, 2018-04-10 09:44:24, contaminated
trace_3.2_fail, 3A737B88-40FA-F623-BE4B-50377B6410B6, firefox, 2018-04-10 09:44:24, contaminated
trace_3.2_fail, D245E0E6-0FA9-11FC-EF73-9E554D526A7F, firefox, 2018-04-10 09:44:24, contaminated
trace_3.2_fail, FA7D525B-3E98-E7A9-A589-590C182803A2, firefox, 2018-04-10 09:44:24, contaminated
trace_3.2_fail, C84550A7-66F0-39A8-FB14-31B706DAB5A4, firefox, 2018-04-10 09:44:24, contaminated
trace_3.2_fail, 4A5D408A-F051-595D-54BC-77A79A8DA014, firefox, 2018-04-10 09:44:24, contaminated
trace_3.2_fail, 4CEA7A53-CA1D-796A-B256-23E3F7255C89, firefox, 2018-04-10 09:44:24, contaminated
trace_3.2_fail, ED3E7FDD-35EE-FCCD-3121-B7207E063F72, firefox, 2018-04-10 09:44:24, contaminated
trace_3.2_fail, B7D46805-8300-588E-2DC9-1C5A0A08D585, firefox, 2018-04-10 09:44:24, contaminated
trace_3.2_fail, 8E8663F6-C46C-9908-3FEA-F0710EAD0921, firefox, 2018-04-10 09:44:25, contaminated
trace_3.2_fail, 53DFC6B9-7716-38BF-8880-C4FA0DA4289A, firefox, 2018-04-10 09:44:25, contaminated
trace_3.2_fail, D948D2AB-D307-2407-B626-9F088BFB3EE0, firefox, 2018-04-10 09:44:25, contaminated
trace_3.2_fail, 04B30E9B-5D0F-1F5C-AE18-00CCB2B30CB4, firefox, 2018-04-10 09:44:25, contaminated
trace_3.2_fail, 0F7617F2-3C0E-DF62-23F7-5ECB6FC48E43, firefox, 2018-04-10 09:44:25, contaminated
trace_3.2_fail, CF16A051-03C3-C63A-883C-0A8A72F79676, firefox, 2018-04-10 09:44:25, contaminated
trace_3.2_fail, 1F76A546-57CB-966C-B395-7B3BBC67C14F, firefox, 2018-04-10 09:44:25, contaminated
trace_3.2_fail, 191B5D2D-96C3-70F8-F7D0-D49A1358007C, firefox, 2018-04-10 09:44:25, contaminated
trace_3.2_fail, 9F2EE520-E62C-38CC-0F3A-754858C72B4F, firefox, 2018-04-10 09:44:25, contaminated
trace_3.2_fail, 2721E3FF-BBA9-03DD-876B-7E973F61018E, firefox, 2018-04-10 09:44:25, contaminated
trace_3.2_fail, 6007AFF8-3AB7-50C3-10A4-6D3A9C15100F, firefox, 2018-04-10 09:44:25, contaminated
trace_3.2_fail, CC92FFAB-F628-802D-B500-CB38D271A05B, firefox, 2018-04-10 09:44:25, contaminated
trace_3.2_fail, 06DAC432-D81F-43D2-4B88-FE9FC4BB968D, firefox, 2018-04-10 09:44:25, contaminated
trace_3.2_fail, C78FBFB0-6485-AAE3-FDF9-5E6DDB5749D7, firefox, 2018-04-10 09:44:25, contaminated
trace_3.2_fail, 50FD74C6-266C-7510-CBFC-78E0F1E69DEB, firefox, 2018-04-10 09:44:25, contaminated
trace_3.2_fail, 1B2E3628-9F40-8114-5036-B492960A1CA9, firefox, 2018-04-10 09:44:25, contaminated
trace_3.2_fail, 93B2F884-01DD-6E4B-D97C-BC0C34AAAA6E, firefox, 2018-04-10 09:44:25, contaminated
trace_3.2_fail, 379006C3-E1D1-81B2-D3B2-4545C36D6772, firefox, 2018-04-10 09:44:25, contaminated
trace_3.2_fail, 256601D3-9E0D-4462-DBDB-BD197F23A902, firefox, 2018-04-10 09:44:25, contaminated
trace_3.2_fail, 0EEAA5C2-E51D-4634-4B23-AA6B5A0A9D51, firefox, 2018-04-10 09:44:25, contaminated
trace_3.2_fail, 61E11E2C-BBF1-9098-61A0-264C71C84C5F, firefox, 2018-04-10 09:44:25, contaminated
trace_3.2_fail, F174D475-0EA4-88FC-EC0E-ECBF6111554E, firefox, 2018-04-10 09:44:25, contaminated
trace_3.2_fail, C64FA00F-D1FE-E522-A15B-344FEE250702, firefox, 2018-04-10 09:44:25, contaminated
trace_3.2_fail, BF60B43E-60AB-AF4A-D1F8-A83424C3DE78, firefox, 2018-04-10 09:44:25, contaminated
trace_3.2_fail, 5C8DD142-049D-572A-C373-8FAFBC4FC8C5, firefox, 2018-04-10 09:44:25, contaminated
trace_3.2_fail, 097765F6-3F17-9778-4511-2452700A982A, firefox, 2018-04-10 09:44:25, contaminated
trace_3.2_fail, DB68EBDC-18EA-C870-B9E3-27415B75EABC, firefox, 2018-04-10 09:44:25, contaminated
trace_3.2_fail, B464C1A6-E45D-237A-50AE-C92811DE34E4, firefox, 2018-04-10 09:44:25, contaminated
trace_3.2_fail, E8A26DF6-CE66-F0E4-E26D-4E0D954BF10D, firefox, 2018-04-10 09:44:25, contaminated
trace_3.2_fail, 779226E0-1C32-3467-EF26-325CC8859357, firefox, 2018-04-10 09:44:25, contaminated
trace_3.2_fail, 3DD975ED-8284-DACD-A7E5-32219BD039A5, firefox, 2018-04-10 09:44:25, contaminated
trace_3.2_fail, 61099171-92BA-9BA6-4A8F-20E49A611744, firefox, 2018-04-10 09:44:25, contaminated
trace_3.2_fail, 04769C1F-A4A2-44D3-276D-51DC03BC29B0, firefox, 2018-04-10 09:44:25, contaminated
trace_3.2_fail, B1CE5E89-2EDE-EBDD-CA4E-96F10CAADBC3, firefox, 2018-04-10 09:44:25, contaminated
trace_3.2_fail, 23DAF8E6-B38C-3F30-74BC-4F633CC81BE5, firefox, 2018-04-10 09:44:25, contaminated
trace_3.2_fail, C891A621-E960-EFB3-B261-57FFA0E649D6, firefox, 2018-04-10 09:44:25, contaminated
trace_3.2_fail, DD28F300-8375-BB62-716A-97033E9FB272, firefox, 2018-04-10 09:44:25, contaminated
trace_3.2_fail, 3B2CD588-65F7-8C69-7644-6867B3C3E2C5, firefox, 2018-04-10 09:44:25, contaminated
trace_3.2_fail, 71002659-F620-7BF2-ED7E-AF22EA4A5128, firefox, 2018-04-10 09:44:25, contaminated
trace_3.2_fail, 1F75B4B2-BF53-4B3C-6BD7-D308BFCB503C, firefox, 2018-04-10 09:44:25, contaminated
trace_3.2_fail, ECE5286F-7625-038E-1D7F-8CC87A4C85FF, firefox, 2018-04-10 09:44:26, contaminated
trace_3.2_fail, 87FF372B-303D-FE28-EFBB-16F3264C3A8F, firefox, 2018-04-10 09:44:26, contaminated
trace_3.2_fail, 03F94FDB-9867-1442-EA4A-7669FF315649, firefox, 2018-04-10 09:44:26, contaminated
trace_3.2_fail, 3663A9C6-9A1A-479D-9698-6A3F770ADCEB, firefox, 2018-04-10 09:44:26, contaminated
trace_3.2_fail, E75EF1E6-5D1B-1AB2-5368-92A1F2AD586F, firefox, 2018-04-10 09:44:26, contaminated
trace_3.2_fail, 5B031AE1-218B-1A21-4E85-580565F616A7, firefox, 2018-04-10 09:44:26, contaminated
trace_3.2_fail, 64A0D196-B927-4284-34C8-F6F23ADED9E3, firefox, 2018-04-10 09:44:26, contaminated
trace_3.2_fail, A5394F13-2531-8421-7FEB-6448303324AF, firefox, 2018-04-10 09:44:26, contaminated
trace_3.2_fail, D22285A7-64E1-0BF0-1EA3-B5110B808F0D, firefox, 2018-04-10 09:44:26, contaminated
trace_3.2_fail, A380A542-AF85-494A-112D-FDB5553A592C, firefox, 2018-04-10 09:44:26, contaminated
trace_3.2_fail, 918F1425-42C1-B76C-76FD-3D623C96A2C8, firefox, 2018-04-10 09:44:28, contaminated
trace_3.2_fail, FE5FA683-CB94-E758-6961-A9273B1CE333, firefox, 2018-04-10 09:44:29, contaminated
trace_3.2_fail, C916245C-C454-12EB-AFCE-BFA59E0D046A, firefox, 2018-04-10 09:44:29, contaminated
trace_3.2_fail, 46480488-CD4F-704D-AE99-76A33D298665, firefox, 2018-04-10 09:44:29, contaminated
trace_3.2_fail, 2F962078-4BCE-7C87-F398-6E457FD9ACFF, firefox, 2018-04-10 09:44:29, contaminated
trace_3.2_fail, 15109674-3397-2894-D5C9-D729DD99A621, firefox, 2018-04-10 09:44:29, contaminated
trace_3.2_fail, 46A18559-4237-EB80-B69F-650CF0FD89F3, firefox, 2018-04-10 09:44:29, contaminated
trace_3.2_fail, FE33FA82-5635-DDDD-1818-07FBFE64B9B8, firefox, 2018-04-10 09:44:29, contaminated
trace_3.2_fail, 4387B7BE-774A-5B10-6342-99FD5BD8D6BD, firefox, 2018-04-10 09:44:29, contaminated
trace_3.2_fail, 99ED3D69-A393-43A9-643D-C0BDC171BA35, firefox, 2018-04-10 09:44:29, contaminated
trace_3.2_fail, 56B2C067-898B-40E5-65CF-CDEC349750F8, firefox, 2018-04-10 09:44:29, contaminated
trace_3.2_fail, 279FFD11-E964-0DC6-2029-023D1E9665E6, firefox, 2018-04-10 09:44:29, contaminated
trace_3.2_fail, 5DE1C4DE-D6B0-F4CE-0B44-139F4952BFC1, firefox, 2018-04-10 09:44:29, contaminated
trace_3.2_fail, 5B8D7A7F-5EE1-7022-C47B-58A70D020FB6, firefox, 2018-04-10 09:44:29, contaminated
trace_3.2_fail, 99D607E7-49F9-16CC-D123-674B3F1F46E2, firefox, 2018-04-10 09:44:29, contaminated
trace_3.2_fail, 83571747-E20D-3402-C877-3438416B2515, firefox, 2018-04-10 09:44:29, contaminated
trace_3.2_fail, 271A97E2-B414-CFF3-0706-39FF8F49FCFA, firefox, 2018-04-10 09:44:29, contaminated
trace_3.2_fail, F0387493-C85F-C336-7A8C-08A9814BBFF2, firefox, 2018-04-10 09:44:30, contaminated
trace_3.2_fail, 9FDCDA87-6753-FD16-A0D5-5C2BEB25EAE8, firefox, 2018-04-10 09:44:30, contaminated
trace_3.2_fail, AE6060AE-0759-B4DF-D287-A11144BF5697, firefox, 2018-04-10 09:44:30, contaminated
trace_3.2_fail, FBE9268A-8EB2-8EDB-DBD4-135ECF0CE14D, firefox, 2018-04-10 09:44:30, contaminated
trace_3.2_fail, 471D5F6D-AEE1-3D42-D79D-1D999A728E06, firefox, 2018-04-10 09:44:30, contaminated
trace_3.2_fail, B4651D46-6787-E085-8C4F-9C44DA916C28, firefox, 2018-04-10 09:44:30, contaminated
trace_3.2_fail, DADA649D-B0EE-13DC-F01E-FF215255B774, firefox, 2018-04-10 09:44:30, contaminated
trace_3.2_fail, C89521A5-9AFF-9C10-E4B2-1322A5DDACF0, firefox, 2018-04-10 09:44:30, contaminated
trace_3.2_fail, D9578543-E19C-D4BF-6790-89D55CEE5CE9, firefox, 2018-04-10 09:44:30, contaminated
trace_3.2_fail, A16EC55E-D328-C17F-832D-5FFAB8ACAB2C, firefox, 2018-04-10 09:44:30, contaminated
trace_3.2_fail, 56FCC4E5-C8B1-D763-145D-7C850486964A, firefox, 2018-04-10 09:44:30, contaminated
trace_3.2_fail, C207194A-96F6-D348-EC19-2BE483623D4B, firefox, 2018-04-10 09:44:30, contaminated
trace_3.2_fail, BABF7FBA-7789-EB21-E8B2-C79744A797B4, firefox, 2018-04-10 09:44:30, contaminated
trace_3.2_fail, 7546904B-1E68-FF44-C192-40FCD797EAC5, firefox, 2018-04-10 09:44:30, contaminated
trace_3.2_fail, 5A5B504D-2A52-A358-84A6-66232E09F41B, firefox, 2018-04-10 09:44:30, contaminated
trace_3.2_fail, 158243BA-641E-C0B7-0196-11FC4DD829C3, firefox, 2018-04-10 09:44:30, contaminated
trace_3.2_fail, 97A3A9FC-414E-1E24-B2AF-7B5B4E38D7FA, firefox, 2018-04-10 09:44:30, contaminated
trace_3.2_fail, FD8E86A9-72EF-AC23-DA5A-56BED610DB2C, firefox, 2018-04-10 09:44:30, contaminated
trace_3.2_fail, C73F7503-C595-316F-BBE7-72D720F28748, firefox, 2018-04-10 09:44:30, contaminated
trace_3.2_fail, 3E9CB222-A682-CD59-860F-B8898C89FB6F, firefox, 2018-04-10 09:44:30, contaminated
trace_3.2_fail, DEB11E5D-AC90-A284-7410-A286673386E7, firefox, 2018-04-10 09:44:30, contaminated
trace_3.2_fail, 6836B6C2-EFAD-4CD1-3260-CB277E0C485D, firefox, 2018-04-10 09:44:30, contaminated
trace_3.2_fail, 4A61D7BF-61BC-6D1B-6CBD-B721389747B8, firefox, 2018-04-10 09:44:30, contaminated
trace_3.2_fail, AEA23018-30D8-247D-DC23-00D7735C475C, firefox, 2018-04-10 09:44:30, contaminated
trace_3.2_fail, E1E1D121-EF8D-C5BC-4698-C7EF7A08E6D5, firefox, 2018-04-10 09:44:30, contaminated
trace_3.2_fail, 19120308-7241-D9DA-1ED9-DBECE7ACDD85, firefox, 2018-04-10 09:44:30, contaminated
trace_3.2_fail, 0276B0AD-5044-470D-5ECB-6B4ABAFD452A, firefox, 2018-04-10 09:44:30, contaminated
trace_3.2_fail, 57AD26B1-73C1-2354-834A-F0AE305CE2E7, firefox, 2018-04-10 09:44:30, contaminated
trace_3.2_fail, 8D2E45CC-2284-F988-68FE-0FB2F7F714B0, firefox, 2018-04-10 09:44:30, contaminated
trace_3.2_fail, 1ED44B7A-DD6D-B785-293A-292D0EE6570C, firefox, 2018-04-10 09:44:30, contaminated
trace_3.2_fail, EBF7AFCC-1A14-FFF1-20FA-D41CF06AC83E, firefox, 2018-04-10 09:44:30, contaminated
trace_3.2_fail, 8E8941AE-7A41-2D39-79B1-468DA42683F3, firefox, 2018-04-10 09:44:30, contaminated
trace_3.2_fail, C6FD5DD1-4D05-6410-6C2D-3367FBE1C80F, firefox, 2018-04-10 09:44:30, contaminated
trace_3.2_fail, 30242ED8-80B7-798B-8A98-8C630AB6DA52, firefox, 2018-04-10 09:44:30, contaminated
trace_3.2_fail, 77C0127D-7EAB-5D62-F921-3A253034548D, firefox, 2018-04-10 09:44:30, contaminated
trace_3.2_fail, EFEE0C10-C2AA-C6C0-2EEC-6BF6CC960D19, firefox, 2018-04-10 09:44:30, contaminated
trace_3.2_fail, 5028F3F5-C88D-0B8C-5D4C-95868B2D3FD5, firefox, 2018-04-10 09:44:30, contaminated
trace_3.2_fail, FA884164-A4D8-22A9-3F49-629D8D043A80, firefox, 2018-04-10 09:44:30, contaminated
trace_3.2_fail, 56015CA1-8938-1C01-7408-B2F26CBDAB2E, firefox, 2018-04-10 09:44:30, contaminated
trace_3.2_fail, 66A972B2-BF9C-EDC2-CED5-EBB366952EFD, firefox, 2018-04-10 09:44:30, contaminated
trace_3.2_fail, 7F5CC595-3E5A-AAA7-1346-998CF595FAA4, firefox, 2018-04-10 09:44:30, contaminated
trace_3.2_fail, 4DB795CB-35AF-2227-1948-FF85EE5FF2D9, firefox, 2018-04-10 09:44:30, contaminated
trace_3.2_fail, 3443FAE8-D75B-46E7-0F72-FB53D9D0B350, firefox, 2018-04-10 09:44:30, contaminated
trace_3.2_fail, 7A559FC5-D056-D6BE-B5A1-92F0F2E1DCB3, firefox, 2018-04-10 09:44:30, contaminated
trace_3.2_fail, 517CFF7B-B1AC-3DA9-FBF2-F696E40F0CEF, firefox, 2018-04-10 09:44:30, contaminated
trace_3.2_fail, 7F7541FB-A6F2-35DA-4579-F36794C199D8, firefox, 2018-04-10 09:44:30, contaminated
trace_3.2_fail, D2E53B4D-D09D-E58F-C7A4-51813483DDBB, firefox, 2018-04-10 09:44:30, contaminated
trace_3.2_fail, ABF224DB-2E24-00ED-FEE0-32D28AD2773E, firefox, 2018-04-10 09:44:31, contaminated
trace_3.2_fail, 71DBC9A1-8635-FB25-6E32-EE7DA9F3B861, firefox, 2018-04-10 09:44:31, contaminated
trace_3.2_fail, D4CDC557-8CFD-229C-6413-CD22211240E4, firefox, 2018-04-10 09:44:31, contaminated
trace_3.2_fail, 466BA535-BCF6-D30C-597F-3817C11BA65E, firefox, 2018-04-10 09:44:31, contaminated
trace_3.2_fail, BB4200EC-D210-9365-8EEA-86DBB88D0545, firefox, 2018-04-10 09:44:31, contaminated
trace_3.2_fail, ABA74AD4-70B7-51E4-BE66-9357081C073D, firefox, 2018-04-10 09:44:31, contaminated
trace_3.2_fail, D6BA14DC-1104-008B-8AC9-F9E2F5F7D7AD, firefox, 2018-04-10 09:44:31, contaminated
trace_3.2_fail, A1A40837-F62B-B920-88C1-CF11BE836A41, firefox, 2018-04-10 09:44:31, contaminated
trace_3.2_fail, 414F7832-3004-22A7-0C46-8378B7621E4B, firefox, 2018-04-10 09:44:32, contaminated
trace_3.2_fail, 2C77FB3A-12DD-5E05-9983-E5DAB3451F2E, firefox, 2018-04-10 09:44:34, contaminated
trace_3.2_fail, 48DB4B46-2F17-3FB8-94E3-81FF4CE9EF47, firefox, 2018-04-10 09:44:34, contaminated
trace_3.2_fail, A2B6CE46-69D5-3E60-BB44-513D80C727CF, firefox, 2018-04-10 09:44:34, contaminated
trace_3.2_fail, 6AF56C84-C413-FA0F-6C08-421556472761, firefox, 2018-04-10 09:44:34, contaminated
trace_3.2_fail, C2EEA691-4680-5781-FC15-C3A9A9E0646C, firefox, 2018-04-10 09:44:34, contaminated
trace_3.2_fail, 919573D4-AB7B-FDB3-BA36-E16ED58E14A6, firefox, 2018-04-10 09:44:34, contaminated
trace_3.2_fail, 617CEA90-58B0-FF2A-A9C2-80844B79024F, firefox, 2018-04-10 09:44:34, contaminated
trace_3.2_fail, 1F9140C0-8C5A-DFE4-09B5-F90242F56FEA, firefox, 2018-04-10 09:44:34, contaminated
trace_3.2_fail, 826809DB-BEC8-35AE-FD9F-48E416F99BCA, firefox, 2018-04-10 09:44:34, contaminated
trace_3.2_fail, 083FD113-6602-7411-5FFC-68909382336E, firefox, 2018-04-10 09:44:34, contaminated
trace_3.2_fail, 1DF0357D-8942-DE9A-EDA2-4C746A8CE8C2, firefox, 2018-04-10 09:44:34, contaminated
trace_3.2_fail, 1F2762E8-566D-F2CC-1CDA-1FF88432DBBB, firefox, 2018-04-10 09:44:34, contaminated
trace_3.2_fail, 6AFF8745-E390-E1E1-49C4-0A5EDBAA70FD, firefox, 2018-04-10 09:44:34, contaminated
trace_3.2_fail, CA22B9F5-70BB-409F-BD79-906426C6385C, firefox, 2018-04-10 09:44:34, contaminated
trace_3.2_fail, EA7075A4-7ABB-438A-F101-95BE40DB487E, firefox, 2018-04-10 09:44:34, contaminated
trace_3.2_fail, 1146BF31-FFFB-C8CC-802A-65543AA206FE, firefox, 2018-04-10 09:44:34, contaminated
trace_3.2_fail, C29F3F12-3EE5-C945-3E91-3BA5D133C19C, firefox, 2018-04-10 09:44:34, contaminated
trace_3.2_fail, 92754F6C-4192-4209-0D9D-1B2F15F6FADA, firefox, 2018-04-10 09:44:35, contaminated
trace_3.2_fail, 28771D20-7E81-B10B-7C76-3DDE4FD70584, firefox, 2018-04-10 09:44:35, contaminated
trace_3.2_fail, 60662A0A-EBE3-811C-0FA1-A8FE7C29F553, firefox, 2018-04-10 09:44:35, contaminated
trace_3.2_fail, 5A504731-6062-255B-D77D-FE6AF296398C, firefox, 2018-04-10 09:44:35, contaminated
trace_3.2_fail, 02697B89-B572-83A8-BFB9-CA06F602374C, firefox, 2018-04-10 09:44:35, contaminated
trace_3.2_fail, 6E1ADDAE-F6FA-6D66-EB74-909EC7CA0D53, firefox, 2018-04-10 09:44:35, contaminated
trace_3.2_fail, 8F5C2196-B9DE-7254-930C-24067514E1D6, firefox, 2018-04-10 09:44:35, contaminated
trace_3.2_fail, 30D3F00A-0379-FEBA-27A1-D9ECF92465E4, firefox, 2018-04-10 09:44:35, contaminated
trace_3.2_fail, BB71961F-71FA-6D3C-16B3-0416BB28A50C, firefox, 2018-04-10 09:44:35, contaminated
trace_3.2_fail, 8991193A-96D2-0D9F-CB96-4DDE7DD7FE1C, firefox, 2018-04-10 09:44:35, contaminated
trace_3.2_fail, 267C04DE-2273-E90C-F46F-B654051C00A4, firefox, 2018-04-10 09:44:35, contaminated
trace_3.2_fail, F09E7BB2-F2E8-1434-B81D-B2B5B713FC9C, firefox, 2018-04-10 09:44:35, contaminated
trace_3.2_fail, 685EC066-CE48-D8F0-AC4C-5F77E1C7986B, firefox, 2018-04-10 09:44:35, contaminated
trace_3.2_fail, A385AE30-7506-F521-01C2-96A98CAB3006, firefox, 2018-04-10 09:44:35, contaminated
trace_3.2_fail, E917CD4E-B340-947E-62E2-EA006F32CE54, firefox, 2018-04-10 09:44:35, contaminated
trace_3.2_fail, B3E07A39-BD34-B524-CD54-462687AB4F31, firefox, 2018-04-10 09:44:35, contaminated
trace_3.2_fail, 825A4140-6808-682E-BFE7-95B127857F39, firefox, 2018-04-10 09:44:35, contaminated
trace_3.2_fail, 9B677C69-1697-C4F8-59E9-1708E9A50385, firefox, 2018-04-10 09:44:35, contaminated
trace_3.2_fail, A0295829-DF3E-0C07-2E04-E0379A981E23, firefox, 2018-04-10 09:44:35, contaminated
trace_3.2_fail, 5B390F91-FEF4-402E-0543-7DBB0E37B3DB, firefox, 2018-04-10 09:44:35, contaminated
trace_3.2_fail, BCD7351A-0B48-5C9F-404A-82249B37AA1A, firefox, 2018-04-10 09:44:35, contaminated
trace_3.2_fail, D75565D8-9401-A2B9-8F47-8BCB3B1E50CF, firefox, 2018-04-10 09:44:35, contaminated
trace_3.2_fail, FA3ECE9B-9BCB-E295-4774-32A24936701D, firefox, 2018-04-10 09:44:35, contaminated
trace_3.2_fail, D6E1213C-B1B9-8411-51A1-BFEBA9539678, firefox, 2018-04-10 09:44:35, contaminated
trace_3.2_fail, 379D2CEF-9EE0-DCB8-B673-A296A245E8BC, firefox, 2018-04-10 09:44:35, contaminated
trace_3.2_fail, D93E50C6-F97D-CE19-0C91-DB07ABED1E4C, firefox, 2018-04-10 09:44:35, contaminated
trace_3.2_fail, 7DDBCBBD-154F-DED5-8E8A-9032AA3639AD, firefox, 2018-04-10 09:44:35, contaminated
trace_3.2_fail, F82C0855-F994-6DB1-A79F-87636BEFA450, firefox, 2018-04-10 09:44:35, contaminated
trace_3.2_fail, 2713F321-F140-40CC-E281-D0B537FF0FDC, firefox, 2018-04-10 09:44:35, contaminated
trace_3.2_fail, 6552A8BE-CE1F-9EA9-41ED-EE684ABFE1B2, firefox, 2018-04-10 09:44:35, contaminated
trace_3.2_fail, 436135FD-5A3A-06F5-481B-5CBBED09134A, firefox, 2018-04-10 09:44:35, contaminated
trace_3.2_fail, 45DD4132-7D49-61DC-4DF9-90A0B8580FCF, firefox, 2018-04-10 09:44:35, contaminated
trace_3.2_fail, A6CA2727-36B9-5F34-8615-C39ED728D146, firefox, 2018-04-10 09:44:35, contaminated
trace_3.2_fail, 38746CD9-73EB-42BF-3C9D-7388F946922C, firefox, 2018-04-10 09:44:35, contaminated
trace_3.2_fail, 376A2354-CF83-6F28-CAAB-9EBB9E0C9D32, firefox, 2018-04-10 09:44:35, contaminated
trace_3.2_fail, 49104C08-E509-7F23-C474-333C62907512, firefox, 2018-04-10 09:44:35, contaminated
trace_3.2_fail, F0C44C4D-19F2-85BB-8B7C-D987ACE22F5F, firefox, 2018-04-10 09:44:35, contaminated
trace_3.2_fail, 77E965B1-4EFB-A2F6-B0E2-9E4BE94936E8, firefox, 2018-04-10 09:44:35, contaminated
trace_3.2_fail, B0E9830B-E0A7-DF15-1852-0EEE2F204A0C, firefox, 2018-04-10 09:44:35, contaminated
trace_3.2_fail, 3A0CEB2B-227D-5CAD-6491-38E5C926908D, firefox, 2018-04-10 09:44:35, contaminated
trace_3.2_fail, 87E76C3C-BBD1-A3DB-55BE-D28CFCD4A235, firefox, 2018-04-10 09:44:35, contaminated
trace_3.2_fail, 2283CCD8-D1EE-4D5D-A8F6-D4D33E57D2D8, firefox, 2018-04-10 09:44:35, contaminated
trace_3.2_fail, CF1F4259-E453-11E8-96E7-9D9BD5FAC010, firefox, 2018-04-10 09:44:35, contaminated
trace_3.2_fail, BD94167B-A935-9AC8-38E4-718BE9DA7B62, firefox, 2018-04-10 09:44:35, contaminated
trace_3.2_fail, B7B187B6-6FF0-63CC-59B8-DAE8B5CF1590, firefox, 2018-04-10 09:44:35, contaminated
trace_3.2_fail, 8B5A3FED-4FEB-9B51-89A7-A0FB8CE2E8B0, firefox, 2018-04-10 09:44:35, contaminated
trace_3.2_fail, 789BF721-B00B-2D3A-9EEE-07C38623D63B, firefox, 2018-04-10 09:44:35, contaminated
trace_3.2_fail, 0D8EFFBC-F03B-BEE9-B132-9DCD4BB24BA5, firefox, 2018-04-10 09:44:35, contaminated
trace_3.2_fail, 292ABF07-03C7-07DB-1008-7FECC74AB7D4, firefox, 2018-04-10 09:44:35, contaminated
trace_3.2_fail, 9EFFAF09-6C32-8CE9-6A68-520EB5A8C440, firefox, 2018-04-10 09:44:35, contaminated
trace_3.2_fail, 2D5FF168-D761-76C5-2BAF-FBE164950FE7, firefox, 2018-04-10 09:44:35, contaminated
trace_3.2_fail, 95560BB0-6F7C-5451-08E0-B3E6CF4EB3C0, firefox, 2018-04-10 09:44:35, contaminated
trace_3.2_fail, 77AD3B7A-0F3B-D560-1EB5-EEA6EE7DBDBB, firefox, 2018-04-10 09:44:35, contaminated
trace_3.2_fail, 97037440-376D-FAFD-9367-C240383718B9, firefox, 2018-04-10 09:44:36, contaminated
trace_3.2_fail, B2604D4C-D472-9DF7-1B16-2F7B267939EF, firefox, 2018-04-10 09:44:36, contaminated
trace_3.2_fail, 24FEA529-AB97-575F-2543-378E12705B24, firefox, 2018-04-10 09:44:36, contaminated
trace_3.2_fail, 17030539-ECA1-362F-F935-704856002D0F, firefox, 2018-04-10 09:44:36, contaminated
trace_3.2_fail, 5B0C5F9B-70E9-0285-7487-B20E28384112, firefox, 2018-04-10 09:44:36, contaminated
trace_3.2_fail, 783C3BB7-462F-1A59-F1AB-7D89DBEE2502, firefox, 2018-04-10 09:44:36, contaminated
trace_3.2_fail, 3CAFAEC7-5243-130A-F57D-04F6E118B129, firefox, 2018-04-10 09:44:36, contaminated
trace_3.2_fail, 21DE75CC-D217-BE0F-E14E-4B2BB3AE85E0, firefox, 2018-04-10 09:44:36, contaminated
trace_3.2_fail, 53115472-C7BE-43F5-4651-7A34B8147305, firefox, 2018-04-10 09:44:36, contaminated
trace_3.2_fail, 61CE9B63-C3C6-9D13-6A1F-3E6FFDAEBBE8, firefox, 2018-04-10 09:44:36, contaminated
trace_3.2_fail, 2845B2B7-02D6-E492-FD4D-AEF49DB83405, firefox, 2018-04-10 09:44:36, contaminated
trace_3.2_fail, E588BEDD-919A-9B31-6063-6B6949E7D1AD, firefox, 2018-04-10 09:44:36, contaminated
trace_3.2_fail, 50709492-40F4-ABF3-9919-A1B26C64BAC0, firefox, 2018-04-10 09:44:36, contaminated
trace_3.2_fail, 4274F4E7-B9E4-6ED7-88D5-0B60DBDAE4BB, firefox, 2018-04-10 09:44:36, contaminated
trace_3.2_fail, A5BF3FE0-164E-7B6C-3E3B-4F99BA5D0725, firefox, 2018-04-10 09:44:36, contaminated
trace_3.2_fail, 2A92F963-AA78-F790-0AA2-F8083FC2B5D1, firefox, 2018-04-10 09:44:36, contaminated
trace_3.2_fail, 90BCA8BD-F22A-73A6-1A21-08C56D3EDFF5, firefox, 2018-04-10 09:44:36, contaminated
trace_3.2_fail, 733EF8B8-1F98-D21D-861D-1E720E6EF657, firefox, 2018-04-10 09:44:36, contaminated
trace_3.2_fail, 638F7DE5-4B1E-5C95-3026-C92AC2B741D1, firefox, 2018-04-10 09:44:36, contaminated
trace_3.2_fail, 85F7D8D5-085C-8F2D-2DE0-A20E7452A2C6, firefox, 2018-04-10 09:44:36, contaminated
trace_3.2_fail, CBD51FED-2729-C56D-2168-1839538FF88E, firefox, 2018-04-10 09:44:36, contaminated
trace_3.2_fail, 43F87D4C-9DBE-CE86-A359-442D417A989E, firefox, 2018-04-10 09:44:36, contaminated
trace_3.2_fail, BFFC1D25-ECED-7131-43AA-D93760E0D972, firefox, 2018-04-10 09:44:36, contaminated
trace_3.2_fail, ECEBA56C-977C-C5F3-4832-A7DA0EA03637, firefox, 2018-04-10 09:44:36, contaminated
trace_3.2_fail, 416D96F3-3D9A-616A-A591-52C28778AC37, firefox, 2018-04-10 09:44:36, contaminated
trace_3.2_fail, 4737DC33-6107-8475-567D-97DEDD27DBD0, firefox, 2018-04-10 09:44:36, contaminated
trace_3.2_fail, CFAC8AF6-E564-4FF9-08EC-8940E8383057, firefox, 2018-04-10 09:44:36, contaminated
trace_3.2_fail, 45FAAADC-97D3-400A-89A8-A0537A306655, firefox, 2018-04-10 09:44:36, contaminated
trace_3.2_fail, E60D4687-0E1B-CEAD-D48E-102860894205, firefox, 2018-04-10 09:44:36, contaminated
trace_3.2_fail, F0B70494-F458-4B94-D383-DA6FFDDC2284, firefox, 2018-04-10 09:44:36, contaminated
trace_3.2_fail, 87FD7B17-2EAB-D8A4-CB80-7BAB307BE410, firefox, 2018-04-10 09:44:36, contaminated
trace_3.2_fail, 1115356B-7C4C-6414-20F1-4831E96E389E, firefox, 2018-04-10 09:44:36, contaminated
trace_3.2_fail, ECB6D9F7-5818-858E-C5AF-F42E2B90FEDE, firefox, 2018-04-10 09:44:36, contaminated
trace_3.2_fail, 048DE436-E356-5D7E-F7AE-D85E601BCF5A, firefox, 2018-04-10 09:44:36, contaminated
trace_3.2_fail, 7B9EADCC-F559-BCC9-2AC3-93C37BC8CFE1, firefox, 2018-04-10 09:44:36, contaminated
trace_3.2_fail, D5313E93-0C8B-7FAC-F966-555A0639727C, firefox, 2018-04-10 09:44:36, contaminated
trace_3.2_fail, 13C411C3-F377-B18F-84D6-3A63D9AB1D35, firefox, 2018-04-10 09:44:36, contaminated
trace_3.2_fail, 28DE98D2-F13D-E007-6BAA-FF6E39AEFAD2, firefox, 2018-04-10 09:44:36, contaminated
trace_3.2_fail, CE2D9486-E372-13C4-5BC7-6F54B965A256, firefox, 2018-04-10 09:44:36, contaminated
trace_3.2_fail, 0A57090E-BBEF-4ED6-5C78-051147828091, firefox, 2018-04-10 09:44:36, contaminated
trace_3.2_fail, 1A472D85-3394-AA5A-C6DB-292DBA88876A, firefox, 2018-04-10 09:44:36, contaminated
trace_3.2_fail, D1C17EEA-53AB-2BE1-5E0B-7E4EDC88CA81, firefox, 2018-04-10 09:44:36, contaminated
trace_3.2_fail, E569FE87-FCDE-A092-AFFF-B885A556AAD6, firefox, 2018-04-10 09:44:36, contaminated
trace_3.2_fail, 49A3272F-6AFA-1DD1-4114-A62444A85C29, firefox, 2018-04-10 09:44:36, contaminated
trace_3.2_fail, 516CA246-ED74-644F-A17B-BBE1AAD5DA82, firefox, 2018-04-10 09:44:36, contaminated
trace_3.2_fail, C432809B-BE81-6A78-CF31-401116AA5BA7, firefox, 2018-04-10 09:44:36, contaminated
trace_3.2_fail, FA0EDB4C-5DE8-65A7-C2F4-25EEB1AEAB56, firefox, 2018-04-10 09:44:36, contaminated
trace_3.2_fail, 7DEC91C4-5F97-ACAA-68D0-83D174661D1E, firefox, 2018-04-10 09:44:36, contaminated
trace_3.2_fail, A9845B9C-CBC8-956D-575B-FDE83B3C4FD8, firefox, 2018-04-10 09:44:36, contaminated
trace_3.2_fail, D8BBC08D-E898-00E0-1098-3031DEF134EC, firefox, 2018-04-10 09:44:36, contaminated
trace_3.2_fail, FAFBBE34-CB80-BC61-192B-257C184DFA4C, firefox, 2018-04-10 09:44:36, contaminated
trace_3.2_fail, 1B5512F4-93D9-21A1-C6EF-2EBCFF5C69B6, firefox, 2018-04-10 09:44:36, contaminated
trace_3.2_fail, 931A10D8-C8C0-2BE3-8B49-326CA4ADE293, firefox, 2018-04-10 09:44:36, contaminated
trace_3.2_fail, C84B9536-25D1-3E01-0829-09A74AA475C3, firefox, 2018-04-10 09:44:36, contaminated
trace_3.2_fail, C4D5949C-44F8-2AAA-4F27-4D1E2B573343, firefox, 2018-04-10 09:44:36, contaminated
trace_3.2_fail, 9A1A9F9D-A2AD-4811-6D08-5E137E5696FF, firefox, 2018-04-10 09:44:36, contaminated
trace_3.2_fail, 0872A803-CF2D-5915-C429-4B1219935253, firefox, 2018-04-10 09:44:36, contaminated
trace_3.2_fail, 7888E17E-FF79-984C-3408-F39BCCF4CE1A, firefox, 2018-04-10 09:44:36, contaminated
trace_3.2_fail, 45CB018B-E251-70FC-76B1-1BBF9373C023, firefox, 2018-04-10 09:44:36, contaminated
trace_3.2_fail, B9495543-31F1-AAFD-A9FF-145CD2C67C1E, firefox, 2018-04-10 09:44:36, contaminated
trace_3.2_fail, 19EB362A-5F34-8100-2354-CB93CE4E93C9, firefox, 2018-04-10 09:44:36, contaminated
trace_3.2_fail, E42A48BA-0277-D36B-1FFA-CCF42470BB68, firefox, 2018-04-10 09:44:36, contaminated
trace_3.2_fail, E4A9589B-060D-352B-480F-F076F7BF1741, firefox, 2018-04-10 09:44:36, contaminated
trace_3.2_fail, 244156D9-D663-19BC-4540-1C23BCC89A00, firefox, 2018-04-10 09:44:36, contaminated
trace_3.2_fail, 5E1620B9-8484-91FA-23B1-BEA28A4D21F5, firefox, 2018-04-10 09:44:36, contaminated
trace_3.2_fail, E4C5C7CD-07F0-CC70-49FB-9DBD53DD6B0F, firefox, 2018-04-10 09:44:36, contaminated
trace_3.2_fail, C962706D-E1B3-56CB-00BC-CEA554102999, firefox, 2018-04-10 09:44:36, contaminated
trace_3.2_fail, 789F9D30-C854-BF13-4A1E-48C3F5D7825D, firefox, 2018-04-10 09:44:36, contaminated
trace_3.2_fail, D0536E6F-B045-CC21-20B8-706DE3DA270D, firefox, 2018-04-10 09:44:36, contaminated
trace_3.2_fail, D99A243D-1D76-D2F5-1478-21E4C24CB811, firefox, 2018-04-10 09:44:36, contaminated
trace_3.2_fail, E8C6D9D8-40F2-4583-101D-CFAA9745165E, firefox, 2018-04-10 09:44:36, contaminated
trace_3.2_fail, 27F5F89C-EA53-22E0-A180-B5E60EFFE0E4, firefox, 2018-04-10 09:44:36, contaminated
trace_3.2_fail, A9C4DD1C-841D-39FA-6A13-ED8583D5DD3D, firefox, 2018-04-10 09:44:36, contaminated
trace_3.2_fail, EE77F5A6-23C2-CBC0-3969-67A099326D0F, firefox, 2018-04-10 09:44:36, contaminated
trace_3.2_fail, 08357BAE-B710-12B8-2F10-A6411BF67B96, firefox, 2018-04-10 09:44:36, contaminated
trace_3.2_fail, B35FF145-B9F2-89C3-1F4D-7BF4E9BD5EFB, firefox, 2018-04-10 09:44:36, contaminated
trace_3.2_fail, 4BEB8F68-41CD-ACA2-448B-A178DE3FDA50, firefox, 2018-04-10 09:44:36, contaminated
trace_3.2_fail, 3A4D4FAF-303C-44F3-AA7C-083CF11646BF, firefox, 2018-04-10 09:44:36, contaminated
trace_3.2_fail, 2DF0CD82-5660-BC81-64A3-A1F2D4AD1862, firefox, 2018-04-10 09:44:36, contaminated
trace_3.2_fail, B3C25711-9063-7AE6-B0EA-DAAF3A9283AA, firefox, 2018-04-10 09:44:36, contaminated
trace_3.2_fail, 4AA47286-0E69-F197-56E6-76EB6D47BB5E, firefox, 2018-04-10 09:44:36, contaminated
trace_3.2_fail, CD84B772-DC33-43BF-994B-1451EB854AB9, firefox, 2018-04-10 09:44:36, contaminated
trace_3.2_fail, F1C58FDA-F27E-3E8A-00AA-E0456F884E4A, firefox, 2018-04-10 09:44:36, contaminated
trace_3.2_fail, 78DEF001-FFAA-EEEB-D008-C39F7ABA04EA, firefox, 2018-04-10 09:44:36, contaminated
trace_3.2_fail, B63B6BF5-F007-76BF-90ED-63EAAF3E0937, firefox, 2018-04-10 09:44:36, contaminated
trace_3.2_fail, F84A609A-BE14-9642-E7A8-712DB4D2CA6E, firefox, 2018-04-10 09:44:36, contaminated
trace_3.2_fail, DE2C1FD1-4F61-6AFB-5B1B-50E565C92F7D, firefox, 2018-04-10 09:44:36, contaminated
trace_3.2_fail, 7B2C0F75-3456-F0BC-222C-F0BD464D7A47, firefox, 2018-04-10 09:44:36, contaminated
trace_3.2_fail, D25BC176-5CFC-998D-C4DE-D56829A3401E, firefox, 2018-04-10 09:44:36, contaminated
trace_3.2_fail, AB2E0BFD-EF11-C677-EB45-5A08FD23C171, firefox, 2018-04-10 09:44:36, contaminated
trace_3.2_fail, 2AB00C95-08B8-E89D-0C18-64A0F80C21A2, firefox, 2018-04-10 09:44:36, contaminated
trace_3.2_fail, ED2B8712-83B8-7574-C071-1E86BD5C90B3, firefox, 2018-04-10 09:44:36, contaminated
trace_3.2_fail, 8E631015-5FF4-ADB1-888B-33ADD663BB57, firefox, 2018-04-10 09:44:36, contaminated
trace_3.2_fail, E00E45EA-3DF9-E8C1-02CC-5D2B124FEE73, firefox, 2018-04-10 09:44:36, contaminated
trace_3.2_fail, DC93118D-C463-35E7-03B1-D1ECFB200692, firefox, 2018-04-10 09:44:36, contaminated
trace_3.2_fail, 176B266D-B178-91B1-889D-79D2735A5388, firefox, 2018-04-10 09:44:36, contaminated
trace_3.2_fail, 959B47A4-9B32-7BA7-0FD2-922810D8FC3F, firefox, 2018-04-10 09:44:36, contaminated
trace_3.2_fail, 8BDB6896-F304-5169-29F0-23E28F802855, firefox, 2018-04-10 09:44:36, contaminated
trace_3.2_fail, A690920D-863A-19E5-F8BD-AA63A8484BE5, firefox, 2018-04-10 09:44:36, contaminated
trace_3.2_fail, E28AA86F-C338-33AF-C298-764419D8D1CC, firefox, 2018-04-10 09:44:36, contaminated
trace_3.2_fail, 5DE4CACC-E8F2-3BC3-6200-E5B192C8EF22, firefox, 2018-04-10 09:44:36, contaminated
trace_3.2_fail, 706DBAAD-4674-D945-F379-CC6D30141DC4, firefox, 2018-04-10 09:44:36, contaminated
trace_3.2_fail, 52741A4B-120B-E90E-45CC-969301ECC83C, firefox, 2018-04-10 09:44:36, contaminated
trace_3.2_fail, 8AA46135-1CB1-6CE8-DAA1-42F1227BF914, firefox, 2018-04-10 09:44:36, contaminated
trace_3.2_fail, 17FE8A50-47AE-8395-CF02-13D2BA6E17B2, firefox, 2018-04-10 09:44:36, contaminated
trace_3.2_fail, 8DCACC46-A3ED-0D09-F07C-4FB9AEF75EA8, firefox, 2018-04-10 09:44:36, contaminated
trace_3.2_fail, 9E187A1A-E4B8-A31A-0A2B-C28F068D92E8, firefox, 2018-04-10 09:44:36, contaminated
trace_3.2_fail, 97216E9D-234B-D6DD-8369-7FE33006A8E0, firefox, 2018-04-10 09:44:36, contaminated
trace_3.2_fail, 3ECC2DCA-6B91-7F30-AE96-907CA23256D8, firefox, 2018-04-10 09:44:36, contaminated
trace_3.2_fail, E5FE673C-83CB-4B32-B4E7-DD8233D616D0, firefox, 2018-04-10 09:44:36, contaminated
trace_3.2_fail, A2C87A07-9C63-2AC0-7602-D51C7C0F853F, firefox, 2018-04-10 09:44:37, contaminated
trace_3.2_fail, 80241758-A7F5-6EF9-1F60-D2B5E3F9AE0B, firefox, 2018-04-10 09:44:37, contaminated
trace_3.2_fail, 2C6E2C80-7F6E-B1F8-912E-B960E03E371C, firefox, 2018-04-10 09:44:37, contaminated
trace_3.2_fail, C0CFCBCE-E9BF-4787-2EB4-0CCA1FC53A1B, firefox, 2018-04-10 09:44:37, contaminated
trace_3.2_fail, 53C12598-FDAA-8124-FD84-41A1700ADCFE, firefox, 2018-04-10 09:44:37, contaminated
trace_3.2_fail, 25AA7B3C-5445-839B-044E-7E0083D19815, firefox, 2018-04-10 09:44:37, contaminated
trace_3.2_fail, 1FB7586A-B841-1976-EF54-0BC0F17BD4F7, firefox, 2018-04-10 09:44:37, contaminated
trace_3.2_fail, A207236D-9DA0-93F1-5C8C-9495BC98A017, firefox, 2018-04-10 09:44:37, contaminated
trace_3.2_fail, EDC765CA-5FEE-B18E-CC2A-3BA99E2C1B6B, firefox, 2018-04-10 09:44:37, contaminated
trace_3.2_fail, ACA1F638-32F5-BFBC-0AD6-7728FD3C3863, firefox, 2018-04-10 09:44:37, contaminated
trace_3.2_fail, 5A191928-A592-D330-98DD-180230C87DF0, firefox, 2018-04-10 09:44:37, contaminated
trace_3.2_fail, 69FCC43A-F729-8C1E-E183-CC61473BA246, firefox, 2018-04-10 09:44:37, contaminated
trace_3.2_fail, B722F1F5-9BAE-0400-3877-1F5DC2CFD545, firefox, 2018-04-10 09:44:37, contaminated
trace_3.2_fail, E1D0A71B-4FF6-7EC0-0E0B-44CE17200164, firefox, 2018-04-10 09:44:37, contaminated
trace_3.2_fail, D4FB9144-A0A3-5090-44EF-178A9CC927E4, firefox, 2018-04-10 09:44:37, contaminated
trace_3.2_fail, 20903ED0-DB42-E890-CFE8-C25783CB9E7F, firefox, 2018-04-10 09:44:37, contaminated
trace_3.2_fail, 5F4F6A30-8965-1E53-715F-A762F6E5BE49, firefox, 2018-04-10 09:44:37, contaminated
trace_3.2_fail, 91A7A6E5-F7E9-2D62-D8E6-50CB4CFFCA67, firefox, 2018-04-10 09:44:37, contaminated
trace_3.2_fail, 0D9D17AB-C3C9-7BE4-7014-E5293E6DDDB8, firefox, 2018-04-10 09:44:37, contaminated
trace_3.2_fail, 9FA221D9-49CA-D777-E57F-D58D905F4001, firefox, 2018-04-10 09:44:37, contaminated
trace_3.2_fail, A3219067-F0A3-FF64-7117-90FEEF053C38, firefox, 2018-04-10 09:44:37, contaminated
trace_3.2_fail, CE00B98A-D2AE-DDFA-519B-924325A630A7, firefox, 2018-04-10 09:44:37, contaminated
trace_3.2_fail, 8FB518CF-8C83-6AFB-1C93-58AE1E34A727, firefox, 2018-04-10 09:44:37, contaminated
trace_3.2_fail, 9EB41899-6E4F-DA5E-D1F5-86A87DE7FC56, firefox, 2018-04-10 09:44:37, contaminated
trace_3.2_fail, 4D78E254-F1DD-45D7-A2F7-598A8FBA8485, firefox, 2018-04-10 09:44:37, contaminated
trace_3.2_fail, 58605D38-9D60-347C-D725-6ABC00D02FA9, firefox, 2018-04-10 09:44:37, contaminated
trace_3.2_fail, 5D868AB7-6C67-BD0C-B244-840B4E837306, firefox, 2018-04-10 09:44:37, contaminated
trace_3.2_fail, A462C965-4857-193B-A819-131DDB377ED1, firefox, 2018-04-10 09:44:37, contaminated
trace_3.2_fail, 87855329-7130-AAB9-E180-B2B5EE527F2B, firefox, 2018-04-10 09:44:37, contaminated
trace_3.2_fail, 7A7AA638-AAB4-4A8B-C05E-66BB4E62665E, firefox, 2018-04-10 09:44:37, contaminated
trace_3.2_fail, C12BB301-BD6A-0A05-4F9B-AEDBBDC3EF21, firefox, 2018-04-10 09:44:37, contaminated
trace_3.2_fail, E3A324E6-3369-D5D9-6030-1851C9C07CED, firefox, 2018-04-10 09:44:37, contaminated
trace_3.2_fail, 69010225-FD89-ED5A-A32E-FADFD56D2808, firefox, 2018-04-10 09:44:37, contaminated
trace_3.2_fail, 7BA917DC-B4D3-3D34-CB82-ED0EA804A7C4, firefox, 2018-04-10 09:44:37, contaminated
trace_3.2_fail, 95104192-2E37-4EFB-2B77-625639299086, firefox, 2018-04-10 09:44:37, contaminated
trace_3.2_fail, 5FE08058-F452-1104-7EA0-6D58D63A4099, firefox, 2018-04-10 09:44:37, contaminated
trace_3.2_fail, BE1D73F4-9B51-3E0F-C33E-C0AB0D561AB9, firefox, 2018-04-10 09:44:37, contaminated
trace_3.2_fail, 30B0B410-9930-3F08-9F63-0895EE7EDF35, firefox, 2018-04-10 09:44:37, contaminated
trace_3.2_fail, A189BFC1-E70A-55CD-8A85-EC7E2AEB550F, firefox, 2018-04-10 09:44:37, contaminated
trace_3.2_fail, 74F267B8-0344-9C2A-A47B-7254947F8D56, firefox, 2018-04-10 09:44:37, contaminated
trace_3.2_fail, EBA4930E-2644-0412-7B0A-6D407CE6BE38, firefox, 2018-04-10 09:44:37, contaminated
trace_3.2_fail, 5452EE63-9F52-F9DA-44B7-1AC20EC195D7, firefox, 2018-04-10 09:44:37, contaminated
trace_3.2_fail, 18C517D7-672C-AB58-378F-9C7F471786C8, firefox, 2018-04-10 09:44:37, contaminated
trace_3.2_fail, 1681F841-BA78-B5EC-F1DB-E7CC97C782B6, firefox, 2018-04-10 09:44:37, contaminated
trace_3.2_fail, 910E66E8-7F8F-A6A1-42F2-4D134B238F95, firefox, 2018-04-10 09:44:37, contaminated
trace_3.2_fail, 9802BC2A-5494-CF52-C520-5875486CD385, firefox, 2018-04-10 09:44:37, contaminated
trace_3.2_fail, 8570C0BB-7877-44A8-574A-9682EECC1474, firefox, 2018-04-10 09:44:37, contaminated
trace_3.2_fail, A493775D-525A-CF76-D6B2-EF9AEAEAC9E2, firefox, 2018-04-10 09:44:37, contaminated
trace_3.2_fail, F763D161-B8FC-5E9C-763C-F40959D1A81A, firefox, 2018-04-10 09:44:37, contaminated
trace_3.2_fail, C267930B-84CC-6719-D854-B5BFC32D86A4, firefox, 2018-04-10 09:44:37, contaminated
trace_3.2_fail, 4D2CBE3A-F878-2005-3698-335450759E8D, firefox, 2018-04-10 09:44:37, contaminated
trace_3.2_fail, 753F48E7-2D65-3288-3A44-EA3AAA72D4D8, firefox, 2018-04-10 09:44:37, contaminated
trace_3.2_fail, 2A0F699C-F544-BC00-8778-08D2B4F05CE7, firefox, 2018-04-10 09:44:37, contaminated
trace_3.2_fail, 70E1E0B3-4B17-DCD0-6E8C-432E24975BD8, firefox, 2018-04-10 09:44:37, contaminated
trace_3.2_fail, 99A4E500-05C0-688D-D5D5-E94EF8E03D4D, firefox, 2018-04-10 09:44:37, contaminated
trace_3.2_fail, C43599C5-E2B6-B7EE-5952-ED7B4DDB3D19, firefox, 2018-04-10 09:44:37, contaminated
trace_3.2_fail, BE56FCED-7D9E-7842-0CE5-12E1C5C9AA7A, firefox, 2018-04-10 09:44:37, contaminated
trace_3.2_fail, 8CBEC3EB-A84A-FDF9-FB26-C1CDCACE103E, firefox, 2018-04-10 09:44:37, contaminated
trace_3.2_fail, AEF190FC-7F47-367F-7B3F-51F1B0B3E283, firefox, 2018-04-10 09:44:37, contaminated
trace_3.2_fail, 93534173-3709-1538-719D-356E3CFE7B35, firefox, 2018-04-10 09:44:37, contaminated
trace_3.2_fail, 1BE937A8-33FD-C226-F4A1-905965542533, firefox, 2018-04-10 09:44:37, contaminated
trace_3.2_fail, 8C73C985-98D6-5658-3EC2-762C4EBF9716, firefox, 2018-04-10 09:44:37, contaminated
trace_3.2_fail, 2ACE6F11-FCCC-E053-0A4B-1277EC1EA0DE, firefox, 2018-04-10 09:44:37, contaminated
trace_3.2_fail, 3A5248FA-8DC9-528B-1AE5-86E8F2911273, firefox, 2018-04-10 09:44:38, contaminated
trace_3.2_fail, 1944E054-AC00-B143-237B-78F34B38B69D, firefox, 2018-04-10 09:44:38, contaminated
trace_3.2_fail, 5279FF73-62CD-FD6C-F20F-09D74053BF36, firefox, 2018-04-10 09:44:38, contaminated
trace_3.2_fail, 6B990173-8113-5A4B-6143-53D6174DBB83, firefox, 2018-04-10 09:44:38, contaminated
trace_3.2_fail, 9D7AAEDC-68E2-2478-C379-14A5ADE349C7, firefox, 2018-04-10 09:44:38, contaminated
trace_3.2_fail, 84A005B2-78E6-D2C9-F1ED-644E075B3D4A, firefox, 2018-04-10 09:44:38, contaminated
trace_3.2_fail, 0C14ACB6-77B5-00CD-7F7B-167624A9D35A, firefox, 2018-04-10 09:44:38, contaminated
trace_3.2_fail, D333A352-553B-F9CE-0DA1-B3ABF161E9B5, firefox, 2018-04-10 09:44:38, contaminated
trace_3.2_fail, 45F2E71E-076B-A5C0-CE1A-B021B6B4465D, firefox, 2018-04-10 09:44:38, contaminated
trace_3.2_fail, 01D6B8E4-ABC5-1767-749A-08CE59A98A89, firefox, 2018-04-10 09:44:38, contaminated
trace_3.2_fail, 588C0784-3107-56F1-B5D2-9D2A5C96AFD5, firefox, 2018-04-10 09:44:38, contaminated
trace_3.2_fail, 57BADFC2-EC67-5B44-7F03-27A199A754CE, firefox, 2018-04-10 09:44:38, contaminated
trace_3.2_fail, D2904076-7234-8DC4-37E2-49185117817A, firefox, 2018-04-10 09:44:38, contaminated
trace_3.2_fail, 6391989C-A695-364D-3697-D6D85AABBDDB, firefox, 2018-04-10 09:44:38, contaminated
trace_3.2_fail, BEE94F21-FA39-B07C-C962-FE7677C9D914, firefox, 2018-04-10 09:44:38, contaminated
trace_3.2_fail, 6DFA4116-2A96-ECE2-66C4-5E2DDE8E3DB6, firefox, 2018-04-10 09:44:38, contaminated
trace_3.2_fail, C8C64FB5-510E-6584-10BF-CCC4911D97E9, firefox, 2018-04-10 09:44:38, contaminated
trace_3.2_fail, F3965CD3-3856-1CB1-2EF9-D2083FBB4BDE, firefox, 2018-04-10 09:44:38, contaminated
trace_3.2_fail, D0F99C35-8DD8-A00B-D5CC-C572AEAA5D5A, firefox, 2018-04-10 09:44:38, contaminated
trace_3.2_fail, 6B53E762-EB2F-5C86-0D62-ED43C67D317E, firefox, 2018-04-10 09:44:38, contaminated
trace_3.2_fail, 183B5DC3-7203-20BA-50E6-F6E8E4406780, firefox, 2018-04-10 09:44:38, contaminated
trace_3.2_fail, ED66D9D0-CBDB-F089-1483-63743D534F6C, firefox, 2018-04-10 09:44:38, contaminated
trace_3.2_fail, 1552DA19-120E-46BE-B446-821C10D1E43B, firefox, 2018-04-10 09:44:38, contaminated
trace_3.2_fail, 0B853AF3-F501-493E-7B15-387369EFC2DD, firefox, 2018-04-10 09:44:38, contaminated
trace_3.2_fail, C8FA6C1A-289D-D0BB-0EF2-7A71E928D82F, firefox, 2018-04-10 09:44:38, contaminated
trace_3.2_fail, C9681C49-4050-AD50-F7E9-A0347F6BA7E2, firefox, 2018-04-10 09:44:38, contaminated
trace_3.2_fail, B78C8BF9-FFC5-0FF7-D5C0-CD17FB1ACAAF, firefox, 2018-04-10 09:44:38, contaminated
trace_3.2_fail, 7E25C935-C12F-2636-5782-4BFA8C79A2E3, firefox, 2018-04-10 09:44:38, contaminated
trace_3.2_fail, F15AE5DB-D5DD-B6CF-DB99-9BDAF99158B8, firefox, 2018-04-10 09:44:38, contaminated
trace_3.2_fail, B57706CB-BB3B-60D3-4CFE-4D84269B2104, firefox, 2018-04-10 09:44:38, contaminated
trace_3.2_fail, 8EC4D6F3-7AEC-BDFF-DD5C-8EF743451533, firefox, 2018-04-10 09:44:38, contaminated
trace_3.2_fail, 419CBDEE-647A-9E3E-9862-69FC455A89E7, firefox, 2018-04-10 09:44:38, contaminated
trace_3.2_fail, 34D5CA0E-D1E0-25F1-A259-6708CCEEB1C2, firefox, 2018-04-10 09:44:38, contaminated
trace_3.2_fail, E7AEB779-08FB-B257-E68C-4D8FAD47BB27, firefox, 2018-04-10 09:44:38, contaminated
trace_3.2_fail, 34D00032-0A74-2067-4E27-4B083D341C4F, firefox, 2018-04-10 09:44:38, contaminated
trace_3.2_fail, 8B85AFA8-FD42-633D-3748-759AFB0DE78D, firefox, 2018-04-10 09:44:38, contaminated
trace_3.2_fail, D1DCC90D-2EA8-6011-5977-C49CEE8A280F, firefox, 2018-04-10 09:44:38, contaminated
trace_3.2_fail, 444DD2DF-5333-5903-B0EB-E9663F289DAC, firefox, 2018-04-10 09:44:38, contaminated
trace_3.2_fail, D3064C7A-91BE-DF3A-409D-D0938E72A36A, firefox, 2018-04-10 09:44:38, contaminated
trace_3.2_fail, 33B1955F-3E04-E900-B49D-E3E1ABC3DCA6, firefox, 2018-04-10 09:44:38, contaminated
trace_3.2_fail, 2D312AF2-03E0-3624-C51F-2BE6E2821395, firefox, 2018-04-10 09:44:38, contaminated
trace_3.2_fail, 0D3AB029-6C2C-B94E-20AE-2B9DFB8AAB13, firefox, 2018-04-10 09:44:38, contaminated
trace_3.2_fail, 73730A49-1E26-1931-48A8-BCEFA52595E0, firefox, 2018-04-10 09:44:38, contaminated
trace_3.2_fail, 85058F10-5D59-15E4-49AE-7E13ADAEFA2F, firefox, 2018-04-10 09:44:38, contaminated
trace_3.2_fail, D73B40CF-9312-88B1-6B10-1667485867B4, firefox, 2018-04-10 09:44:38, contaminated
trace_3.2_fail, A94E0214-F2C5-F2E6-6BF9-2EFCA6A0437D, firefox, 2018-04-10 09:44:38, contaminated
trace_3.2_fail, E02B5BA3-3AAD-461F-162E-3548EA00CF8D, firefox, 2018-04-10 09:44:38, contaminated
trace_3.2_fail, 4AC51F45-D811-A353-DEE9-5D1428B11B9F, firefox, 2018-04-10 09:44:38, contaminated
trace_3.2_fail, BE640687-50D2-655F-A681-1E876EBA4ED1, firefox, 2018-04-10 09:44:38, contaminated
trace_3.2_fail, 4473502F-7867-65C4-E656-34EE8D79BBEC, firefox, 2018-04-10 09:44:38, contaminated
trace_3.2_fail, 7E566A74-F785-9EA2-2911-D37DD48226EB, firefox, 2018-04-10 09:44:38, contaminated
trace_3.2_fail, B80C389C-0EAC-2C63-FD31-043BBBF6AD7B, firefox, 2018-04-10 09:44:38, contaminated
trace_3.2_fail, 21BDCD8B-A9AA-6379-C101-4A8B521B7186, firefox, 2018-04-10 09:44:38, contaminated
trace_3.2_fail, C37B6F19-F458-B1F0-7DAF-A9A4F369F42B, firefox, 2018-04-10 09:44:38, contaminated
trace_3.2_fail, A06E1269-123D-006D-9269-3BFD041A7902, firefox, 2018-04-10 09:44:38, contaminated
trace_3.2_fail, 75B24D31-C4B9-3624-0490-8F7F0DF47A11, firefox, 2018-04-10 09:44:38, contaminated
trace_3.2_fail, 2265DEDA-373C-1579-2F3B-9EA1F14785AE, firefox, 2018-04-10 09:44:38, contaminated
trace_3.2_fail, DF02E484-63FC-F40E-0C9D-9900B35EFC80, firefox, 2018-04-10 09:44:38, contaminated
trace_3.2_fail, 8CCA94FD-7E72-2F52-BA4C-493C1D5E177D, firefox, 2018-04-10 09:44:38, contaminated
trace_3.2_fail, EA242F0C-3D96-9A82-C098-666721DFFB3E, firefox, 2018-04-10 09:44:38, contaminated
trace_3.2_fail, F8BEDF72-83CB-4572-966D-9681FD6B155B, firefox, 2018-04-10 09:44:38, contaminated
trace_3.2_fail, 060DAAF7-3D2E-F288-832F-0A65672A67D3, firefox, 2018-04-10 09:44:38, contaminated
trace_3.2_fail, B2D3269F-B9DE-C79E-060D-29FD285E1E00, firefox, 2018-04-10 09:44:38, contaminated
trace_3.2_fail, 01EE0F5E-C165-B7A0-3338-A25F8F988D60, firefox, 2018-04-10 09:44:38, contaminated
trace_3.2_fail, C31A6143-09A8-9218-FE9B-70AB9C56DF98, firefox, 2018-04-10 09:44:38, contaminated
trace_3.2_fail, 199AF54C-D3A0-7677-6D9B-9FB1FF7BDBC0, firefox, 2018-04-10 09:44:38, contaminated
trace_3.2_fail, BDBB32D4-0547-6B6B-CE9C-2960FF30D4B6, firefox, 2018-04-10 09:44:38, contaminated
trace_3.2_fail, 8A003EB2-E195-8592-A7EA-6C49D19A864F, firefox, 2018-04-10 09:44:38, contaminated
trace_3.2_fail, 0FCEC57C-3159-08EE-F259-5B082F4A7E34, firefox, 2018-04-10 09:44:38, contaminated
trace_3.2_fail, 6C43CFCB-F79D-80E7-694B-8C46D9D7578E, firefox, 2018-04-10 09:44:38, contaminated
trace_3.2_fail, D47AF7C3-FC79-5550-F063-BCD10B7CAA6B, firefox, 2018-04-10 09:44:38, contaminated
trace_3.2_fail, C5BDC634-58E1-B953-006B-88993B924A20, firefox, 2018-04-10 09:44:38, contaminated
trace_3.2_fail, 716B6FDB-8DFF-3507-9602-DB69334B1902, firefox, 2018-04-10 09:44:38, contaminated
trace_3.2_fail, F59D9894-6B18-3CAC-45D2-8C0D4CDC6149, firefox, 2018-04-10 09:44:38, contaminated
trace_3.2_fail, 917CB496-00DF-03E2-062C-92DC396B6B6A, firefox, 2018-04-10 09:44:38, contaminated
trace_3.2_fail, 93CD5B5E-FC67-F4DD-A463-AAEA602F49C8, firefox, 2018-04-10 09:44:38, contaminated
trace_3.2_fail, 5FF9138F-7F86-B236-757E-BE3130DB970E, firefox, 2018-04-10 09:44:38, contaminated
trace_3.2_fail, F24A7A4F-C856-20B9-39D4-CAA2AF5DFE7C, firefox, 2018-04-10 09:44:38, contaminated
trace_3.2_fail, EFADDDEF-5030-51EF-B3CB-BA07ECFD729F, firefox, 2018-04-10 09:44:38, contaminated
trace_3.2_fail, 6B38B432-1A67-DE6A-5772-DB71E39676AF, firefox, 2018-04-10 09:44:38, contaminated
trace_3.2_fail, EB8B1429-6E50-CF4A-79F4-204535F3FC3C, firefox, 2018-04-10 09:44:38, contaminated
trace_3.2_fail, 9A6CE639-8C98-212C-7950-B1C5024E5A37, firefox, 2018-04-10 09:44:38, contaminated
trace_3.2_fail, 17549410-4539-5DE2-07B3-4B9E20202947, firefox, 2018-04-10 09:44:38, contaminated
trace_3.2_fail, D636E4BB-2D89-6195-37A8-0A41B2F07FA1, firefox, 2018-04-10 09:44:38, contaminated
trace_3.2_fail, 5BB2D274-9612-5CA2-2195-0BBDA33678AB, firefox, 2018-04-10 09:44:38, contaminated
trace_3.2_fail, 80D193AB-3F1A-B194-ADEC-60A1A3027165, firefox, 2018-04-10 09:44:38, contaminated
trace_3.2_fail, D8168964-8E3D-0C33-4273-D48BFC175F2B, firefox, 2018-04-10 09:44:38, contaminated
trace_3.2_fail, 48B829D4-E879-4872-CC97-A17B3EBAFB1C, firefox, 2018-04-10 09:44:38, contaminated
trace_3.2_fail, F3AFEDD3-B16B-EAA3-ABAF-9177096990F2, firefox, 2018-04-10 09:44:38, contaminated
trace_3.2_fail, 6A630EF1-5628-C2B3-A1F7-68A32198E737, firefox, 2018-04-10 09:44:38, contaminated
trace_3.2_fail, C0C8A56F-CD70-CD80-E8A1-4B46C5BD88ED, firefox, 2018-04-10 09:44:38, contaminated
trace_3.2_fail, 06320DA0-4576-BA6B-BB4E-6F764FCCBC1B, firefox, 2018-04-10 09:44:38, contaminated
trace_3.2_fail, 945E1D58-FB40-10D8-8060-EF887B8C4FE5, firefox, 2018-04-10 09:44:38, contaminated
trace_3.2_fail, 6BD0275D-C917-5B69-B468-3DCCEE7F3331, firefox, 2018-04-10 09:44:38, contaminated
trace_3.2_fail, CCECA4B6-C6BA-454D-0E47-B04350225FEA, firefox, 2018-04-10 09:44:38, contaminated
trace_3.2_fail, DB488225-1256-485A-E0F3-F8049F7A8A20, firefox, 2018-04-10 09:44:38, contaminated
trace_3.2_fail, 3BADB073-F320-C6E0-9765-DBB294947A80, firefox, 2018-04-10 09:44:38, contaminated
trace_3.2_fail, B4E13EEA-371C-3069-C85D-D7C1CD2BA644, firefox, 2018-04-10 09:44:38, contaminated
trace_3.2_fail, 4A56BA17-E04C-43C0-293A-9DA4F6DB6D5D, firefox, 2018-04-10 09:44:38, contaminated
trace_3.2_fail, 93C9D324-715B-39E8-FC6A-7413A094868E, firefox, 2018-04-10 09:44:38, contaminated
trace_3.2_fail, B8E67B74-02AB-33BF-38B1-0ED19AF5778C, firefox, 2018-04-10 09:44:38, contaminated
trace_3.2_fail, 667BF11B-CD0C-A53F-6BEE-F8CE89219167, firefox, 2018-04-10 09:44:38, contaminated
trace_3.2_fail, 8F900284-6C30-315E-7809-2873FAD20B5B, firefox, 2018-04-10 09:44:38, contaminated
trace_3.2_fail, AE539EAC-A532-C1B6-1020-22C5844AC2BE, firefox, 2018-04-10 09:44:38, contaminated
trace_3.2_fail, 3550D039-DB5E-F277-7F16-3DD411DF4C73, firefox, 2018-04-10 09:44:38, contaminated
trace_3.2_fail, AA004155-5FBF-65C6-36EE-4AC3B012057B, firefox, 2018-04-10 09:44:38, contaminated
trace_3.2_fail, 67056AB2-699E-3DD6-8ABA-9A9C9973E12F, firefox, 2018-04-10 09:44:38, contaminated
trace_3.2_fail, C98C517D-15D4-D204-7F25-68273FB422A9, firefox, 2018-04-10 09:44:38, contaminated
trace_3.2_fail, 2E482074-40EA-E531-A357-9DE1FF284BC2, firefox, 2018-04-10 09:44:38, contaminated
trace_3.2_fail, EA2A4448-C271-E1D9-6D3D-C9671FEF41DD, firefox, 2018-04-10 09:44:39, contaminated
trace_3.2_fail, 4129614F-91DE-255D-84A6-2D0752823683, firefox, 2018-04-10 09:44:39, contaminated
trace_3.2_fail, 027A6EB9-2504-EF27-CBFB-5E8DF0EE117A, firefox, 2018-04-10 09:44:39, contaminated
trace_3.2_fail, 072EB5DF-69D2-CA92-BCC8-5F585AC2F7BC, firefox, 2018-04-10 09:44:39, contaminated
trace_3.2_fail, 42FDA617-EF38-F188-5914-D0DEBA8A72B3, firefox, 2018-04-10 09:44:39, contaminated
trace_3.2_fail, F5894816-FC21-F952-C450-8183C10232F6, firefox, 2018-04-10 09:44:39, contaminated
trace_3.2_fail, 0930D71D-8895-7CB8-CF6D-DC3D6BCCB586, firefox, 2018-04-10 09:44:39, contaminated
trace_3.2_fail, C0D651E7-B35A-55C9-41D4-02365F217F3F, firefox, 2018-04-10 09:44:39, contaminated
trace_3.2_fail, 6341781D-8429-63F4-1862-4AC07AA309FE, firefox, 2018-04-10 09:44:39, contaminated
trace_3.2_fail, 46279C3E-E3B3-8061-193F-69947334F85A, firefox, 2018-04-10 09:44:39, contaminated
trace_3.2_fail, 0A4B0E25-A82D-D5A6-32FB-94D18787218B, firefox, 2018-04-10 09:44:39, contaminated
trace_3.2_fail, BDEAE672-34A0-6320-FAC6-6BB981509B1A, firefox, 2018-04-10 09:44:39, contaminated
trace_3.2_fail, DAE4E5D8-D4E5-4890-6742-A357ADAE40CE, firefox, 2018-04-10 09:44:39, contaminated
trace_3.2_fail, 26AA6E2A-28D0-AE53-7649-4B11EE735163, firefox, 2018-04-10 09:44:39, contaminated
trace_3.2_fail, 7976B89C-ACE4-F614-0FC7-CF7BC95E1722, firefox, 2018-04-10 09:44:39, contaminated
trace_3.2_fail, 0252AB9F-657B-61F6-AC4D-CC6E623793C1, firefox, 2018-04-10 09:44:39, contaminated
trace_3.2_fail, C8B8D5C7-6EF9-E094-1BEC-882C786D538E, firefox, 2018-04-10 09:44:39, contaminated
trace_3.2_fail, 905FA181-71A4-C730-CDFF-FDB9202475CD, firefox, 2018-04-10 09:44:40, contaminated
trace_3.2_fail, 28D1EAED-B932-7ADD-CFB6-1C69915C283B, firefox, 2018-04-10 09:44:40, contaminated
trace_3.2_fail, BEE825B0-6A5B-1750-F62F-40CFFD61D5AC, firefox, 2018-04-10 09:44:40, contaminated
trace_3.2_fail, A3BE94F8-7B5D-29FF-A5F6-B1C37BC40637, firefox, 2018-04-10 09:44:40, contaminated
trace_3.2_fail, CD631362-1D96-FD64-03F2-1650554C248F, firefox, 2018-04-10 09:44:40, contaminated
trace_3.2_fail, 5710A382-868A-7FC0-2A81-7C6578203008, firefox, 2018-04-10 09:44:40, contaminated
trace_3.2_fail, 8C2FAF69-4575-4E42-6D2D-60B319953EC6, firefox, 2018-04-10 09:44:40, contaminated
trace_3.2_fail, 3C21CFCA-B2F3-F8D0-2EA2-D7EB183DE0E9, firefox, 2018-04-10 09:44:40, contaminated
trace_3.2_fail, 22566CBC-A854-8080-993D-00EE38124A53, firefox, 2018-04-10 09:44:40, contaminated
trace_3.2_fail, 457DB315-8D4C-7483-39C4-3B3631086938, firefox, 2018-04-10 09:44:40, contaminated
trace_3.2_fail, 9DC0BA8B-FCB1-07F6-67C2-E0569FB67CF0, firefox, 2018-04-10 09:44:40, contaminated
trace_3.2_fail, 07E1D95B-0944-5886-4129-D0BF5B683D67, firefox, 2018-04-10 09:44:40, contaminated
trace_3.2_fail, CB0368BE-84A2-9A7E-110E-B2DFDCAD76B9, firefox, 2018-04-10 09:44:40, contaminated
trace_3.2_fail, 50131882-BA01-C8CF-F2B9-3FBC7CDDA35F, firefox, 2018-04-10 09:44:40, contaminated
trace_3.2_fail, 89A13EFB-BF6B-958B-7B21-451E4C3A473C, firefox, 2018-04-10 09:44:40, contaminated
trace_3.2_fail, BAA57442-4FD5-19FA-2EBF-BAD4C5EC4BF3, firefox, 2018-04-10 09:44:40, contaminated
trace_3.2_fail, 692C31F2-145C-9041-452B-E9204BA77DDF, firefox, 2018-04-10 09:44:40, contaminated
trace_3.2_fail, 25019249-A4C3-A586-CE02-5C8FE790D21E, firefox, 2018-04-10 09:44:40, contaminated
trace_3.2_fail, 1E6D6A1F-2C58-0E72-1409-C3F0CB7B6FA4, firefox, 2018-04-10 09:44:40, contaminated
trace_3.2_fail, 82AF8953-F897-2900-C5E6-AE1E14E95F82, firefox, 2018-04-10 09:44:40, contaminated
trace_3.2_fail, 01A54BF3-946D-85DA-E554-FAF3EEA0D569, firefox, 2018-04-10 09:44:40, contaminated
trace_3.2_fail, 137A8C47-EB5A-28AF-2613-32E2F38F5B46, firefox, 2018-04-10 09:44:40, contaminated
trace_3.2_fail, 18D89221-D61E-629C-C9C3-C16F6A60097C, firefox, 2018-04-10 09:44:40, contaminated
trace_3.2_fail, 5A4C3550-DE67-A937-8E0F-D31D68A05B7E, firefox, 2018-04-10 09:44:40, contaminated
trace_3.2_fail, 06221C5E-85DA-EE9F-7681-8A4B2D1612B5, firefox, 2018-04-10 09:44:40, contaminated
trace_3.2_fail, 69F7982D-FC4F-E46E-CE44-2A69DE387D9B, firefox, 2018-04-10 09:44:40, contaminated
trace_3.2_fail, B24F4D72-B3EE-754F-33E1-67029D1AA4E5, firefox, 2018-04-10 09:44:40, contaminated
trace_3.2_fail, 5BA44D11-0A6E-84A8-D4F0-4C66CA27ABC5, firefox, 2018-04-10 09:44:40, contaminated
trace_3.2_fail, 7DACB12D-F615-6BB3-B2E7-BFACA8CBFD6E, firefox, 2018-04-10 09:44:40, contaminated
trace_3.2_fail, 970075C5-4227-A017-DB4E-0E7D22621727, firefox, 2018-04-10 09:44:40, contaminated
trace_3.2_fail, 0DF50B24-7E57-A74F-6F55-5B5AFE9772CD, firefox, 2018-04-10 09:44:40, contaminated
trace_3.2_fail, 65132797-B8C6-30D0-0DFD-29184BDE3685, firefox, 2018-04-10 09:44:40, contaminated
trace_3.2_fail, 5E82AFBC-1DB2-AEF0-1F02-0AB033368314, firefox, 2018-04-10 09:44:40, contaminated
trace_3.2_fail, 903D9237-4092-C913-2377-D99C4417516B, firefox, 2018-04-10 09:44:40, contaminated
trace_3.2_fail, 14EE02A4-2137-8A3E-882B-05B75581FF6B, firefox, 2018-04-10 09:44:40, contaminated
trace_3.2_fail, 7F617B5C-4774-F5AB-E417-4BD3D117C3EE, firefox, 2018-04-10 09:44:40, contaminated
trace_3.2_fail, 9769BD15-C38E-CBE7-359C-780ED4DFB11D, firefox, 2018-04-10 09:44:40, contaminated
trace_3.2_fail, 63D76A08-A580-847A-DFDB-BFC87EB690E6, firefox, 2018-04-10 09:44:40, contaminated
trace_3.2_fail, BDF8A7EC-973A-8B82-C6B6-0672904916F6, firefox, 2018-04-10 09:44:40, contaminated
trace_3.2_fail, 432DA868-E843-7500-6253-D081BEB5EDD2, firefox, 2018-04-10 09:44:40, contaminated
trace_3.2_fail, 42012A51-B392-AD58-E1C0-B08044FBB544, firefox, 2018-04-10 09:44:40, contaminated
trace_3.2_fail, 0E893E44-073D-F270-93ED-181F3CB09E08, firefox, 2018-04-10 09:44:40, contaminated
trace_3.2_fail, 1C8912ED-427B-B499-735D-D5B62A58112C, firefox, 2018-04-10 09:44:40, contaminated
trace_3.2_fail, B02F2937-B629-3C6A-89B6-7C91B859DDF5, firefox, 2018-04-10 09:44:40, contaminated
trace_3.2_fail, F9695F07-338F-275D-5868-45AD8349E339, firefox, 2018-04-10 09:44:40, contaminated
trace_3.2_fail, 45A3AB98-BDDD-F8C4-7148-EE9DB1255279, firefox, 2018-04-10 09:44:40, contaminated
trace_3.2_fail, 90A7F1EE-D42C-A62E-8A39-8045BC6AC04D, firefox, 2018-04-10 09:44:40, contaminated
trace_3.2_fail, 98825127-110B-3F54-DC95-E37698A6448D, firefox, 2018-04-10 09:44:40, contaminated
trace_3.2_fail, A02DD2C3-4E03-F5DF-E380-8BD04AEF52C9, firefox, 2018-04-10 09:44:40, contaminated
trace_3.2_fail, 6902FB8F-AF96-27A4-CAEA-CF5BFFC87C8C, firefox, 2018-04-10 09:44:40, contaminated
trace_3.2_fail, A68F82D0-C0FF-0871-8227-ABA417C8CF66, firefox, 2018-04-10 09:44:40, contaminated
trace_3.2_fail, 16203797-7FCD-B5CA-44E3-397C7A5F96D0, firefox, 2018-04-10 09:44:41, contaminated
trace_3.2_fail, D09D4571-D77F-0C63-8E22-B47574B7E1BC, firefox, 2018-04-10 09:44:41, contaminated
trace_3.2_fail, B4439041-FE36-B2EC-3A9E-752A231C9001, firefox, 2018-04-10 09:44:41, contaminated
trace_3.2_fail, F20CA6FA-3F83-8823-456B-E3E6AE914179, firefox, 2018-04-10 09:44:41, contaminated
trace_3.2_fail, 7E5ED2E8-130A-B48A-A9BD-F665EF220260, firefox, 2018-04-10 09:44:41, contaminated
trace_3.2_fail, 3981DDE5-0EFD-4436-98C3-B1D86A56BF67, firefox, 2018-04-10 09:44:41, contaminated
trace_3.2_fail, 87CDD67B-C035-B590-7282-68187DE4BC8E, firefox, 2018-04-10 09:44:41, contaminated
trace_3.2_fail, 795DBD89-422F-BD9F-B157-933EC84F75C4, firefox, 2018-04-10 09:44:41, contaminated
trace_3.2_fail, 80597CE0-5656-D101-EB39-D0C5438A3454, firefox, 2018-04-10 09:44:41, contaminated
trace_3.2_fail, 0FDB7B43-A893-6338-8531-90C3B123DA9E, firefox, 2018-04-10 09:44:41, contaminated
trace_3.2_fail, 257CB199-AD89-32CC-D02C-051E4E2CB30D, firefox, 2018-04-10 09:44:41, contaminated
trace_3.2_fail, 9A08B77C-465A-1689-691B-42D825D2D0F5, firefox, 2018-04-10 09:44:42, contaminated
trace_3.2_fail, 3BE83CA0-1EE7-98CB-0ECF-7860AAFB65F2, firefox, 2018-04-10 09:44:42, contaminated
trace_3.2_fail, 7B6E83BD-94D6-C2BB-12AA-732D02ADD425, firefox, 2018-04-10 09:44:42, contaminated
trace_3.2_fail, 7BB62ADA-CC3A-B714-1007-68BCF5283540, firefox, 2018-04-10 09:44:42, contaminated
trace_3.2_fail, D3F9D7F1-49DF-1605-A2BA-3E856408E9F4, firefox, 2018-04-10 09:44:42, contaminated
trace_3.2_fail, 726081B5-278E-D0E4-4F4F-04E52873C1DC, firefox, 2018-04-10 09:44:42, contaminated
trace_3.2_fail, D55665ED-4517-4628-D3B9-333BB68B5826, firefox, 2018-04-10 09:44:42, contaminated
trace_3.2_fail, 678C3421-62EA-8D78-9A9E-333C693798E7, firefox, 2018-04-10 09:44:42, contaminated
trace_3.2_fail, 702DF4AB-71C7-C84D-41CE-C28578806CCB, firefox, 2018-04-10 09:44:42, contaminated
trace_3.2_fail, E59E9339-AD77-3362-79EF-51A8C54157D0, firefox, 2018-04-10 09:44:42, contaminated
trace_3.2_fail, 5E9028E7-595A-A39B-5E4C-008478065B3F, firefox, 2018-04-10 09:44:42, contaminated
trace_3.2_fail, 8B1EB418-E7BD-0CA4-8894-00899D0764F2, firefox, 2018-04-10 09:44:42, contaminated
trace_3.2_fail, BF617ADC-E505-1207-3ED2-82A274E07172, firefox, 2018-04-10 09:44:42, contaminated
trace_3.2_fail, 29F03B8C-6340-9FB2-34B5-DF198E405B3D, firefox, 2018-04-10 09:44:42, contaminated
trace_3.2_fail, 10CE7E32-98F9-DF1E-7DBA-AB84A5764645, firefox, 2018-04-10 09:44:42, contaminated
trace_3.2_fail, 26CB2894-2BCA-DD2E-4747-DE1B5AEB992C, firefox, 2018-04-10 09:44:42, contaminated
trace_3.2_fail, CB9A2DAE-1B13-E16E-BB38-DDE33110B07D, firefox, 2018-04-10 09:44:42, contaminated
trace_3.2_fail, 64BE1090-1FE5-D3CB-5032-E692BC310DF0, firefox, 2018-04-10 09:44:42, contaminated
trace_3.2_fail, 46144BDA-436C-D7E6-2FED-1E791EAD21FE, firefox, 2018-04-10 09:44:42, contaminated
trace_3.2_fail, ED701FD9-8CE8-20B7-DDFE-3DF135EC1F3F, firefox, 2018-04-10 09:44:42, contaminated
trace_3.2_fail, A9205AA0-9D56-9041-C4F7-94EC02047477, firefox, 2018-04-10 09:44:42, contaminated
trace_3.2_fail, B9FF1450-B1D0-127A-FB25-9031028CC9BA, firefox, 2018-04-10 09:44:42, contaminated
trace_3.2_fail, 82FF71AA-3A07-DD45-5615-0FE087862D3E, firefox, 2018-04-10 09:44:42, contaminated
trace_3.2_fail, 96CA6F5B-00EC-3AD9-6FB5-C4D201FB3CEC, firefox, 2018-04-10 09:44:42, contaminated
trace_3.2_fail, 9DC3C28E-A4B2-55A5-8943-A21BAA4096B5, firefox, 2018-04-10 09:44:42, contaminated
trace_3.2_fail, 38A6DE15-A7F2-1DFD-0D75-EECB999C32EA, firefox, 2018-04-10 09:44:42, contaminated
trace_3.2_fail, D847CD10-8E7E-97B8-0092-7A9F5B248CB0, firefox, 2018-04-10 09:44:42, contaminated
trace_3.2_fail, BA0EF5EB-573E-3B6B-A3F3-3AA7FB9AB7A5, firefox, 2018-04-10 09:44:42, contaminated
trace_3.2_fail, 174436C5-180E-0C50-B298-A71A51889C0A, firefox, 2018-04-10 09:44:42, contaminated
trace_3.2_fail, 70B6C45B-2A37-CE56-6E5B-2C260377BAD2, firefox, 2018-04-10 09:44:42, contaminated
trace_3.2_fail, 35D107A5-83D4-D919-9A5B-BA6676AAF702, firefox, 2018-04-10 09:44:42, contaminated
trace_3.2_fail, 02585FF9-6D36-67C8-4C94-1280A50A649F, firefox, 2018-04-10 09:44:42, contaminated
trace_3.2_fail, 75B71EFC-ADA7-C7D7-B828-8FBAC46A16C7, firefox, 2018-04-10 09:44:42, contaminated
trace_3.2_fail, 39086354-A8FF-DE38-C1F1-25273EFD300D, firefox, 2018-04-10 09:44:42, contaminated
trace_3.2_fail, CB085B09-459E-C38F-A6E8-664E740D38F1, firefox, 2018-04-10 09:44:42, contaminated
trace_3.2_fail, 2B478925-3CB5-491D-A48B-0D584562BB82, firefox, 2018-04-10 09:44:42, contaminated
trace_3.2_fail, C6225D78-31BA-51E0-2DF9-4A40E5CCFD6D, firefox, 2018-04-10 09:44:42, contaminated
trace_3.2_fail, EF1585D7-7D6C-C18F-7093-E308D3D144E7, firefox, 2018-04-10 09:44:42, contaminated
trace_3.2_fail, A10DEFC0-77C4-5066-A1D9-794FC69BE4E9, firefox, 2018-04-10 09:44:42, contaminated
trace_3.2_fail, 108E135D-5A39-E677-9557-F1A9EC353B94, firefox, 2018-04-10 09:44:42, contaminated
trace_3.2_fail, 286B2458-F74A-1414-23CE-098E234CE5B6, firefox, 2018-04-10 09:44:42, contaminated
trace_3.2_fail, 1949F08A-BE9E-84BB-C4BD-7E253C367F59, firefox, 2018-04-10 09:44:42, contaminated
trace_3.2_fail, 941060FD-7EE5-9085-C551-131C8CCB0301, firefox, 2018-04-10 09:44:42, contaminated
trace_3.2_fail, 321DF4E5-9D6A-E02D-6FC9-9019897FB717, firefox, 2018-04-10 09:44:42, contaminated
trace_3.2_fail, 14F75C1D-150C-C39D-5424-1D357C1E4E4F, firefox, 2018-04-10 09:44:42, contaminated
trace_3.2_fail, FB05E71B-0A4A-C7A3-A7E5-24BDE4DF8D68, firefox, 2018-04-10 09:44:42, contaminated
trace_3.2_fail, F02AC073-78B9-8FDB-464C-A81090831586, firefox, 2018-04-10 09:44:42, contaminated
trace_3.2_fail, D029C018-A7B5-92B7-4AA7-C3B3C7B23888, firefox, 2018-04-10 09:44:42, contaminated
trace_3.2_fail, 7E1E5A6A-9D4C-5B62-6A52-DF9468A0F7D1, firefox, 2018-04-10 09:44:42, contaminated
trace_3.2_fail, A2C9DD7F-3614-F12C-B4AC-8A8665FCDCCA, firefox, 2018-04-10 09:44:42, contaminated
trace_3.2_fail, 38954EFC-E74F-264B-A498-EA64FB2EC7D9, firefox, 2018-04-10 09:44:42, contaminated
trace_3.2_fail, 2E69541A-FD3B-FDBF-6238-F9666DE8FBC5, firefox, 2018-04-10 09:44:42, contaminated
trace_3.2_fail, 6F7A3C62-C7E8-E05D-9696-3FC95661EEC9, firefox, 2018-04-10 09:44:42, contaminated
trace_3.2_fail, B97EEFD3-D37B-B13B-41CD-9D663776621E, firefox, 2018-04-10 09:44:42, contaminated
trace_3.2_fail, 7D324E74-5DE9-CE7F-BD29-F0D5C070482C, firefox, 2018-04-10 09:44:42, contaminated
trace_3.2_fail, F64D02E6-F9A3-B44F-3007-C0614DDA3C27, firefox, 2018-04-10 09:44:42, contaminated
trace_3.2_fail, 9896991F-C585-4022-3A53-F5B0FE43B294, firefox, 2018-04-10 09:44:42, contaminated
trace_3.2_fail, B9E8343B-34BC-3ACA-965A-B6C1D10325DA, firefox, 2018-04-10 09:44:42, contaminated
trace_3.2_fail, 2EB5EF98-24A2-402D-D052-83B3B24D73FE, firefox, 2018-04-10 09:44:42, contaminated
trace_3.2_fail, B9A32CD6-DA27-4D6B-D8D5-CCCE06503A7E, firefox, 2018-04-10 09:44:42, contaminated
trace_3.2_fail, 7B8CCF2B-F1C3-D74F-692F-4F73580FD93F, firefox, 2018-04-10 09:44:42, contaminated
trace_3.2_fail, 55686A2F-0642-D945-806F-D4F33861A951, firefox, 2018-04-10 09:44:42, contaminated
trace_3.2_fail, A3D25251-4046-E632-413A-94E4522ECFCE, firefox, 2018-04-10 09:44:43, contaminated
trace_3.2_fail, EC18468F-ECD5-54A1-207A-4A6A3C7C5438, firefox, 2018-04-10 09:44:43, contaminated
trace_3.2_fail, 4B3E18CE-A59A-41FB-4797-1EB8E58E0750, firefox, 2018-04-10 09:44:43, contaminated
trace_3.2_fail, 18D73075-52F0-4E33-3025-C3F9FAB75224, firefox, 2018-04-10 09:44:43, contaminated
trace_3.2_fail, A3817822-5425-FAEC-9A0F-5557D170CFA6, firefox, 2018-04-10 09:44:43, contaminated
trace_3.2_fail, CD47F36D-FA07-CBAF-FA50-C18E744C20C2, firefox, 2018-04-10 09:44:43, contaminated
trace_3.2_fail, BE0A7D04-F36B-DA66-897F-7C1E4400C912, firefox, 2018-04-10 09:44:43, contaminated
trace_3.2_fail, B04B60B8-FCB1-67F8-1079-D682C1D49D46, firefox, 2018-04-10 09:44:43, contaminated
trace_3.2_fail, F3F9E9B2-994C-949C-965D-B76570054FD8, firefox, 2018-04-10 09:44:43, contaminated
trace_3.2_fail, 7B744EDE-7B0E-FD8B-0934-2257505610A0, firefox, 2018-04-10 09:44:43, contaminated
trace_3.2_fail, 2FA051BF-3427-429C-90D3-D9F21D64AD94, firefox, 2018-04-10 09:44:43, contaminated
trace_3.2_fail, 7ECFAD99-47DD-89A9-D7BB-A649D42FD795, firefox, 2018-04-10 09:44:43, contaminated
trace_3.2_fail, CB621DAE-25AD-9737-6E55-5DD934443E79, firefox, 2018-04-10 09:44:43, contaminated
trace_3.2_fail, A4E9A263-A387-D843-1F7E-5A06A4FC9A0A, firefox, 2018-04-10 09:44:43, contaminated
trace_3.2_fail, 247FE281-D2D2-B49A-15D4-A6AFDEA9C9AA, firefox, 2018-04-10 09:44:43, contaminated
trace_3.2_fail, 083C1639-E700-2BA5-44F8-519BAE1AEF6D, firefox, 2018-04-10 09:44:43, contaminated
trace_3.2_fail, 28C0CBDF-51FD-A32A-7184-B97737E065A5, firefox, 2018-04-10 09:44:43, contaminated
trace_3.2_fail, 9DDF79C0-348A-7B57-F8FA-9529A061D01B, firefox, 2018-04-10 09:44:43, contaminated
trace_3.2_fail, 037E31E9-06C3-0A55-5019-7EA82EB37A92, firefox, 2018-04-10 09:44:43, contaminated
trace_3.2_fail, 82C34AF1-4CDC-A61F-E0BB-191B450339BF, firefox, 2018-04-10 09:44:43, contaminated
trace_3.2_fail, 71D63540-2C22-50C9-81D1-FFD10C4156B2, firefox, 2018-04-10 09:44:43, contaminated
trace_3.2_fail, 84C95777-BC01-0B27-68DA-964CFFF3C973, firefox, 2018-04-10 09:44:43, contaminated
trace_3.2_fail, 5C4EEA9A-035D-0846-959E-D645DEFA51FE, firefox, 2018-04-10 09:44:43, contaminated
trace_3.2_fail, 9EAB387B-D3E8-1357-9875-7A0A80CA3553, firefox, 2018-04-10 09:44:43, contaminated
trace_3.2_fail, 49173E03-B2EB-DDFE-7A02-23A81365E179, firefox, 2018-04-10 09:44:43, contaminated
trace_3.2_fail, 1FEB6CEB-7439-04D3-BAE8-B2C7A0B84FED, firefox, 2018-04-10 09:44:43, contaminated
trace_3.2_fail, 4B4D966C-3880-3565-DA29-EAF04FA3215F, firefox, 2018-04-10 09:44:43, contaminated
trace_3.2_fail, F77BFB96-3C0F-7F88-81FD-F3C5F6A98F4F, firefox, 2018-04-10 09:44:43, contaminated
trace_3.2_fail, AF640B64-58A3-0ECB-767D-C231EC779C54, firefox, 2018-04-10 09:44:43, contaminated
trace_3.2_fail, 32AF1FFA-4698-B594-DF42-B1D4F0C8D624, firefox, 2018-04-10 09:44:43, contaminated
trace_3.2_fail, FA311662-9D94-8A02-8620-9BA894E452F8, firefox, 2018-04-10 09:44:43, contaminated
trace_3.2_fail, E067E9C1-BD98-5987-9F00-DA1E173FC871, firefox, 2018-04-10 09:44:43, contaminated
trace_3.2_fail, 00173B4C-3ECC-3149-DF87-2A5B3BCED737, firefox, 2018-04-10 09:44:43, contaminated
trace_3.2_fail, 9BBA4E83-6CF6-0540-97D9-6B2AEEA5C5E9, firefox, 2018-04-10 09:44:43, contaminated
trace_3.2_fail, 3E8F7208-A532-11EC-E4BE-6BB5D17981BD, firefox, 2018-04-10 09:44:43, contaminated
trace_3.2_fail, D7D8F4AF-1535-8359-66A2-D6AAAF14D2C0, firefox, 2018-04-10 09:44:43, contaminated
trace_3.2_fail, 8CBE3335-DA01-D26B-FFC6-916BC282F56C, firefox, 2018-04-10 09:44:43, contaminated
trace_3.2_fail, 96AF0F63-E20F-67A9-2787-155702DA31B4, firefox, 2018-04-10 09:44:43, contaminated
trace_3.2_fail, AC6C2F0E-74D8-70DE-0496-3091D90D6E48, firefox, 2018-04-10 09:44:43, contaminated
trace_3.2_fail, FB16D209-2CC5-18FC-697C-D15D00D2974A, firefox, 2018-04-10 09:44:43, contaminated
trace_3.2_fail, 961DA8A4-F58E-B5F8-8793-4176ACB6DDF2, firefox, 2018-04-10 09:44:43, contaminated
trace_3.2_fail, 1A06DE4C-25F3-2C32-3B87-6E3D9BCE6150, firefox, 2018-04-10 09:44:43, contaminated
trace_3.2_fail, 02199B6A-5897-256E-02C1-C0C2A464ECA2, firefox, 2018-04-10 09:44:43, contaminated
trace_3.2_fail, F634985A-DF1C-8FAC-06AF-77D80B7F74B4, firefox, 2018-04-10 09:44:43, contaminated
trace_3.2_fail, 99C1E6EC-B335-3FE5-4A6B-48B48F8E9EF9, firefox, 2018-04-10 09:44:43, contaminated
trace_3.2_fail, 71842A2A-7D5D-09EE-56F9-B626582FDD81, firefox, 2018-04-10 09:44:43, contaminated
trace_3.2_fail, 69C06DA6-26E7-C166-60E2-D016E83F74BF, firefox, 2018-04-10 09:44:43, contaminated
trace_3.2_fail, 679FC017-0EDB-7496-5000-ACAF383E8304, firefox, 2018-04-10 09:44:43, contaminated
trace_3.2_fail, 61B63DFC-6529-4149-EDA2-794EF55D6361, firefox, 2018-04-10 09:44:43, contaminated
trace_3.2_fail, 483967FB-3404-729D-B266-4DC93B098B78, firefox, 2018-04-10 09:44:43, contaminated
trace_3.2_fail, B627CE79-4675-59DE-DB7F-75490D05A88C, firefox, 2018-04-10 09:44:43, contaminated
trace_3.2_fail, 5CDE2125-B3EE-F650-F6BF-9B678AAC4730, firefox, 2018-04-10 09:44:43, contaminated
trace_3.2_fail, 4F4A6A83-1E07-2B1F-4518-EB9C2D99220E, firefox, 2018-04-10 09:44:43, contaminated
trace_3.2_fail, 4F2A382B-1D18-4365-9B5B-8EF76770BCB3, firefox, 2018-04-10 09:44:43, contaminated
trace_3.2_fail, 49D60F2A-BEC8-7A96-D018-E404FCBD770F, firefox, 2018-04-10 09:44:43, contaminated
trace_3.2_fail, 57AB68B2-FAEE-0F61-C325-0E711B733DB5, firefox, 2018-04-10 09:44:43, contaminated
trace_3.2_fail, 8DE767C6-875A-7E78-9240-35631C1D8DA3, firefox, 2018-04-10 09:44:43, contaminated
trace_3.2_fail, 295D3458-E626-A896-D3EA-4E9674FA8274, firefox, 2018-04-10 09:44:43, contaminated
trace_3.2_fail, 5C53A80F-E887-A3C0-04FF-DCFDFA4DB9E6, firefox, 2018-04-10 09:44:43, contaminated
trace_3.2_fail, 3AFC9A12-4523-8FA4-FE7F-C9E50F46F8E6, firefox, 2018-04-10 09:44:43, contaminated
trace_3.2_fail, AAEE37DD-116D-04FD-D554-CD94B2E20C39, firefox, 2018-04-10 09:44:43, contaminated
trace_3.2_fail, E99A1192-72E8-66A0-E5B2-F00991EE70F4, firefox, 2018-04-10 09:44:43, contaminated
trace_3.2_fail, 9B86F936-6173-3201-2783-8C9626036343, firefox, 2018-04-10 09:44:43, contaminated
trace_3.2_fail, A1AAC259-63E3-661A-0121-A9DBC2D144D4, firefox, 2018-04-10 09:44:43, contaminated
trace_3.2_fail, E1567F3A-3B8A-031C-6759-5B45A25DB87B, firefox, 2018-04-10 09:44:43, contaminated
trace_3.2_fail, C7FA3743-C3DD-A326-636C-2ACF4CC6E0FD, firefox, 2018-04-10 09:44:43, contaminated
trace_3.2_fail, 0BD5FF4D-D023-D7AB-0930-082A5DB17845, firefox, 2018-04-10 09:44:43, contaminated
trace_3.2_fail, 9C3E0D03-A602-7B39-38F7-2BF450A55038, firefox, 2018-04-10 09:44:43, contaminated
trace_3.2_fail, 3EA2137E-E43F-5B5C-6C0B-94859C66C1C2, firefox, 2018-04-10 09:44:43, contaminated
trace_3.2_fail, 44F6F287-50A0-5F2E-3C09-7D1F756823DF, firefox, 2018-04-10 09:44:43, contaminated
trace_3.2_fail, 5E1CD8BB-04BC-2B46-8813-B380431A512F, firefox, 2018-04-10 09:44:43, contaminated
trace_3.2_fail, E1AF0488-5443-4136-35BB-A6F156474341, firefox, 2018-04-10 09:44:43, contaminated
trace_3.2_fail, 03013586-C34A-420E-A040-0A0819F6BA1E, firefox, 2018-04-10 09:44:43, contaminated
trace_3.2_fail, 36D40B8D-7865-898C-4D40-999BA9CEFF57, firefox, 2018-04-10 09:44:43, contaminated
trace_3.2_fail, 982C86B7-D0B4-7200-8F8A-86A19620CC0E, firefox, 2018-04-10 09:44:43, contaminated
trace_3.2_fail, 7EAB589A-7093-B52B-255B-5E41920AD37A, firefox, 2018-04-10 09:44:43, contaminated
trace_3.2_fail, C8341E83-96C8-7B64-7FD4-F492BF8E794E, firefox, 2018-04-10 09:44:43, contaminated
trace_3.2_fail, B29982BA-06C8-993D-B8B6-72787ABA848E, firefox, 2018-04-10 09:44:43, contaminated
trace_3.2_fail, 7A3FEAFC-0698-5A3A-E2EF-24AB9085D4E3, firefox, 2018-04-10 09:44:43, contaminated
trace_3.2_fail, 01363FA9-ECDF-5096-5647-2E68BF420784, firefox, 2018-04-10 09:44:43, contaminated
trace_3.2_fail, F6700C3B-9E26-5325-BFB3-7AF70B166504, firefox, 2018-04-10 09:44:43, contaminated
trace_3.2_fail, 8076EC70-AAB7-EB4F-8877-2FA5F06DF852, firefox, 2018-04-10 09:44:43, contaminated
trace_3.2_fail, 04A3986A-29E9-AB39-5D2F-7CE748485D20, firefox, 2018-04-10 09:44:43, contaminated
trace_3.2_fail, A8E19DC8-CA0C-105F-555C-18938D69107E, firefox, 2018-04-10 09:44:43, contaminated
trace_3.2_fail, D4A8A014-CC3B-091A-A7F9-947859965181, firefox, 2018-04-10 09:44:43, contaminated
trace_3.2_fail, 2EBCB2C8-00B4-C33A-525D-74A0259D73E3, firefox, 2018-04-10 09:44:43, contaminated
trace_3.2_fail, 6C9741E5-6128-7D08-6D43-BC21E6A3098C, firefox, 2018-04-10 09:44:43, contaminated
trace_3.2_fail, 920D07CD-1BBB-AE2B-69F5-C8529127BAD8, firefox, 2018-04-10 09:44:43, contaminated
trace_3.2_fail, E57BFE63-6607-FF68-4175-FF1353BDC7AB, firefox, 2018-04-10 09:44:43, contaminated
trace_3.2_fail, BFAC27E7-812C-45E9-EBDE-600F128BA376, firefox, 2018-04-10 09:44:43, contaminated
trace_3.2_fail, 6DC2BEE6-3591-AECE-2843-6AB3D24564BA, firefox, 2018-04-10 09:44:43, contaminated
trace_3.2_fail, C9877734-4AB0-FF7B-6094-8AF34B0010E9, firefox, 2018-04-10 09:44:43, contaminated
trace_3.2_fail, 2F871FCF-8EF6-9DD8-5309-A44B86DB7709, firefox, 2018-04-10 09:44:43, contaminated
trace_3.2_fail, 33F71B9D-8D5D-8AC8-2400-5B9DC10B7BC3, firefox, 2018-04-10 09:44:43, contaminated
trace_3.2_fail, 6C452D22-8A39-6DE3-6906-B5A03E89476B, firefox, 2018-04-10 09:44:43, contaminated
trace_3.2_fail, E8EA4947-C99A-EF6D-6246-8AB23B9D3F4D, firefox, 2018-04-10 09:44:43, contaminated
trace_3.2_fail, 5CCDDA4C-55BC-2844-C61F-CCBE3E167149, firefox, 2018-04-10 09:44:43, contaminated
trace_3.2_fail, 8CE2528C-613F-D34D-3CD8-771AE2C8DEC8, firefox, 2018-04-10 09:44:43, contaminated
trace_3.2_fail, 1979A327-AE22-521B-5028-023BFFAE0026, firefox, 2018-04-10 09:44:43, contaminated
trace_3.2_fail, 492A2763-3BD6-F956-98B3-3FC2CF45C39A, firefox, 2018-04-10 09:44:43, contaminated
trace_3.2_fail, E6677B06-992E-406D-C956-9AA0B71F936F, firefox, 2018-04-10 09:44:43, contaminated
trace_3.2_fail, CA805AE4-0516-61F0-3FAF-79EFBD7C7C27, firefox, 2018-04-10 09:44:43, contaminated
trace_3.2_fail, 60C97150-19E7-6A6F-D235-FFAFEB3572FA, firefox, 2018-04-10 09:44:44, contaminated
trace_3.2_fail, 07C0807F-8B1A-E055-D4B2-C2231DFAFEDC, firefox, 2018-04-10 09:44:44, contaminated
trace_3.2_success, 71AEEF22-B2DA-C65F-45EB-0061D979CFFC, cache, 2018-04-10 09:52:08, attack
trace_3.2_success, 0E6F9F44-0661-7C94-E2C8-DD96E19DAAE1, cache, 2018-04-10 09:52:41, attack
trace_3.2_success, EB94C339-00F8-52DA-A5E2-4853542F696D, cache, 2018-04-10 09:53:45, attack
trace_3.2_success, 412DA113-FC0D-C646-9A67-DC60DF8382A5, cache, 2018-04-10 09:53:48, attack
trace_3.2_success, D32E94B3-DFE5-1146-0D17-84858EECD144, cache, 2018-04-10 09:53:51, attack
trace_3.2_success, DB370E70-0C24-B72A-59BC-175819479688, cache, 2018-04-10 09:54:04, attack
trace_3.2_success, 966BC896-5EAE-A0CB-ACE4-625BAA5BDF19, cache, 2018-04-10 09:54:08, attack
trace_3.2_success, 558F2106-74BE-D611-1E6A-B4968DE32605, cache, 2018-04-10 09:54:09, attack
trace_3.2_success, BDB0BB66-73A3-7D70-F357-68AE10760461, cache, 2018-04-10 09:54:10, attack
trace_3.2_success, E0466B29-83E5-1AAE-71BD-CFE146134699, cache, 2018-04-10 09:54:17, attack
trace_3.2_success, A4518F74-2041-8629-4231-0BB6599CB8C1, cache, 2018-04-10 09:54:19, attack
trace_3.2_success, 2C2F308F-A1EA-3A1E-8310-9B86DD6B4C3D, cache, 2018-04-10 09:54:48, attack
trace_3.2_success, 6B4C65D7-D8A6-FCBC-A459-8EB1D385F258, cache, 2018-04-10 09:55:52, attack
trace_3.2_success, A5ED5544-1D01-44B3-BF96-F23AF996C048, cache, 2018-04-10 09:55:54, attack
trace_3.2_success, BA287200-E2C4-7810-20AD-C62C31D47C86, cache, 2018-04-10 09:56:03, attack
trace_3.2_success, 38C513B3-76E1-816C-2D51-3463E50DE350, cache, 2018-04-10 09:56:05, attack
trace_3.2_success, 8DA74F54-FCCE-7918-2521-9E1C035BFA6C, cache, 2018-04-10 09:56:08, attack
trace_3.2_success, 06DAC83B-9EB0-AF7C-605B-B8ED0CF3BAFC, cache, 2018-04-10 09:56:09, attack
trace_3.2_success, 3862B824-0663-540C-AF39-A81D313B775E, cache, 2018-04-10 09:56:12, attack
trace_3.2_success, 10784D6F-9488-617D-3620-E0A5DE4C8CE3, cache, 2018-04-10 09:56:13, attack
trace_3.2_success, 29EE2F46-E748-B53C-58D6-1B966F2A082F, cache, 2018-04-10 10:01:17, attack
trace_3.2_success, C1836573-D076-FA7F-4C3A-D9FADE0080A8, cache, 2018-04-10 10:01:19, attack
trace_3.2_success, 7699569E-4EBC-9713-F6ED-FD17437A3DC8, cache, 2018-04-10 10:01:20, attack
trace_3.2_success, 08496441-24B3-5762-FFAA-98D48947DA90, cache, 2018-04-10 10:02:16, attack
trace_3.2_success, EC21D95B-C4E8-BE31-3340-F416DDC92FB9, cache, 2018-04-10 10:02:24, attack
trace_3.2_success, 03822A86-24A6-63E8-EE72-9098FF92ECE8, cache, 2018-04-10 10:02:25, attack
trace_3.2_success, 44501711-A061-6D5C-5692-42A504D224A2, cache, 2018-04-10 10:02:30, attack
trace_3.2_success, BE515765-C97D-963B-8A26-21DD47F201D1, cache, 2018-04-10 10:02:37, attack
trace_3.2_success, 44B65DD0-A8E2-AD59-1029-9393BCF1BCA6, cache, 2018-04-10 10:03:12, attack
trace_3.2_success, 20FBC3E0-F92A-CD31-E0CF-43C3F6218A0E, cache, 2018-04-10 10:03:13, attack
trace_3.2_success, F37CD801-A274-3CD3-CD68-057D7401AFB9, cache, 2018-04-10 10:03:22, attack
trace_3.2_success, FACCF5D9-C8C6-2062-F83E-6552B2EC62AB, cache, 2018-04-10 10:03:23, attack
trace_3.2_success, 3F219B10-7061-52B2-268B-57DD0B8CB798, cache, 2018-04-10 10:03:26, attack
trace_3.2_success, 3C5DD340-63F7-6317-87C4-13854ED8C5DD, cache, 2018-04-10 10:07:35, attack
trace_3.2_success, 1E52051B-1716-8E57-1150-418EB54D4C59, cache, 2018-04-10 10:07:36, attack
trace_3.2_success, F85DD396-C3A1-8055-4872-930F80AB41FA, cache, 2018-04-10 10:09:18, attack
trace_3.2_success, 90318834-0C3E-758C-F860-A2170265738E, cache, 2018-04-10 10:09:20, attack
trace_3.12_fail, 1A944DEC-165B-DFC5-A31C-A8CD324D282F, pass_mgr, 2018-04-12 12:36:42, contaminated
trace_3.12_fail, 3A9EE9F3-D831-1B87-406C-CF3D090DEC25, DOM Worker, 2018-04-12 12:36:42, contaminated
trace_3.15_success, 089453EC-B972-29D0-674C-693436049C3F, pass_mgr, 2018-04-13 11:43:01, attack
trace_3.15_success, 4F5FDF12-BB9A-5C25-3E46-DC7924DFC2C2, unknown_proc_1652, 2018-04-13 11:43:01, attack
trace_3.15_success, 705D6E65-B033-704F-6A9D-F6647F9CD591, pass_mgr, 2018-04-13 11:43:01, attack
trace_3.15_success, 9BB67053-D314-FB61-8D0C-4A9A83E8ADE9, sh, 2018-04-13 11:43:01, attack
trace_3.15_success, CD4C4DA1-8D4E-C88A-5CFD-F383184F6198, sh, 2018-04-13 11:43:01, attack
trace_3.15_success, 30983A34-037A-C217-BF7D-C0000EF19BC4, sh, 2018-04-13 11:43:01, attack
trace_3.15_success, 1F52B45B-9618-A060-215D-7BD61ECCAE05, gtcache, 2018-04-13 11:43:01, attack
trace_3.15_success, 86950003-CA03-28EC-BA13-1BA5A1002913, gtcache, 2018-04-13 11:43:01, attack
trace_3.15_success, F9703BC5-7126-B471-87CE-05B3EEA0E7F6, gtcache, 2018-04-13 11:43:47, attack
trace_3.15_success, 860CCDDF-61D7-8F39-6B1F-EFD1E46CFE8E, gtcache, 2018-04-13 11:43:47, attack
trace_3.15_success, 028E38DF-7ADE-4650-A5C8-677B92E57414, gtcache, 2018-04-13 11:43:49, attack
trace_3.15_success, 2959B3CC-6E53-D1F4-C9FF-307F6DDD233E, gtcache, 2018-04-13 11:43:51, attack
trace_3.15_success, 357FF3ED-6BB1-E6BB-AEF6-17BD5E5132CF, gtcache, 2018-04-13 11:45:50, attack
trace_3.15_success, 352D0337-265F-FA15-B86D-E708F3798C9A, gtcache, 2018-04-13 11:45:53, attack
trace_3.15_success, 203B59A6-93AB-FDE1-B7DD-E716FE817DC9, gtcache, 2018-04-13 11:45:56, attack
trace_3.15_success, 3D0AC399-3EDD-F62B-4DE6-D57B54977472, gtcache, 2018-04-13 11:45:58, attack
trace_3.15_success, 59169A99-4C73-E5E0-1E25-DB232BA80F32, gtcache, 2018-04-13 11:46:08, attack
trace_3.15_success, 55ABE49C-183C-95FB-D2B8-001488B02048, gtcache, 2018-04-13 11:46:35, attack
trace_3.15_success, C4EE2BAE-5C6F-B80E-5FEC-18842DF7039C, gtcache, 2018-04-13 11:47:46, attack
trace_3.15_success, B5488FE1-041D-E949-3CE3-CACFB014B74D, gtcache, 2018-04-13 11:47:46, attack
trace_3.15_success, D64910E4-454E-156D-BF13-BC7AD66F7A6A, ztmp, 2018-04-13 11:47:46, attack
trace_3.15_success, 9736A2A7-D8A8-498F-A633-743D7AEAAEDF, ztmp, 2018-04-13 11:47:46, attack
trace_3.15_success, 66C31C14-7518-0945-62A9-A7BE2735B99A, uname, 2018-04-13 11:47:46, attack
trace_3.15_success, 64CAD5CA-849D-BE05-6CFB-2FF0F42B42BB, ztmp, 2018-04-13 11:48:14, attack
trace_3.15_success, 3EB03066-F035-57AD-5310-105C5004A50C, uname, 2018-04-13 11:48:14, attack
trace_3.15_success, B5BFFDD5-5369-4934-A760-AC451D7F6D90, gtcache, 2018-04-13 11:50:45, attack
trace_3.15_success, 33DC207A-F420-829C-2CC4-8E93B726FC98, gtcache, 2018-04-13 11:50:50, attack
trace_3.15_success, 1A7E201D-B4A7-9EF1-A677-95E14B3BAC18, gtcache, 2018-04-13 11:50:53, attack
trace_3.15_success, 81DC162B-C6A1-4B58-B49D-66FBFFEDAA0A, gtcache, 2018-04-13 11:52:02, attack
trace_3.15_success, 05509D74-9FA3-04F0-17A9-1592710E5BE3, gtcache, 2018-04-13 11:52:05, attack
trace_3.15_success, 155EEBA9-7294-B6FA-2508-B72F8F241563, gtcache, 2018-04-13 11:52:07, attack
trace_3.15_success, 0FF5DF2A-E05C-B9A9-9B23-743B9A576EE3, gtcache, 2018-04-13 11:52:13, attack
trace_3.15_success, 80990F6D-6BF1-2401-838C-6AC4AB14929F, gtcache, 2018-04-13 11:52:14, attack
trace_3.15_success, 710BA5CF-C679-26E9-6903-CF6F0DAB725E, gtcache, 2018-04-13 11:52:14, attack
trace_3.15_success, 64AD1A30-C115-00E3-4C45-BA3E222EE607, gtcache, 2018-04-13 11:52:14, attack
trace_3.15_success, F438439C-0957-62AC-E725-4DA8412A0661, gtcache, 2018-04-13 11:52:14, attack
trace_3.15_success, D6F0140B-0FF3-0C40-78EF-AD08D24EEBFB, gtcache, 2018-04-13 11:52:15, attack
trace_3.15_success, 5EF269CB-110A-0B72-AD4D-1C39FF475DA8, gtcache, 2018-04-13 11:52:15, attack
trace_3.15_success, 16D3216C-E8C2-2278-27B7-1587065C5549, gtcache, 2018-04-13 11:52:57, attack
trace_3.15_success, 3899B223-5DD7-9F20-1251-67CE2AE715A6, gtcache, 2018-04-13 11:52:57, attack
trace_4.9_manual_tcexec_fail, 2FEB0B5C-2809-85B8-A0F5-9AF823C6BD98, bash, 2018-04-13 13:01:39, contaminated
trace_4.9_manual_tcexec_fail, 3D65AC5A-B451-D9D8-DB0C-52ADA4E08B87, unknown_proc_500, 2018-04-13 13:02:51, contaminated
trace_4.9_manual_tcexec_fail, E49DCE89-EFBD-E9BA-5A28-7070549D31F0, tcexec, 2018-04-13 13:02:51, contaminated
trace_4.9_pine_tcexec_success, ECB97D8D-649C-9FF1-D5FF-F4B39229C1F0, pine, 2018-04-13 13:19:54, attack
trace_4.9_pine_tcexec_success, E0B0EC6B-4627-6502-E7B1-9184046C08C9, unknown_proc_514, 2018-04-13 13:20:18, attack
trace_4.9_pine_tcexec_success, 0BF26B23-2DE5-B70A-45F7-64BE377293F3, tcexec, 2018-04-13 13:20:18, attack
trace_4.9_pine_tcexec_success, 3C4B73D5-880C-3645-55D3-B6AFA0C35F49, tcexec, 2018-04-13 13:20:18, attack
trace_4.9_pine_tcexec_success, F6EDCC74-6A62-8AB2-FF4E-34F13228EE02, uname, 2018-04-13 13:20:18, attack
trace_4.9_pine_tcexec_success, C269D14F-E2A2-5AB2-A1C1-443716876B4B, tcexec, 2018-04-13 13:25:52, attack
trace_4.9_pine_tcexec_success, D4E126FC-0499-29C7-E2A0-98ACD7FB85C5, sh, 2018-04-13 13:25:52, attack
trace_4.9_pine_tcexec_success, F32E2E70-B511-6B58-881F-5803FC5C5FF2, tcexec, 2018-04-13 13:26:22, attack
trace_4.9_pine_tcexec_success, 4AC89FA3-62CD-7E4C-302A-146142F1A3F4, uname, 2018-04-13 13:26:22, attack
